ISO-10303-21;
HEADER;
FILE_DESCRIPTION (( 'STEP AP214' ),
    '1' );
FILE_NAME ('TOLL.STEP',
    '2020-12-15T07:25:12',
    ( '' ),
    ( '' ),
    'SwSTEP 2.0',
    'SolidWorks 2015',
    '' );
FILE_SCHEMA (( 'AUTOMOTIVE_DESIGN' ));
ENDSEC;

DATA;
#1 = ADVANCED_FACE ( 'NONE', ( #4154 ), #918, .F. ) ;
#2 = ORIENTED_EDGE ( 'NONE', *, *, #928, .T. ) ;
#3 = DIRECTION ( 'NONE',  ( 0.0000000000000000000, 0.0000000000000000000, -1.000000000000000000 ) ) ;
#4 = ORIENTED_EDGE ( 'NONE', *, *, #4209, .T. ) ;
#5 = DIRECTION ( 'NONE',  ( -1.000000000000000000, -0.0000000000000000000, 0.0000000000000000000 ) ) ;
#6 = EDGE_CURVE ( 'NONE', #357, #855, #822, .T. ) ;
#7 = DIRECTION ( 'NONE',  ( 8.356086107788088100E-017, -1.000000000000000000, 0.0000000000000000000 ) ) ;
#8 = VECTOR ( 'NONE', #2606, 1000.000000000000000 ) ;
#9 = VERTEX_POINT ( 'NONE', #1024 ) ;
#10 = VECTOR ( 'NONE', #4424, 1000.000000000000000 ) ;
#11 = AXIS2_PLACEMENT_3D ( 'NONE', #426, #481, #473 ) ;
#12 = DIRECTION ( 'NONE',  ( 1.000000000000000000, 0.0000000000000000000, 0.0000000000000000000 ) ) ;
#13 = PLANE ( 'NONE',  #1714 ) ;
#14 = FILL_AREA_STYLE ('',( #3358 ) ) ;
#15 = CARTESIAN_POINT ( 'NONE',  ( -4.450000000000001100, 1.989999999999999100, 0.5000000000000000000 ) ) ;
#16 = VECTOR ( 'NONE', #3992, 1000.000000000000000 ) ;
#17 = CARTESIAN_POINT ( 'NONE',  ( -1.400000000000001000, -5.146255668237032000, 0.5000000000000000000 ) ) ;
#18 = CARTESIAN_POINT ( 'NONE',  ( 0.0000000000000000000, 0.0000000000000000000, 0.5000000000000000000 ) ) ;
#19 = ORIENTED_EDGE ( 'NONE', *, *, #4754, .T. ) ;
#20 = VECTOR ( 'NONE', #1299, 1000.000000000000000 ) ;
#21 = EDGE_CURVE ( 'NONE', #2739, #1328, #65, .T. ) ;
#22 = FACE_OUTER_BOUND ( 'NONE', #1909, .T. ) ;
#23 = ORIENTED_EDGE ( 'NONE', *, *, #3252, .T. ) ;
#24 = CARTESIAN_POINT ( 'NONE',  ( -4.429999999999999700, -5.790000000000045300, 0.1000000000000000100 ) ) ;
#25 = STYLED_ITEM ( 'NONE', ( #3004 ), #3997 ) ;
#26 = ORIENTED_EDGE ( 'NONE', *, *, #3665, .F. ) ;
#27 = DIRECTION ( 'NONE',  ( 0.0000000000000000000, -1.000000000000000000, 0.0000000000000000000 ) ) ;
#28 = CARTESIAN_POINT ( 'NONE',  ( 4.049999999999999800, -1.060000000000000300, 0.5000000000000000000 ) ) ;
#29 = DIRECTION ( 'NONE',  ( 1.000000000000000000, 0.0000000000000000000, 0.0000000000000000000 ) ) ;
#30 = DIRECTION ( 'NONE',  ( 8.640611647116903400E-016, 0.9961946980917458800, -0.08715574274765483500 ) ) ;
#31 = ADVANCED_FACE ( 'NONE', ( #2660 ), #1348, .T. ) ;
#32 = CARTESIAN_POINT ( 'NONE',  ( 3.399999999999997700, -4.639999999999998800, -0.0000000000000000000 ) ) ;
#33 = DIRECTION ( 'NONE',  ( 0.0000000000000000000, 0.0000000000000000000, -1.000000000000000000 ) ) ;
#34 = DIRECTION ( 'NONE',  ( -0.0000000000000000000, -0.0000000000000000000, -1.000000000000000000 ) ) ;
#35 = FACE_OUTER_BOUND ( 'NONE', #4440, .T. ) ;
#36 = VECTOR ( 'NONE', #1826, 1000.000000000000000 ) ;
#37 = AXIS2_PLACEMENT_3D ( 'NONE', #4250, #2030, #1268 ) ;
#38 = VECTOR ( 'NONE', #4766, 1000.000000000000000 ) ;
#39 = EDGE_CURVE ( 'NONE', #2558, #2402, #517, .T. ) ;
#40 = LINE ( 'NONE', #718, #2344 ) ;
#41 = CARTESIAN_POINT ( 'NONE',  ( -3.800000000000002000, -4.189999999999999500, 0.5000000000000000000 ) ) ;
#42 = DIRECTION ( 'NONE',  ( -1.000000000000000000, 0.0000000000000000000, 0.0000000000000000000 ) ) ;
#43 = ORIENTED_EDGE ( 'NONE', *, *, #3933, .F. ) ;
#44 = DIRECTION ( 'NONE',  ( -0.0000000000000000000, -0.0000000000000000000, -1.000000000000000000 ) ) ;
#45 = DIRECTION ( 'NONE',  ( 0.0000000000000000000, 0.0000000000000000000, -1.000000000000000000 ) ) ;
#46 = EDGE_CURVE ( 'NONE', #316, #1211, #2893, .T. ) ;
#47 = LINE ( 'NONE', #3897, #1365 ) ;
#48 = DIRECTION ( 'NONE',  ( 1.885568995626964500E-016, -1.000000000000000000, 0.0000000000000000000 ) ) ;
#49 = CARTESIAN_POINT ( 'NONE',  ( -0.8300000000000008500, -5.540000000000011600, 0.0000000000000000000 ) ) ;
#50 = LINE ( 'NONE', #3670, #909 ) ;
#51 = FACE_OUTER_BOUND ( 'NONE', #959, .T. ) ;
#52 = ORIENTED_EDGE ( 'NONE', *, *, #4748, .T. ) ;
#53 = ADVANCED_FACE ( 'NONE', ( #1667 ), #3948, .F. ) ;
#54 = DIRECTION ( 'NONE',  ( 0.0000000000000000000, 0.0000000000000000000, -1.000000000000000000 ) ) ;
#55 = ORIENTED_EDGE ( 'NONE', *, *, #3025, .T. ) ;
#56 = VERTEX_POINT ( 'NONE', #3238 ) ;
#57 = ORIENTED_EDGE ( 'NONE', *, *, #1885, .T. ) ;
#58 = CARTESIAN_POINT ( 'NONE',  ( -4.764965616326001900, 2.131290051911035400, 2.114952683203002800 ) ) ;
#59 = DIRECTION ( 'NONE',  ( 0.0000000000000000000, 0.0000000000000000000, -1.000000000000000000 ) ) ;
#60 = CARTESIAN_POINT ( 'NONE',  ( 0.0000000000000000000, -5.146255668237032000, 0.5000000000000000000 ) ) ;
#61 = ORIENTED_EDGE ( 'NONE', *, *, #4528, .F. ) ;
#62 = DIRECTION ( 'NONE',  ( 1.000000000000000000, 7.542275982507858100E-016, -0.0000000000000000000 ) ) ;
#63 = ORIENTED_EDGE ( 'NONE', *, *, #4466, .F. ) ;
#64 = COLOUR_RGB ( '',1.000000000000000000, 1.000000000000000000, 1.000000000000000000 ) ;
#65 = LINE ( 'NONE', #1003, #1436 ) ;
#66 = CARTESIAN_POINT ( 'NONE',  ( 2.599999999999998300, -4.639999999999998800, -0.0000000000000000000 ) ) ;
#67 = EDGE_LOOP ( 'NONE', ( #2252, #2827, #2792, #4351 ) ) ;
#68 = LINE ( 'NONE', #2910, #881 ) ;
#69 = EDGE_CURVE ( 'NONE', #166, #838, #1037, .T. ) ;
#70 = CARTESIAN_POINT ( 'NONE',  ( -0.3699999999999987700, -5.540000000000011600, 0.0000000000000000000 ) ) ;
#71 = LINE ( 'NONE', #2352, #4051 ) ;
#72 = ORIENTED_EDGE ( 'NONE', *, *, #2805, .T. ) ;
#73 = ORIENTED_EDGE ( 'NONE', *, *, #1022, .F. ) ;
#74 = LINE ( 'NONE', #1930, #1292 ) ;
#75 = AXIS2_PLACEMENT_3D ( 'NONE', #1025, #2470, #2525 ) ;
#76 = PLANE ( 'NONE',  #1537 ) ;
#77 = PLANE ( 'NONE',  #3896 ) ;
#78 = EDGE_CURVE ( 'NONE', #3006, #2117, #1784, .T. ) ;
#79 = ORIENTED_EDGE ( 'NONE', *, *, #4142, .T. ) ;
#80 = DIRECTION ( 'NONE',  ( 3.469446951953611000E-015, 1.000000000000000000, 0.0000000000000000000 ) ) ;
#81 = AXIS2_PLACEMENT_3D ( 'NONE', #3236, #3606, #4360 ) ;
#82 =( NAMED_UNIT ( * ) SI_UNIT ( $, .STERADIAN. ) SOLID_ANGLE_UNIT ( ) );
#83 = CARTESIAN_POINT ( 'NONE',  ( 1.399999999999998400, -4.639999999999998800, -0.0000000000000000000 ) ) ;
#84 = CARTESIAN_POINT ( 'NONE',  ( -4.650000000000000400, -1.010000000000000500, 0.4000000000000000200 ) ) ;
#85 = VECTOR ( 'NONE', #2432, 1000.000000000000000 ) ;
#86 = EDGE_CURVE ( 'NONE', #4232, #4709, #3065, .T. ) ;
#87 = ORIENTED_EDGE ( 'NONE', *, *, #3495, .F. ) ;
#88 = LINE ( 'NONE', #3197, #4426 ) ;
#89 = EDGE_CURVE ( 'NONE', #1173, #916, #1220, .T. ) ;
#90 = ORIENTED_EDGE ( 'NONE', *, *, #2152, .F. ) ;
#91 = VERTEX_POINT ( 'NONE', #3626 ) ;
#92 = CARTESIAN_POINT ( 'NONE',  ( 1.399999999999998400, -4.639999999999998800, 0.5000000000000000000 ) ) ;
#93 = CARTESIAN_POINT ( 'NONE',  ( -1.400000000000001000, -4.988776073890375300, 2.299999999999999800 ) ) ;
#94 = FACE_OUTER_BOUND ( 'NONE', #4236, .T. ) ;
#95 = LINE ( 'NONE', #4728, #1649 ) ;
#96 = VERTEX_POINT ( 'NONE', #4002 ) ;
#97 = ORIENTED_EDGE ( 'NONE', *, *, #882, .F. ) ;
#98 = ORIENTED_EDGE ( 'NONE', *, *, #1531, .T. ) ;
#99 = FILL_AREA_STYLE ('',( #848 ) ) ;
#100 = DIRECTION ( 'NONE',  ( 1.885568995626964300E-016, 1.000000000000000000, -0.0000000000000000000 ) ) ;
#101 = VECTOR ( 'NONE', #734, 1000.000000000000000 ) ;
#102 = CARTESIAN_POINT ( 'NONE',  ( 3.399999999999998600, -5.789999999999999100, 0.5000000000000000000 ) ) ;
#103 = ORIENTED_EDGE ( 'NONE', *, *, #4370, .T. ) ;
#104 = EDGE_CURVE ( 'NONE', #3072, #4464, #2541, .T. ) ;
#105 = LINE ( 'NONE', #1911, #3513 ) ;
#106 = ORIENTED_EDGE ( 'NONE', *, *, #439, .T. ) ;
#107 = ORIENTED_EDGE ( 'NONE', *, *, #2386, .T. ) ;
#108 = ORIENTED_EDGE ( 'NONE', *, *, #2055, .T. ) ;
#109 = CARTESIAN_POINT ( 'NONE',  ( 4.650000000000000400, -1.010000000000000500, 0.4000000000000000200 ) ) ;
#110 = ORIENTED_EDGE ( 'NONE', *, *, #3524, .T. ) ;
#111 = VECTOR ( 'NONE', #2858, 1000.000000000000000 ) ;
#112 = VERTEX_POINT ( 'NONE', #655 ) ;
#113 = STYLED_ITEM ( 'NONE', ( #1089 ), #3755 ) ;
#114 = ORIENTED_EDGE ( 'NONE', *, *, #1789, .T. ) ;
#115 = ORIENTED_EDGE ( 'NONE', *, *, #484, .T. ) ;
#116 = LINE ( 'NONE', #3922, #1277 ) ;
#117 = VECTOR ( 'NONE', #1401, 1000.000000000000000 ) ;
#118 = ORIENTED_EDGE ( 'NONE', *, *, #4526, .T. ) ;
#119 = ADVANCED_FACE ( 'NONE', ( #1100 ), #4749, .T. ) ;
#120 = DIRECTION ( 'NONE',  ( -1.000000000000000000, 0.0000000000000000000, -0.0000000000000000000 ) ) ;
#121 = FACE_OUTER_BOUND ( 'NONE', #4082, .T. ) ;
#122 = EDGE_CURVE ( 'NONE', #1928, #3881, #3519, .T. ) ;
#123 = PLANE ( 'NONE',  #3215 ) ;
#124 = ORIENTED_EDGE ( 'NONE', *, *, #3039, .F. ) ;
#125 = CARTESIAN_POINT ( 'NONE',  ( -0.2000000000000018200, -4.639999999999997900, 0.0000000000000000000 ) ) ;
#126 = PRESENTATION_STYLE_ASSIGNMENT (( #4547 ) ) ;
#127 = EDGE_CURVE ( 'NONE', #299, #3754, #565, .T. ) ;
#128 = EDGE_CURVE ( 'NONE', #1097, #2588, #1563, .T. ) ;
#129 = VERTEX_POINT ( 'NONE', #1870 ) ;
#130 = DIRECTION ( 'NONE',  ( -0.08682659386424433600, 0.08682659386424426700, -0.9924325091389677400 ) ) ;
#131 = SURFACE_SIDE_STYLE ('',( #671 ) ) ;
#132 = ORIENTED_EDGE ( 'NONE', *, *, #4489, .T. ) ;
#133 = AXIS2_PLACEMENT_3D ( 'NONE', #4744, #3642, #2863 ) ;
#134 = FACE_OUTER_BOUND ( 'NONE', #1076, .T. ) ;
#135 = ADVANCED_FACE ( 'NONE', ( #4387 ), #3574, .F. ) ;
#136 = CARTESIAN_POINT ( 'NONE',  ( -3.800000000000000300, -5.789999999999998300, 0.5000000000000000000 ) ) ;
#137 = LINE ( 'NONE', #2109, #1640 ) ;
#138 = CARTESIAN_POINT ( 'NONE',  ( 3.799999999999997600, -5.189999999999992400, 0.0000000000000000000 ) ) ;
#139 = CARTESIAN_POINT ( 'NONE',  ( -1.569999999999999400, -5.790000000000022200, 0.1000000000000000100 ) ) ;
#140 = ORIENTED_EDGE ( 'NONE', *, *, #4616, .F. ) ;
#141 = CARTESIAN_POINT ( 'NONE',  ( -4.900000000000000400, 5.890000000000001500, 0.5000000000000000000 ) ) ;
#142 = EDGE_CURVE ( 'NONE', #4192, #357, #4331, .T. ) ;
#143 = FACE_OUTER_BOUND ( 'NONE', #4619, .T. ) ;
#144 = ORIENTED_EDGE ( 'NONE', *, *, #164, .F. ) ;
#145 = LINE ( 'NONE', #594, #3561 ) ;
#146 = LINE ( 'NONE', #2989, #1948 ) ;
#148 = DIRECTION ( 'NONE',  ( -1.000000000000000000, -0.0000000000000000000, -0.0000000000000000000 ) ) ;
#147 = LINE ( 'NONE', #2612, #664 ) ;
#149 = DIRECTION ( 'NONE',  ( 0.0000000000000000000, 0.0000000000000000000, -1.000000000000000000 ) ) ;
#150 = AXIS2_PLACEMENT_3D ( 'NONE', #4482, #428, #1908 ) ;
#151 = ORIENTED_EDGE ( 'NONE', *, *, #239, .F. ) ;
#152 = VECTOR ( 'NONE', #1406, 1000.000000000000000 ) ;
#153 = ORIENTED_EDGE ( 'NONE', *, *, #3546, .F. ) ;
#154 = UNCERTAINTY_MEASURE_WITH_UNIT (LENGTH_MEASURE( 1.000000000000000100E-005 ), #4172, 'distance_accuracy_value', 'NONE');
#155 = DIRECTION ( 'NONE',  ( 1.000000000000000000, 1.084202172485505200E-015, -0.0000000000000000000 ) ) ;
#156 = DIRECTION ( 'NONE',  ( 7.542275982507857100E-016, -1.000000000000000000, -0.0000000000000000000 ) ) ;
#157 = ORIENTED_EDGE ( 'NONE', *, *, #1427, .F. ) ;
#158 = CARTESIAN_POINT ( 'NONE',  ( -0.8300000000000008500, -5.540000000000011600, 0.1000000000000000100 ) ) ;
#159 = ORIENTED_EDGE ( 'NONE', *, *, #899, .T. ) ;
#160 = DIRECTION ( 'NONE',  ( 1.000000000000000000, 0.0000000000000000000, 0.0000000000000000000 ) ) ;
#161 = ORIENTED_EDGE ( 'NONE', *, *, #3883, .T. ) ;
#162 = LINE ( 'NONE', #1246, #3010 ) ;
#163 = ADVANCED_FACE ( 'NONE', ( #2774 ), #2596, .T. ) ;
#164 = EDGE_CURVE ( 'NONE', #265, #1426, #4459, .T. ) ;
#165 = ORIENTED_EDGE ( 'NONE', *, *, #2478, .F. ) ;
#166 = VERTEX_POINT ( 'NONE', #2991 ) ;
#167 = ORIENTED_EDGE ( 'NONE', *, *, #2507, .T. ) ;
#168 = VECTOR ( 'NONE', #3941, 1000.000000000000000 ) ;
#169 = DIRECTION ( 'NONE',  ( -7.542275982507858100E-016, 1.000000000000000000, 0.0000000000000000000 ) ) ;
#170 = VECTOR ( 'NONE', #2448, 1000.000000000000000 ) ;
#171 = LINE ( 'NONE', #3212, #4227 ) ;
#172 = ORIENTED_EDGE ( 'NONE', *, *, #2895, .T. ) ;
#173 = CARTESIAN_POINT ( 'NONE',  ( -0.5000000000000000000, 5.690000000000001300, 0.0000000000000000000 ) ) ;
#174 = LINE ( 'NONE', #3731, #3991 ) ;
#175 = AXIS2_PLACEMENT_3D ( 'NONE', #193, #4233, #1647 ) ;
#176 = FACE_OUTER_BOUND ( 'NONE', #3588, .T. ) ;
#177 = VERTEX_POINT ( 'NONE', #1459 ) ;
#178 = EDGE_CURVE ( 'NONE', #3508, #2412, #2415, .T. ) ;
#179 = CARTESIAN_POINT ( 'NONE',  ( 2.199999999999998000, -4.639999999999998800, 0.5000000000000000000 ) ) ;
#180 = ORIENTED_EDGE ( 'NONE', *, *, #278, .T. ) ;
#181 = EDGE_CURVE ( 'NONE', #2193, #1290, #2361, .T. ) ;
#182 = PLANE ( 'NONE',  #3200 ) ;
#183 = VECTOR ( 'NONE', #1070, 1000.000000000000000 ) ;
#184 = CARTESIAN_POINT ( 'NONE',  ( -4.600000000000000500, -4.189999999999988000, 0.5000000000000000000 ) ) ;
#185 = ADVANCED_FACE ( 'NONE', ( #22 ), #2547, .F. ) ;
#186 = CARTESIAN_POINT ( 'NONE',  ( 0.0000000000000000000, 0.0000000000000000000, 0.5000000000000000000 ) ) ;
#187 = EDGE_CURVE ( 'NONE', #2358, #3964, #1800, .T. ) ;
#188 = VERTEX_POINT ( 'NONE', #3674 ) ;
#189 = EDGE_CURVE ( 'NONE', #1171, #2447, #648, .T. ) ;
#190 = CARTESIAN_POINT ( 'NONE',  ( -4.049999999999999800, -1.059999999999999400, 0.5000000000000000000 ) ) ;
#191 = CARTESIAN_POINT ( 'NONE',  ( 1.399999999999998400, -4.988776073890375300, 2.299999999999999800 ) ) ;
#192 = DIRECTION ( 'NONE',  ( 0.0000000000000000000, 0.0000000000000000000, 1.000000000000000000 ) ) ;
#193 = CARTESIAN_POINT ( 'NONE',  ( 4.900000000000000400, 5.890000000000000600, 0.5000000000000000000 ) ) ;
#194 = VECTOR ( 'NONE', #1373, 1000.000000000000000 ) ;
#195 = AXIS2_PLACEMENT_3D ( 'NONE', #1670, #2037, #2730 ) ;
#196 = CARTESIAN_POINT ( 'NONE',  ( -4.450000000000001100, 1.989999999999999100, 0.4000000000000000200 ) ) ;
#197 = CARTESIAN_POINT ( 'NONE',  ( -3.400000000000000800, -5.789999999999998300, 0.5000000000000000000 ) ) ;
#198 = VECTOR ( 'NONE', #3893, 1000.000000000000000 ) ;
#199 = ORIENTED_EDGE ( 'NONE', *, *, #327, .F. ) ;
#200 = VERTEX_POINT ( 'NONE', #17 ) ;
#201 = COLOUR_RGB ( '',1.000000000000000000, 0.5019607843137254800, 0.0000000000000000000 ) ;
#202 = SURFACE_SIDE_STYLE ('',( #3231 ) ) ;
#203 = VECTOR ( 'NONE', #945, 1000.000000000000000 ) ;
#204 = DIRECTION ( 'NONE',  ( -0.0000000000000000000, -0.0000000000000000000, -1.000000000000000000 ) ) ;
#205 = AXIS2_PLACEMENT_3D ( 'NONE', #2888, #4731, #243 ) ;
#206 = ORIENTED_EDGE ( 'NONE', *, *, #3760, .F. ) ;
#207 = ADVANCED_FACE ( 'NONE', ( #992 ), #3697, .T. ) ;
#208 = EDGE_CURVE ( 'NONE', #2402, #2300, #4701, .T. ) ;
#209 = ORIENTED_EDGE ( 'NONE', *, *, #1028, .F. ) ;
#210 = DIRECTION ( 'NONE',  ( 0.0000000000000000000, 1.000000000000000000, 0.0000000000000000000 ) ) ;
#211 = ORIENTED_EDGE ( 'NONE', *, *, #1985, .F. ) ;
#212 = CARTESIAN_POINT ( 'NONE',  ( -0.2000000000000018200, -4.639999999999997900, 0.0000000000000000000 ) ) ;
#213 = FACE_OUTER_BOUND ( 'NONE', #1466, .T. ) ;
#214 = VERTEX_POINT ( 'NONE', #32 ) ;
#215 = AXIS2_PLACEMENT_3D ( 'NONE', #3387, #4490, #2677 ) ;
#216 = PRESENTATION_STYLE_ASSIGNMENT (( #2006 ) ) ;
#217 = VERTEX_POINT ( 'NONE', #4797 ) ;
#218 = ORIENTED_EDGE ( 'NONE', *, *, #4290, .T. ) ;
#219 = VECTOR ( 'NONE', #3707, 1000.000000000000000 ) ;
#220 = DIRECTION ( 'NONE',  ( 0.0000000000000000000, 0.0000000000000000000, 1.000000000000000000 ) ) ;
#221 = CARTESIAN_POINT ( 'NONE',  ( -4.450000000000001100, -1.010000000000000500, 0.4999999999999345000 ) ) ;
#222 = ORIENTED_EDGE ( 'NONE', *, *, #2568, .F. ) ;
#223 = VERTEX_POINT ( 'NONE', #2922 ) ;
#224 = VECTOR ( 'NONE', #3880, 1000.000000000000000 ) ;
#225 = AXIS2_PLACEMENT_3D ( 'NONE', #179, #4597, #1971 ) ;
#226 = CARTESIAN_POINT ( 'NONE',  ( -4.950000000000000200, 5.190000000000000400, 0.0000000000000000000 ) ) ;
#227 = FACE_OUTER_BOUND ( 'NONE', #1419, .T. ) ;
#228 = ORIENTED_EDGE ( 'NONE', *, *, #128, .F. ) ;
#229 = DIRECTION ( 'NONE',  ( -1.000000000000000000, -1.885568995626964500E-016, 0.0000000000000000000 ) ) ;
#230 = DIRECTION ( 'NONE',  ( -1.000000000000000000, -0.0000000000000000000, -0.0000000000000000000 ) ) ;
#231 = DIRECTION ( 'NONE',  ( 8.356086107788088100E-017, -1.000000000000000000, 0.0000000000000000000 ) ) ;
#232 = FACE_OUTER_BOUND ( 'NONE', #537, .T. ) ;
#233 = AXIS2_PLACEMENT_3D ( 'NONE', #2251, #3419, #2627 ) ;
#234 = VERTEX_POINT ( 'NONE', #4460 ) ;
#235 = LINE ( 'NONE', #1312, #3723 ) ;
#236 = EDGE_CURVE ( 'NONE', #2447, #417, #2029, .T. ) ;
#237 = PLANE ( 'NONE',  #4601 ) ;
#238 = CARTESIAN_POINT ( 'NONE',  ( -3.969999999999998900, -5.540000000000045300, 0.0000000000000000000 ) ) ;
#239 = EDGE_CURVE ( 'NONE', #2545, #274, #3249, .T. ) ;
#240 = ORIENTED_EDGE ( 'NONE', *, *, #2260, .F. ) ;
#241 = AXIS2_PLACEMENT_3D ( 'NONE', #844, #1889, #3409 ) ;
#242 = ORIENTED_EDGE ( 'NONE', *, *, #4804, .T. ) ;
#243 = DIRECTION ( 'NONE',  ( 3.469446951953611000E-015, -1.000000000000000000, 0.0000000000000000000 ) ) ;
#244 = EDGE_CURVE ( 'NONE', #1841, #923, #1867, .T. ) ;
#245 = CARTESIAN_POINT ( 'NONE',  ( 0.1999999999999985700, -4.639999999999997900, -0.0000000000000000000 ) ) ;
#246 = DIRECTION ( 'NONE',  ( 7.542275982507857100E-016, -1.000000000000000000, -0.0000000000000000000 ) ) ;
#247 = EDGE_LOOP ( 'NONE', ( #1440, #313, #2522, #4491 ) ) ;
#248 = ADVANCED_FACE ( 'NONE', ( #836 ), #704, .F. ) ;
#249 = AXIS2_PLACEMENT_3D ( 'NONE', #325, #350, #1814 ) ;
#250 = VECTOR ( 'NONE', #3894, 1000.000000000000000 ) ;
#251 = ORIENTED_EDGE ( 'NONE', *, *, #3442, .F. ) ;
#252 = CARTESIAN_POINT ( 'NONE',  ( -3.400000000000000800, -5.789999999999998300, 0.0000000000000000000 ) ) ;
#253 = LINE ( 'NONE', #2328, #2291 ) ;
#254 = VECTOR ( 'NONE', #4479, 1000.000000000000000 ) ;
#255 = LINE ( 'NONE', #3132, #1147 ) ;
#256 = ORIENTED_EDGE ( 'NONE', *, *, #1127, .T. ) ;
#257 = DIRECTION ( 'NONE',  ( -1.000000000000000000, -3.771137991254033600E-016, 0.0000000000000000000 ) ) ;
#258 = VERTEX_POINT ( 'NONE', #1145 ) ;
#259 = PLANE ( 'NONE',  #2753 ) ;
#260 = AXIS2_PLACEMENT_3D ( 'NONE', #4072, #29, #391 ) ;
#261 = CARTESIAN_POINT ( 'NONE',  ( 3.799999999999998000, -5.789999999999967200, -0.0000000000000000000 ) ) ;
#262 = VECTOR ( 'NONE', #2027, 1000.000000000000000 ) ;
#263 = ORIENTED_EDGE ( 'NONE', *, *, #3407, .T. ) ;
#264 = AXIS2_PLACEMENT_3D ( 'NONE', #1702, #3923, #4309 ) ;
#265 = VERTEX_POINT ( 'NONE', #4097 ) ;
#266 = CARTESIAN_POINT ( 'NONE',  ( 2.199999999999998800, -5.789999999999999100, 0.5000000000000000000 ) ) ;
#267 = ORIENTED_EDGE ( 'NONE', *, *, #1243, .T. ) ;
#269 = CARTESIAN_POINT ( 'NONE',  ( -4.748776073890374100, -3.968118178003181600E-016, 2.299999999999999800 ) ) ;
#268 = LINE ( 'NONE', #466, #3632 ) ;
#270 = CARTESIAN_POINT ( 'NONE',  ( 3.799999999999997600, -4.639999999999998800, -0.0000000000000000000 ) ) ;
#271 = ORIENTED_EDGE ( 'NONE', *, *, #3928, .F. ) ;
#272 = EDGE_CURVE ( 'NONE', #1939, #1554, #2141, .T. ) ;
#273 = DIRECTION ( 'NONE',  ( -0.0000000000000000000, -0.0000000000000000000, 1.000000000000000000 ) ) ;
#274 = VERTEX_POINT ( 'NONE', #3732 ) ;
#275 = CARTESIAN_POINT ( 'NONE',  ( -4.950000000000000200, 5.190000000000000400, -9.194034422677077600E-014 ) ) ;
#276 = ORIENTED_EDGE ( 'NONE', *, *, #462, .T. ) ;
#277 = PRESENTATION_STYLE_ASSIGNMENT (( #4291 ) ) ;
#278 = EDGE_CURVE ( 'NONE', #166, #4220, #1630, .T. ) ;
#279 = ADVANCED_FACE ( 'NONE', ( #2620 ), #3364, .T. ) ;
#280 = FACE_OUTER_BOUND ( 'NONE', #3476, .T. ) ;
#281 = ORIENTED_EDGE ( 'NONE', *, *, #937, .T. ) ;
#282 = VECTOR ( 'NONE', #2969, 1000.000000000000000 ) ;
#283 = CARTESIAN_POINT ( 'NONE',  ( 4.650000000000000400, -1.010000000000000500, 0.4000000000000000200 ) ) ;
#284 = DIRECTION ( 'NONE',  ( -0.08682659386424407300, 0.08682659386424425300, -0.9924325091389677400 ) ) ;
#285 = CARTESIAN_POINT ( 'NONE',  ( -4.600000000000001400, -5.789999999999987600, 0.0000000000000000000 ) ) ;
#286 = VECTOR ( 'NONE', #2140, 1000.000000000000000 ) ;
#287 = ORIENTED_EDGE ( 'NONE', *, *, #1643, .T. ) ;
#288 = DIRECTION ( 'NONE',  ( 1.000000000000000000, -2.589139516383294300E-016, 0.0000000000000000000 ) ) ;
#289 = ORIENTED_EDGE ( 'NONE', *, *, #2167, .T. ) ;
#290 = FACE_OUTER_BOUND ( 'NONE', #3179, .T. ) ;
#291 =( NAMED_UNIT ( * ) SI_UNIT ( $, .STERADIAN. ) SOLID_ANGLE_UNIT ( ) );
#292 = DIRECTION ( 'NONE',  ( -0.0000000000000000000, -0.0000000000000000000, -1.000000000000000000 ) ) ;
#293 =( NAMED_UNIT ( * ) SI_UNIT ( $, .STERADIAN. ) SOLID_ANGLE_UNIT ( ) );
#294 = VECTOR ( 'NONE', #3377, 1000.000000000000000 ) ;
#295 = EDGE_CURVE ( 'NONE', #3343, #3426, #4124, .T. ) ;
#296 = EDGE_CURVE ( 'NONE', #3511, #1546, #2845, .T. ) ;
#297 = CARTESIAN_POINT ( 'NONE',  ( 3.399999999999998600, -5.789999999999999100, 0.5000000000000000000 ) ) ;
#298 = DIRECTION ( 'NONE',  ( -0.0000000000000000000, -0.0000000000000000000, 1.000000000000000000 ) ) ;
#299 = VERTEX_POINT ( 'NONE', #1502 ) ;
#300 = ADVANCED_FACE ( 'NONE', ( #3656 ), #487, .T. ) ;
#301 = DIRECTION ( 'NONE',  ( 1.000000000000000000, 5.656706986880892600E-016, -0.0000000000000000000 ) ) ;
#302 = CARTESIAN_POINT ( 'NONE',  ( 2.770000000000000000, -5.789999999999978700, 0.1000000000000000100 ) ) ;
#303 = DIRECTION ( 'NONE',  ( 1.000000000000000000, -0.0000000000000000000, -0.0000000000000000000 ) ) ;
#304 = CARTESIAN_POINT ( 'NONE',  ( 2.599999999999998300, -5.789999999999999100, 0.5000000000000000000 ) ) ;
#305 = DIRECTION ( 'NONE',  ( 0.0000000000000000000, -0.0000000000000000000, 1.000000000000000000 ) ) ;
#306 = FACE_OUTER_BOUND ( 'NONE', #1654, .T. ) ;
#307 = ORIENTED_EDGE ( 'NONE', *, *, #3257, .T. ) ;
#308 = EDGE_CURVE ( 'NONE', #4690, #2013, #938, .T. ) ;
#309 = VECTOR ( 'NONE', #3049, 1000.000000000000000 ) ;
#310 = DIRECTION ( 'NONE',  ( -0.0000000000000000000, -0.0000000000000000000, -1.000000000000000000 ) ) ;
#311 = CARTESIAN_POINT ( 'NONE',  ( 1.862641633247151000E-015, 2.147479594346658200, 2.299999999999999800 ) ) ;
#312 = CARTESIAN_POINT ( 'NONE',  ( -4.600000000000000500, -4.189999999999988000, 0.5000000000000000000 ) ) ;
#313 = ORIENTED_EDGE ( 'NONE', *, *, #3585, .F. ) ;
#314 = DIRECTION ( 'NONE',  ( -1.000000000000000000, 0.0000000000000000000, 0.0000000000000000000 ) ) ;
#315 = LINE ( 'NONE', #2500, #3680 ) ;
#316 = VERTEX_POINT ( 'NONE', #790 ) ;
#317 = DIRECTION ( 'NONE',  ( 1.000000000000000000, 0.0000000000000000000, 0.0000000000000000000 ) ) ;
#318 = CARTESIAN_POINT ( 'NONE',  ( 0.5000000000000000000, 5.890000000000001500, 0.5000000000000000000 ) ) ;
#319 = ORIENTED_EDGE ( 'NONE', *, *, #545, .F. ) ;
#320 = AXIS2_PLACEMENT_3D ( 'NONE', #4206, #3078, #2017 ) ;
#321 = ORIENTED_EDGE ( 'NONE', *, *, #3416, .T. ) ;
#322 = DIRECTION ( 'NONE',  ( 0.0000000000000000000, -0.0000000000000000000, -1.000000000000000000 ) ) ;
#323 = DIRECTION ( 'NONE',  ( -1.000000000000000000, 0.0000000000000000000, 0.0000000000000000000 ) ) ;
#324 = LINE ( 'NONE', #4078, #1994 ) ;
#325 = CARTESIAN_POINT ( 'NONE',  ( -3.400000000000000800, -5.789999999999998300, 0.5000000000000000000 ) ) ;
#326 = VERTEX_POINT ( 'NONE', #3622 ) ;
#327 = EDGE_CURVE ( 'NONE', #3046, #200, #890, .T. ) ;
#328 = ORIENTED_EDGE ( 'NONE', *, *, #3242, .F. ) ;
#329 = ADVANCED_FACE ( 'NONE', ( #1395 ), #810, .T. ) ;
#330 = VECTOR ( 'NONE', #922, 1000.000000000000000 ) ;
#331 = CARTESIAN_POINT ( 'NONE',  ( 4.599999999999997900, -5.789999999999967200, 0.5000000000000000000 ) ) ;
#332 = ORIENTED_EDGE ( 'NONE', *, *, #3013, .F. ) ;
#333 = DIRECTION ( 'NONE',  ( 1.084202172485507000E-015, 1.000000000000000000, 0.0000000000000000000 ) ) ;
#334 = CARTESIAN_POINT ( 'NONE',  ( 0.3699999999999987700, -5.540000000000000900, 0.0000000000000000000 ) ) ;
#335 = EDGE_CURVE ( 'NONE', #1507, #3498, #2675, .T. ) ;
#336 = CARTESIAN_POINT ( 'NONE',  ( -3.849999999999999600, 5.690000000000001300, 0.5000000000000000000 ) ) ;
#337 = ORIENTED_EDGE ( 'NONE', *, *, #1051, .F. ) ;
#338 = ORIENTED_EDGE ( 'NONE', *, *, #3767, .F. ) ;
#339 = FACE_OUTER_BOUND ( 'NONE', #4219, .T. ) ;
#340 = VECTOR ( 'NONE', #3254, 1000.000000000000000 ) ;
#341 = AXIS2_PLACEMENT_3D ( 'NONE', #2797, #229, #2815 ) ;
#342 = DIRECTION ( 'NONE',  ( 1.000000000000000000, -1.409462824231158400E-014, 0.0000000000000000000 ) ) ;
#343 = CARTESIAN_POINT ( 'NONE',  ( 2.599999999999998300, -5.146255668237032000, 0.5000000000000000000 ) ) ;
#344 = VERTEX_POINT ( 'NONE', #3715 ) ;
#345 = CARTESIAN_POINT ( 'NONE',  ( -0.2000000000000011800, -5.789999999999998300, 0.5000000000000000000 ) ) ;
#346 = EDGE_LOOP ( 'NONE', ( #2917, #151, #1092, #1273 ) ) ;
#347 = LINE ( 'NONE', #1982, #3927 ) ;
#348 = DIRECTION ( 'NONE',  ( -0.0000000000000000000, -0.0000000000000000000, -1.000000000000000000 ) ) ;
#349 = CARTESIAN_POINT ( 'NONE',  ( 0.9999999999999988900, -5.789999999999998300, 0.5000000000000000000 ) ) ;
#350 = DIRECTION ( 'NONE',  ( -1.000000000000000000, 5.421010862427526100E-016, 0.0000000000000000000 ) ) ;
#351 = LINE ( 'NONE', #1454, #8 ) ;
#352 = VERTEX_POINT ( 'NONE', #2249 ) ;
#353 = EDGE_CURVE ( 'NONE', #4025, #3343, #4588, .T. ) ;
#354 = PLANE ( 'NONE',  #3106 ) ;
#355 = VECTOR ( 'NONE', #2103, 1000.000000000000000 ) ;
#356 = FILL_AREA_STYLE ('',( #1819 ) ) ;
#357 = VERTEX_POINT ( 'NONE', #373 ) ;
#358 = LINE ( 'NONE', #191, #1234 ) ;
#359 = AXIS2_PLACEMENT_3D ( 'NONE', #1802, #257, #3258 ) ;
#360 = ADVANCED_FACE ( 'NONE', ( #4531 ), #1529, .T. ) ;
#361 = SURFACE_STYLE_USAGE ( .BOTH. , #4061 ) ;
#362 = ORIENTED_EDGE ( 'NONE', *, *, #2568, .T. ) ;
#363 = PLANE ( 'NONE',  #478 ) ;
#364 = AXIS2_PLACEMENT_3D ( 'NONE', #793, #4477, #48 ) ;
#365 = ORIENTED_EDGE ( 'NONE', *, *, #2921, .T. ) ;
#366 = EDGE_CURVE ( 'NONE', #815, #265, #1743, .T. ) ;
#367 = ADVANCED_BREP_SHAPE_REPRESENTATION ( 'TOLL', ( #1935, #2529, #2595, #3755, #2430, #2801 ), #572 ) ;
#368 = PLANE ( 'NONE',  #4760 ) ;
#369 = COLOUR_RGB ( '',1.000000000000000000, 1.000000000000000000, 1.000000000000000000 ) ;
#370 = EDGE_CURVE ( 'NONE', #2033, #3634, #4642, .T. ) ;
#371 = CARTESIAN_POINT ( 'NONE',  ( 0.9999999999999988900, -5.789999999999998300, 0.5000000000000000000 ) ) ;
#372 = CARTESIAN_POINT ( 'NONE',  ( -4.900000000000000400, 5.890000000000001500, 0.5000000000000000000 ) ) ;
#373 = CARTESIAN_POINT ( 'NONE',  ( 4.049999999999999800, -1.060000000000000300, -0.0000000000000000000 ) ) ;
#374 = PLANE ( 'NONE',  #896 ) ;
#375 = VECTOR ( 'NONE', #632, 1000.000000000000000 ) ;
#376 = EDGE_CURVE ( 'NONE', #3999, #1954, #4347, .T. ) ;
#377 = DIRECTION ( 'NONE',  ( 0.0000000000000000000, -0.0000000000000000000, -1.000000000000000000 ) ) ;
#378 = ORIENTED_EDGE ( 'NONE', *, *, #2414, .T. ) ;
#379 = LINE ( 'NONE', #3528, #1886 ) ;
#380 = FACE_OUTER_BOUND ( 'NONE', #765, .T. ) ;
#381 = VERTEX_POINT ( 'NONE', #3336 ) ;
#382 = CARTESIAN_POINT ( 'NONE',  ( -1.400000000000001000, -4.639999999999997900, 0.0000000000000000000 ) ) ;
#383 = VECTOR ( 'NONE', #2630, 1000.000000000000000 ) ;
#384 = CARTESIAN_POINT ( 'NONE',  ( 0.0000000000000000000, 0.0000000000000000000, 0.0000000000000000000 ) ) ;
#385 = LINE ( 'NONE', #1513, #2994 ) ;
#386 = ORIENTED_EDGE ( 'NONE', *, *, #3593, .F. ) ;
#387 = ORIENTED_EDGE ( 'NONE', *, *, #1012, .T. ) ;
#388 = CARTESIAN_POINT ( 'NONE',  ( 2.199999999999998800, -5.789999999999999100, 0.5000000000000000000 ) ) ;
#389 = PLANE ( 'NONE',  #3719 ) ;
#390 = VECTOR ( 'NONE', #686, 1000.000000000000000 ) ;
#391 = DIRECTION ( 'NONE',  ( 0.0000000000000000000, 0.0000000000000000000, -1.000000000000000000 ) ) ;
#392 = DIRECTION ( 'NONE',  ( 0.0000000000000000000, 0.0000000000000000000, -1.000000000000000000 ) ) ;
#393 = ORIENTED_EDGE ( 'NONE', *, *, #2661, .T. ) ;
#394 = CARTESIAN_POINT ( 'NONE',  ( 3.230000000000001300, -5.539999999999977800, 0.0000000000000000000 ) ) ;
#395 = DIRECTION ( 'NONE',  ( -1.000000000000000000, 0.0000000000000000000, -0.0000000000000000000 ) ) ;
#396 = ORIENTED_EDGE ( 'NONE', *, *, #1039, .F. ) ;
#397 = DIRECTION ( 'NONE',  ( 0.0000000000000000000, 1.000000000000000000, -0.0000000000000000000 ) ) ;
#398 = ORIENTED_EDGE ( 'NONE', *, *, #3422, .F. ) ;
#399 = ORIENTED_EDGE ( 'NONE', *, *, #1180, .F. ) ;
#400 = EDGE_CURVE ( 'NONE', #4099, #3297, #4407, .T. ) ;
#401 = VERTEX_POINT ( 'NONE', #2201 ) ;
#402 = EDGE_LOOP ( 'NONE', ( #4667, #874, #4513, #4266 ) ) ;
#403 = VECTOR ( 'NONE', #3800, 1000.000000000000000 ) ;
#404 = DIRECTION ( 'NONE',  ( -0.0000000000000000000, 0.0000000000000000000, 1.000000000000000000 ) ) ;
#405 = VECTOR ( 'NONE', #4437, 1000.000000000000000 ) ;
#406 = DIRECTION ( 'NONE',  ( -8.356086107788088100E-017, 1.000000000000000000, 0.0000000000000000000 ) ) ;
#407 = VECTOR ( 'NONE', #3383, 1000.000000000000000 ) ;
#408 = VERTEX_POINT ( 'NONE', #736 ) ;
#409 = LINE ( 'NONE', #2582, #282 ) ;
#410 = ADVANCED_FACE ( 'NONE', ( #532 ), #1490, .F. ) ;
#411 = PLANE ( 'NONE',  #1704 ) ;
#412 = DIRECTION ( 'NONE',  ( 7.542275982507857100E-016, -1.000000000000000000, -0.0000000000000000000 ) ) ;
#413 = LINE ( 'NONE', #4035, #3303 ) ;
#414 = ORIENTED_EDGE ( 'NONE', *, *, #3248, .T. ) ;
#415 = CARTESIAN_POINT ( 'NONE',  ( 2.199999999999998800, -5.789999999999999100, 0.5000000000000000000 ) ) ;
#416 = CARTESIAN_POINT ( 'NONE',  ( -4.600000000000000500, -4.189999999999988000, 0.5000000000000000000 ) ) ;
#417 = VERTEX_POINT ( 'NONE', #2229 ) ;
#418 = EDGE_CURVE ( 'NONE', #3026, #3769, #1521, .T. ) ;
#419 = DIRECTION ( 'NONE',  ( 1.000000000000000000, -3.469446951953611000E-015, 0.0000000000000000000 ) ) ;
#420 = CARTESIAN_POINT ( 'NONE',  ( 0.5000000000000000000, 5.690000000000001300, 0.5000000000000000000 ) ) ;
#421 = EDGE_LOOP ( 'NONE', ( #2335, #3361, #3750, #1839 ) ) ;
#422 = CARTESIAN_POINT ( 'NONE',  ( -2.600000000000000500, -5.789999999999998300, 0.0000000000000000000 ) ) ;
#423 = PLANE ( 'NONE',  #1805 ) ;
#424 = DIRECTION ( 'NONE',  ( -7.542275982507858100E-016, 1.000000000000000000, 0.0000000000000000000 ) ) ;
#425 = EDGE_CURVE ( 'NONE', #4220, #4690, #2493, .T. ) ;
#426 = CARTESIAN_POINT ( 'NONE',  ( -3.849999999999999600, 5.890000000000001500, 0.5000000000000000000 ) ) ;
#427 = EDGE_CURVE ( 'NONE', #2678, #2171, #1116, .T. ) ;
#428 = DIRECTION ( 'NONE',  ( 0.0000000000000000000, -1.000000000000000000, 0.0000000000000000000 ) ) ;
#429 = DIRECTION ( 'NONE',  ( -0.0000000000000000000, -1.000000000000000000, -0.0000000000000000000 ) ) ;
#430 = DIRECTION ( 'NONE',  ( 0.0000000000000000000, -1.000000000000000000, 0.0000000000000000000 ) ) ;
#431 = ORIENTED_EDGE ( 'NONE', *, *, #3564, .F. ) ;
#432 = LINE ( 'NONE', #1194, #309 ) ;
#433 = EDGE_CURVE ( 'NONE', #3511, #177, #3831, .T. ) ;
#434 = DIRECTION ( 'NONE',  ( -1.000000000000000000, 0.0000000000000000000, -0.0000000000000000000 ) ) ;
#435 = ORIENTED_EDGE ( 'NONE', *, *, #3745, .F. ) ;
#436 = CARTESIAN_POINT ( 'NONE',  ( 4.292520405653338100, 0.0000000000000000000, 2.299999999999999800 ) ) ;
#437 = ORIENTED_EDGE ( 'NONE', *, *, #2610, .T. ) ;
#438 = CARTESIAN_POINT ( 'NONE',  ( -4.450000000000001100, -1.010000000000000500, 0.4000000000000000200 ) ) ;
#439 = EDGE_CURVE ( 'NONE', #1461, #1551, #1518, .T. ) ;
#440 = VECTOR ( 'NONE', #3056, 1000.000000000000000 ) ;
#441 = CARTESIAN_POINT ( 'NONE',  ( -1.000000000000000900, -4.639999999999997900, 0.5000000000000000000 ) ) ;
#442 = LINE ( 'NONE', #970, #1476 ) ;
#443 = ORIENTED_EDGE ( 'NONE', *, *, #667, .T. ) ;
#444 = ORIENTED_EDGE ( 'NONE', *, *, #4593, .F. ) ;
#445 = LINE ( 'NONE', #252, #614 ) ;
#446 = PLANE ( 'NONE',  #2381 ) ;
#447 = ORIENTED_EDGE ( 'NONE', *, *, #2738, .F. ) ;
#448 = CARTESIAN_POINT ( 'NONE',  ( 3.799999999999997600, -4.639999999999998800, 0.5000000000000000000 ) ) ;
#449 = AXIS2_PLACEMENT_3D ( 'NONE', #1105, #4445, #3685 ) ;
#450 = FACE_OUTER_BOUND ( 'NONE', #3051, .T. ) ;
#451 = ORIENTED_EDGE ( 'NONE', *, *, #4494, .F. ) ;
#452 = CARTESIAN_POINT ( 'NONE',  ( 3.850000000000000500, 5.890000000000000600, 0.0000000000000000000 ) ) ;
#453 = DIRECTION ( 'NONE',  ( 0.0000000000000000000, 0.0000000000000000000, -1.000000000000000000 ) ) ;
#454 = ORIENTED_EDGE ( 'NONE', *, *, #2738, .T. ) ;
#455 = ORIENTED_EDGE ( 'NONE', *, *, #181, .T. ) ;
#456 = LINE ( 'NONE', #4307, #2600 ) ;
#457 = PLANE ( 'NONE',  #1556 ) ;
#458 = AXIS2_PLACEMENT_3D ( 'NONE', #4403, #3339, #738 ) ;
#459 = VERTEX_POINT ( 'NONE', #3085 ) ;
#460 = ORIENTED_EDGE ( 'NONE', *, *, #4181, .T. ) ;
#461 = VECTOR ( 'NONE', #130, 999.9999999999998900 ) ;
#462 = EDGE_CURVE ( 'NONE', #2033, #4429, #74, .T. ) ;
#463 = CARTESIAN_POINT ( 'NONE',  ( 4.429999999999999700, -5.789999999999967200, 0.1000000000000000100 ) ) ;
#464 = FACE_OUTER_BOUND ( 'NONE', #4764, .T. ) ;
#465 = ORIENTED_EDGE ( 'NONE', *, *, #3263, .F. ) ;
#466 = CARTESIAN_POINT ( 'NONE',  ( -4.900000000000000400, 5.190000000000000400, 0.0000000000000000000 ) ) ;
#467 = LINE ( 'NONE', #2016, #4284 ) ;
#468 = DIRECTION ( 'NONE',  ( 0.0000000000000000000, -1.000000000000000000, 0.0000000000000000000 ) ) ;
#469 = CARTESIAN_POINT ( 'NONE',  ( -2.770000000000000000, -5.790000000000033800, 0.1000000000000000100 ) ) ;
#470 = CARTESIAN_POINT ( 'NONE',  ( -3.969999999999998900, -5.540000000000045300, 0.1000000000000000100 ) ) ;
#471 = ORIENTED_EDGE ( 'NONE', *, *, #3779, .F. ) ;
#472 = LINE ( 'NONE', #1995, #3027 ) ;
#473 = DIRECTION ( 'NONE',  ( 0.0000000000000000000, 0.0000000000000000000, -1.000000000000000000 ) ) ;
#474 = ADVANCED_FACE ( 'NONE', ( #290 ), #1190, .T. ) ;
#475 = ORIENTED_EDGE ( 'NONE', *, *, #1051, .T. ) ;
#476 = DIRECTION ( 'NONE',  ( 1.000000000000000000, -2.589139516383294300E-016, 0.0000000000000000000 ) ) ;
#477 = ORIENTED_EDGE ( 'NONE', *, *, #3844, .F. ) ;
#478 = AXIS2_PLACEMENT_3D ( 'NONE', #2983, #1114, #2571 ) ;
#479 = CARTESIAN_POINT ( 'NONE',  ( -4.049999999999999800, -1.059999999999999400, 0.5000000000000000000 ) ) ;
#480 = EDGE_CURVE ( 'NONE', #3703, #3765, #2268, .T. ) ;
#481 = DIRECTION ( 'NONE',  ( 1.000000000000000000, 0.0000000000000000000, 0.0000000000000000000 ) ) ;
#482 = ORIENTED_EDGE ( 'NONE', *, *, #578, .F. ) ;
#483 = VECTOR ( 'NONE', #4128, 1000.000000000000000 ) ;
#484 = EDGE_CURVE ( 'NONE', #3901, #4503, #3882, .T. ) ;
#485 = ORIENTED_EDGE ( 'NONE', *, *, #939, .F. ) ;
#486 = EDGE_LOOP ( 'NONE', ( #2914, #1249, #2062, #115 ) ) ;
#487 = PLANE ( 'NONE',  #1117 ) ;
#488 = CARTESIAN_POINT ( 'NONE',  ( -4.950000000000000200, 1.989999999999999500, 0.5000000000000000000 ) ) ;
#489 = CARTESIAN_POINT ( 'NONE',  ( 4.050000000000000700, 5.190000000000000400, 0.5000000000000000000 ) ) ;
#490 = LINE ( 'NONE', #3555, #1311 ) ;
#491 = ORIENTED_EDGE ( 'NONE', *, *, #2913, .F. ) ;
#492 = ORIENTED_EDGE ( 'NONE', *, *, #3192, .F. ) ;
#493 = DIRECTION ( 'NONE',  ( 0.0000000000000000000, 0.0000000000000000000, 1.000000000000000000 ) ) ;
#494 = VECTOR ( 'NONE', #3452, 1000.000000000000000 ) ;
#495 = CARTESIAN_POINT ( 'NONE',  ( 2.030000000000001100, -5.539999999999989400, 0.1000000000000000100 ) ) ;
#496 = FACE_OUTER_BOUND ( 'NONE', #1119, .T. ) ;
#497 = FILL_AREA_STYLE_COLOUR ( '', #1053 ) ;
#498 = DIRECTION ( 'NONE',  ( 0.0000000000000000000, 0.0000000000000000000, 1.000000000000000000 ) ) ;
#499 = LINE ( 'NONE', #869, #2453 ) ;
#500 = ORIENTED_EDGE ( 'NONE', *, *, #1675, .T. ) ;
#501 = ADVANCED_FACE ( 'NONE', ( #4178 ), #1940, .T. ) ;
#502 = EDGE_CURVE ( 'NONE', #417, #3864, #1629, .T. ) ;
#503 = VERTEX_POINT ( 'NONE', #4190 ) ;
#504 = FACE_OUTER_BOUND ( 'NONE', #2165, .T. ) ;
#505 = ORIENTED_EDGE ( 'NONE', *, *, #1976, .T. ) ;
#506 = ORIENTED_EDGE ( 'NONE', *, *, #2094, .F. ) ;
#507 = DIRECTION ( 'NONE',  ( -1.000000000000000000, 1.409462824231158600E-014, 0.0000000000000000000 ) ) ;
#508 = VERTEX_POINT ( 'NONE', #3801 ) ;
#509 = VECTOR ( 'NONE', #4737, 1000.000000000000000 ) ;
#510 = CARTESIAN_POINT ( 'NONE',  ( -2.200000000000001100, -5.789999999999998300, 0.0000000000000000000 ) ) ;
#511 = VERTEX_POINT ( 'NONE', #4522 ) ;
#512 = PRESENTATION_LAYER_ASSIGNMENT (  '', '', ( #25 ) ) ;
#513 = EDGE_LOOP ( 'NONE', ( #1376, #1434, #4649, #3822 ) ) ;
#514 = ORIENTED_EDGE ( 'NONE', *, *, #1241, .F. ) ;
#515 = LINE ( 'NONE', #1287, #4046 ) ;
#516 = UNCERTAINTY_MEASURE_WITH_UNIT (LENGTH_MEASURE( 1.000000000000000100E-005 ), #3957, 'distance_accuracy_value', 'NONE');
#517 = LINE ( 'NONE', #683, #690 ) ;
#518 = CARTESIAN_POINT ( 'NONE',  ( -0.3699999999999987700, -5.540000000000011600, 0.1000000000000000100 ) ) ;
#519 = DIRECTION ( 'NONE',  ( 0.0000000000000000000, 0.0000000000000000000, -1.000000000000000000 ) ) ;
#520 = DIRECTION ( 'NONE',  ( -1.000000000000000000, -3.469446951953611000E-015, 0.0000000000000000000 ) ) ;
#521 = VECTOR ( 'NONE', #3381, 1000.000000000000000 ) ;
#522 = ORIENTED_EDGE ( 'NONE', *, *, #2031, .F. ) ;
#523 = LINE ( 'NONE', #3043, #2020 ) ;
#524 = VECTOR ( 'NONE', #246, 1000.000000000000000 ) ;
#525 = EDGE_LOOP ( 'NONE', ( #985, #4795, #901, #1123 ) ) ;
#526 = DIRECTION ( 'NONE',  ( 0.0000000000000000000, -1.000000000000000000, -0.0000000000000000000 ) ) ;
#527 = ORIENTED_EDGE ( 'NONE', *, *, #2032, .T. ) ;
#528 = ADVANCED_FACE ( 'NONE', ( #2489 ), #1178, .T. ) ;
#529 = DIRECTION ( 'NONE',  ( 1.000000000000000000, 0.0000000000000000000, 0.0000000000000000000 ) ) ;
#530 = VECTOR ( 'NONE', #2313, 1000.000000000000000 ) ;
#531 = EDGE_CURVE ( 'NONE', #4502, #1932, #2322, .T. ) ;
#532 = FACE_OUTER_BOUND ( 'NONE', #3542, .T. ) ;
#533 = EDGE_CURVE ( 'NONE', #2640, #1841, #3940, .T. ) ;
#534 = CARTESIAN_POINT ( 'NONE',  ( 3.969999999999999800, -5.789999999999967200, 0.1000000000000000100 ) ) ;
#535 = DIRECTION ( 'NONE',  ( -0.0000000000000000000, -0.0000000000000000000, -1.000000000000000000 ) ) ;
#536 = DIRECTION ( 'NONE',  ( 0.0000000000000000000, 1.000000000000000000, 0.0000000000000000000 ) ) ;
#537 = EDGE_LOOP ( 'NONE', ( #3329, #4481, #3718, #2417 ) ) ;
#538 =( GEOMETRIC_REPRESENTATION_CONTEXT ( 3 ) GLOBAL_UNCERTAINTY_ASSIGNED_CONTEXT ( ( #4469 ) ) GLOBAL_UNIT_ASSIGNED_CONTEXT ( ( #3713, #807, #2589 ) ) REPRESENTATION_CONTEXT ( 'NONE', 'WORKASPACE' ) );
#539 = CARTESIAN_POINT ( 'NONE',  ( 0.8300000000000008500, -5.540000000000000900, 0.0000000000000000000 ) ) ;
#540 = VECTOR ( 'NONE', #2227, 1000.000000000000000 ) ;
#541 = DIRECTION ( 'NONE',  ( 1.409462824231158600E-014, 1.000000000000000000, -0.0000000000000000000 ) ) ;
#542 = CARTESIAN_POINT ( 'NONE',  ( -4.049999999999999800, -1.059999999999999400, 0.0000000000000000000 ) ) ;
#543 = MECHANICAL_DESIGN_GEOMETRIC_PRESENTATION_REPRESENTATION (  '', ( #2783 ), #1606 ) ;
#544 = ADVANCED_FACE ( 'NONE', ( #4120 ), #77, .F. ) ;
#545 = EDGE_CURVE ( 'NONE', #188, #3264, #472, .T. ) ;
#546 = FACE_OUTER_BOUND ( 'NONE', #4254, .T. ) ;
#547 = VECTOR ( 'NONE', #1191, 1000.000000000000000 ) ;
#548 = ORIENTED_EDGE ( 'NONE', *, *, #1550, .F. ) ;
#549 = ORIENTED_EDGE ( 'NONE', *, *, #2320, .F. ) ;
#550 = LINE ( 'NONE', #2180, #4368 ) ;
#551 = DIRECTION ( 'NONE',  ( 0.0000000000000000000, -1.000000000000000000, 0.0000000000000000000 ) ) ;
#552 = EDGE_LOOP ( 'NONE', ( #4316, #4065, #4559, #2263 ) ) ;
#553 = DIRECTION ( 'NONE',  ( -1.387778780781445700E-016, -1.000000000000000000, -0.0000000000000000000 ) ) ;
#554 = ORIENTED_EDGE ( 'NONE', *, *, #3546, .T. ) ;
#555 = FACE_OUTER_BOUND ( 'NONE', #2181, .T. ) ;
#556 = ORIENTED_EDGE ( 'NONE', *, *, #2507, .F. ) ;
#557 = DIRECTION ( 'NONE',  ( -0.0000000000000000000, -0.0000000000000000000, -1.000000000000000000 ) ) ;
#558 = DIRECTION ( 'NONE',  ( 0.0000000000000000000, -0.08715574274765952600, 0.9961946980917454300 ) ) ;
#559 = EDGE_CURVE ( 'NONE', #2693, #381, #773, .T. ) ;
#560 = VERTEX_POINT ( 'NONE', #4645 ) ;
#561 = ORIENTED_EDGE ( 'NONE', *, *, #1581, .T. ) ;
#562 = EDGE_LOOP ( 'NONE', ( #973, #3213, #2832, #263 ) ) ;
#563 = LINE ( 'NONE', #600, #2307 ) ;
#564 = PLANE ( 'NONE',  #1068 ) ;
#565 = LINE ( 'NONE', #2868, #1912 ) ;
#566 = DIRECTION ( 'NONE',  ( -1.000000000000000000, -3.469446951953611000E-015, 0.0000000000000000000 ) ) ;
#567 = ORIENTED_EDGE ( 'NONE', *, *, #3846, .F. ) ;
#568 = ADVANCED_FACE ( 'NONE', ( #4287 ), #3503, .F. ) ;
#569 = DIRECTION ( 'NONE',  ( 0.0000000000000000000, -1.000000000000000000, 0.0000000000000000000 ) ) ;
#570 = EDGE_LOOP ( 'NONE', ( #4272, #4615, #842, #1315 ) ) ;
#571 = LINE ( 'NONE', #331, #4519 ) ;
#572 =( GEOMETRIC_REPRESENTATION_CONTEXT ( 3 ) GLOBAL_UNCERTAINTY_ASSIGNED_CONTEXT ( ( #3597 ) ) GLOBAL_UNIT_ASSIGNED_CONTEXT ( ( #4583, #2354, #3802 ) ) REPRESENTATION_CONTEXT ( 'NONE', 'WORKASPACE' ) );
#573 = VECTOR ( 'NONE', #1106, 1000.000000000000000 ) ;
#574 = ORIENTED_EDGE ( 'NONE', *, *, #4153, .F. ) ;
#575 = EDGE_CURVE ( 'NONE', #3901, #2357, #889, .T. ) ;
#576 = DIRECTION ( 'NONE',  ( 0.0000000000000000000, 0.0000000000000000000, 1.000000000000000000 ) ) ;
#577 = FACE_OUTER_BOUND ( 'NONE', #2223, .T. ) ;
#578 = EDGE_CURVE ( 'NONE', #3939, #3241, #3479, .T. ) ;
#579 = DIRECTION ( 'NONE',  ( -1.000000000000000000, 0.0000000000000000000, 0.0000000000000000000 ) ) ;
#580 = VERTEX_POINT ( 'NONE', #2767 ) ;
#581 = CARTESIAN_POINT ( 'NONE',  ( -4.949999999999999300, -5.190000000000000400, 0.0000000000000000000 ) ) ;
#582 = AXIS2_PLACEMENT_3D ( 'NONE', #2437, #996, #3194 ) ;
#583 =( NAMED_UNIT ( * ) PLANE_ANGLE_UNIT ( ) SI_UNIT ( $, .RADIAN. ) );
#584 = DIRECTION ( 'NONE',  ( -0.0000000000000000000, 0.08715574274765466900, 0.9961946980917457700 ) ) ;
#585 = ORIENTED_EDGE ( 'NONE', *, *, #3439, .F. ) ;
#586 = EDGE_CURVE ( 'NONE', #112, #3939, #4238, .T. ) ;
#587 = DIRECTION ( 'NONE',  ( -1.000000000000000000, 0.0000000000000000000, 0.0000000000000000000 ) ) ;
#588 = CARTESIAN_POINT ( 'NONE',  ( -3.800000000000002000, -4.189999999999999500, 0.5000000000000000000 ) ) ;
#589 = ORIENTED_EDGE ( 'NONE', *, *, #682, .F. ) ;
#590 = DIRECTION ( 'NONE',  ( 1.000000000000000000, 0.0000000000000000000, 0.0000000000000000000 ) ) ;
#591 = CARTESIAN_POINT ( 'NONE',  ( 3.850000000000000500, 5.890000000000000600, 0.5000000000000000000 ) ) ;
#592 = MECHANICAL_DESIGN_GEOMETRIC_PRESENTATION_REPRESENTATION (  '', ( #1109 ), #4662 ) ;
#593 = ORIENTED_EDGE ( 'NONE', *, *, #559, .F. ) ;
#594 = CARTESIAN_POINT ( 'NONE',  ( -1.400000000000001000, -5.789999999999998300, 0.5000000000000000000 ) ) ;
#595 = DIRECTION ( 'NONE',  ( -0.08682659386424430900, -0.08682659386424412800, -0.9924325091389677400 ) ) ;
#596 = LINE ( 'NONE', #3761, #4194 ) ;
#597 = VERTEX_POINT ( 'NONE', #1288 ) ;
#598 = ORIENTED_EDGE ( 'NONE', *, *, #3020, .F. ) ;
#599 = LINE ( 'NONE', #4715, #4551 ) ;
#600 = CARTESIAN_POINT ( 'NONE',  ( -1.400000000000001000, -4.639999999999997900, 0.0000000000000000000 ) ) ;
#601 = LINE ( 'NONE', #345, #3447 ) ;
#602 = CARTESIAN_POINT ( 'NONE',  ( 0.9999999999999983300, -4.988776073890375300, 2.299999999999999800 ) ) ;
#603 = VERTEX_POINT ( 'NONE', #4267 ) ;
#604 = ORIENTED_EDGE ( 'NONE', *, *, #272, .T. ) ;
#605 = EDGE_CURVE ( 'NONE', #2533, #3060, #4344, .T. ) ;
#606 = VECTOR ( 'NONE', #551, 1000.000000000000000 ) ;
#607 = LINE ( 'NONE', #3334, #3909 ) ;
#608 = DIRECTION ( 'NONE',  ( 0.0000000000000000000, -1.000000000000000000, 0.0000000000000000000 ) ) ;
#609 = EDGE_LOOP ( 'NONE', ( #971, #2245, #4276, #362 ) ) ;
#610 = CARTESIAN_POINT ( 'NONE',  ( -4.600000000000001400, -5.789999999999987600, 0.5000000000000000000 ) ) ;
#611 = EDGE_CURVE ( 'NONE', #2193, #3630, #358, .T. ) ;
#612 = CARTESIAN_POINT ( 'NONE',  ( 1.399999999999998400, -4.639999999999998800, 0.5000000000000000000 ) ) ;
#613 = CARTESIAN_POINT ( 'NONE',  ( 2.599999999999998300, -5.189999999999992400, 0.0000000000000000000 ) ) ;
#614 = VECTOR ( 'NONE', #3178, 1000.000000000000000 ) ;
#615 = PLANE ( 'NONE',  #1845 ) ;
#616 = ORIENTED_EDGE ( 'NONE', *, *, #3696, .F. ) ;
#617 = EDGE_CURVE ( 'NONE', #560, #4159, #2081, .T. ) ;
#618 = ADVANCED_FACE ( 'NONE', ( #4699 ), #2794, .F. ) ;
#619 = ORIENTED_EDGE ( 'NONE', *, *, #3970, .F. ) ;
#620 = ORIENTED_EDGE ( 'NONE', *, *, #3844, .T. ) ;
#621 = VECTOR ( 'NONE', #2138, 1000.000000000000100 ) ;
#622 = EDGE_LOOP ( 'NONE', ( #1280, #522, #746, #4548 ) ) ;
#623 = DIRECTION ( 'NONE',  ( -0.0000000000000000000, 1.000000000000000000, 0.0000000000000000000 ) ) ;
#624 = CARTESIAN_POINT ( 'NONE',  ( 3.399999999999998600, -5.789999999999999100, 0.5000000000000000000 ) ) ;
#625 = DIRECTION ( 'NONE',  ( -3.469446951953611000E-015, -1.000000000000000000, 0.0000000000000000000 ) ) ;
#626 = EDGE_LOOP ( 'NONE', ( #3600, #4796, #884, #1713 ) ) ;
#627 = ORIENTED_EDGE ( 'NONE', *, *, #4480, .T. ) ;
#628 = FACE_OUTER_BOUND ( 'NONE', #2484, .T. ) ;
#629 = PRODUCT_DEFINITION_CONTEXT ( 'detailed design', #3433, 'design' ) ;
#630 = VECTOR ( 'NONE', #2905, 1000.000000000000000 ) ;
#631 = AXIS2_PLACEMENT_3D ( 'NONE', #371, #1865, #3376 ) ;
#632 = DIRECTION ( 'NONE',  ( -1.000000000000000000, -0.0000000000000000000, -0.0000000000000000000 ) ) ;
#633 = LINE ( 'NONE', #2501, #3470 ) ;
#634 = PLANE ( 'NONE',  #3757 ) ;
#635 = EDGE_LOOP ( 'NONE', ( #3506, #52, #3552, #55, #3171, #3850, #748, #2759, #685, #2258, #4, #4133 ) ) ;
#636 = DIRECTION ( 'NONE',  ( -1.070816960479510600E-016, -1.000000000000000000, 0.0000000000000000000 ) ) ;
#637 = VECTOR ( 'NONE', #1139, 1000.000000000000000 ) ;
#638 = DIRECTION ( 'NONE',  ( -5.421010862427523200E-016, -1.000000000000000000, 0.0000000000000000000 ) ) ;
#639 = DIRECTION ( 'NONE',  ( 1.000000000000000000, 0.0000000000000000000, 0.0000000000000000000 ) ) ;
#640 = DIRECTION ( 'NONE',  ( 1.387778780781445700E-016, 1.000000000000000000, 0.0000000000000000000 ) ) ;
#641 = LINE ( 'NONE', #2459, #1514 ) ;
#642 = VERTEX_POINT ( 'NONE', #3459 ) ;
#643 = ORIENTED_EDGE ( 'NONE', *, *, #3823, .F. ) ;
#644 = VECTOR ( 'NONE', #4240, 1000.000000000000000 ) ;
#645 = EDGE_CURVE ( 'NONE', #217, #2115, #235, .T. ) ;
#646 = PLANE ( 'NONE',  #3981 ) ;
#647 = CARTESIAN_POINT ( 'NONE',  ( 0.0000000000000000000, -5.146255668237032000, 0.5000000000000000000 ) ) ;
#648 = LINE ( 'NONE', #1493, #3030 ) ;
#649 = ORIENTED_EDGE ( 'NONE', *, *, #2850, .T. ) ;
#650 = ADVANCED_FACE ( 'NONE', ( #3592 ), #3488, .F. ) ;
#651 = CARTESIAN_POINT ( 'NONE',  ( -4.049999999999999800, 5.146255668237037300, 0.4999999999999997800 ) ) ;
#652 = DIRECTION ( 'NONE',  ( 0.9961946980917458800, 8.324288677376585800E-017, -0.08715574274765487700 ) ) ;
#653 = PLANE ( 'NONE',  #4458 ) ;
#654 = ORIENTED_EDGE ( 'NONE', *, *, #418, .T. ) ;
#655 = CARTESIAN_POINT ( 'NONE',  ( 4.049999999999999800, -1.060000000000000300, -0.0000000000000000000 ) ) ;
#656 = CARTESIAN_POINT ( 'NONE',  ( 0.5000000000000000000, 5.890000000000001500, 0.0000000000000000000 ) ) ;
#657 = SURFACE_SIDE_STYLE ('',( #1150 ) ) ;
#658 = EDGE_CURVE ( 'NONE', #3881, #1920, #1342, .T. ) ;
#659 = DIRECTION ( 'NONE',  ( -7.542275982507858100E-016, 1.000000000000000000, 0.0000000000000000000 ) ) ;
#660 = DIRECTION ( 'NONE',  ( 0.0000000000000000000, 1.000000000000000000, -0.0000000000000000000 ) ) ;
#661 = VECTOR ( 'NONE', #1438, 1000.000000000000000 ) ;
#662 = CARTESIAN_POINT ( 'NONE',  ( -1.400000000000001000, -5.189999999999992400, 0.0000000000000000000 ) ) ;
#663 = FACE_OUTER_BOUND ( 'NONE', #513, .T. ) ;
#664 = VECTOR ( 'NONE', #392, 1000.000000000000000 ) ;
#665 = CARTESIAN_POINT ( 'NONE',  ( 0.8299999999999999600, -5.790000000000000900, 0.1000000000000000100 ) ) ;
#666 = ORIENTED_EDGE ( 'NONE', *, *, #1386, .T. ) ;
#667 = EDGE_CURVE ( 'NONE', #1213, #2117, #2618, .T. ) ;
#668 = LINE ( 'NONE', #4542, #1765 ) ;
#669 = ADVANCED_FACE ( 'NONE', ( #232 ), #4582, .F. ) ;
#670 = LINE ( 'NONE', #4073, #3502 ) ;
#671 = SURFACE_STYLE_FILL_AREA ( #4226 ) ;
#672 = EDGE_LOOP ( 'NONE', ( #4365, #1517, #1271, #4101 ) ) ;
#673 = CARTESIAN_POINT ( 'NONE',  ( -0.2000000000000018200, -4.639999999999997900, 0.5000000000000000000 ) ) ;
#674 = CARTESIAN_POINT ( 'NONE',  ( -3.399999999999999900, -4.189999999999999500, 0.5000000000000000000 ) ) ;
#675 = EDGE_CURVE ( 'NONE', #4666, #2010, #3424, .T. ) ;
#676 = DIRECTION ( 'NONE',  ( 0.0000000000000000000, 0.0000000000000000000, 1.000000000000000000 ) ) ;
#677 = LINE ( 'NONE', #275, #4319 ) ;
#678 = ORIENTED_EDGE ( 'NONE', *, *, #4528, .T. ) ;
#679 = AXIS2_PLACEMENT_3D ( 'NONE', #4596, #1266, #3861 ) ;
#680 = VECTOR ( 'NONE', #1571, 1000.000000000000000 ) ;
#681 = EDGE_LOOP ( 'NONE', ( #2069, #2209, #2755, #79 ) ) ;
#682 = EDGE_CURVE ( 'NONE', #326, #2729, #4174, .T. ) ;
#683 = CARTESIAN_POINT ( 'NONE',  ( 2.769999999999999100, -5.539999999999977800, 0.1000000000000000100 ) ) ;
#684 = PLANE ( 'NONE',  #75 ) ;
#685 = ORIENTED_EDGE ( 'NONE', *, *, #1764, .T. ) ;
#686 = DIRECTION ( 'NONE',  ( 0.0000000000000000000, 0.0000000000000000000, -1.000000000000000000 ) ) ;
#687 = ORIENTED_EDGE ( 'NONE', *, *, #1148, .F. ) ;
#688 = VECTOR ( 'NONE', #1080, 1000.000000000000000 ) ;
#689 = EDGE_CURVE ( 'NONE', #4165, #344, #3775, .T. ) ;
#690 = VECTOR ( 'NONE', #2490, 1000.000000000000000 ) ;
#691 = VERTEX_POINT ( 'NONE', #588 ) ;
#692 = CARTESIAN_POINT ( 'NONE',  ( -4.450000000000001100, -1.010000000000000500, 0.4000000000000000200 ) ) ;
#693 = VECTOR ( 'NONE', #4535, 1000.000000000000000 ) ;
#694 = CARTESIAN_POINT ( 'NONE',  ( 0.0000000000000000000, 0.0000000000000000000, 0.1000000000000000100 ) ) ;
#695 = DIRECTION ( 'NONE',  ( 0.0000000000000000000, 0.0000000000000000000, -1.000000000000000000 ) ) ;
#696 = DIRECTION ( 'NONE',  ( 7.542275982507857100E-016, -1.000000000000000000, -0.0000000000000000000 ) ) ;
#697 = LINE ( 'NONE', #1641, #3878 ) ;
#698 = ORIENTED_EDGE ( 'NONE', *, *, #1182, .T. ) ;
#699 = AXIS2_PLACEMENT_3D ( 'NONE', #2070, #1733, #640 ) ;
#700 = ADVANCED_FACE ( 'NONE', ( #577 ), #2844, .T. ) ;
#701 = CARTESIAN_POINT ( 'NONE',  ( -0.5000000000000000000, 5.890000000000001500, 0.5000000000000000000 ) ) ;
#702 = CARTESIAN_POINT ( 'NONE',  ( 3.969999999999998900, -5.539999999999967200, 0.1000000000000000100 ) ) ;
#703 = FACE_OUTER_BOUND ( 'NONE', #635, .T. ) ;
#704 = PLANE ( 'NONE',  #3434 ) ;
#705 = FILL_AREA_STYLE_COLOUR ( '', #201 ) ;
#706 = DIRECTION ( 'NONE',  ( -3.469446951953611000E-015, 1.000000000000000000, -0.0000000000000000000 ) ) ;
#707 = ORIENTED_EDGE ( 'NONE', *, *, #327, .T. ) ;
#708 = VECTOR ( 'NONE', #3747, 1000.000000000000000 ) ;
#709 = EDGE_CURVE ( 'NONE', #1715, #3533, #768, .T. ) ;
#710 = DIRECTION ( 'NONE',  ( 1.000000000000000000, 1.084202172485505200E-015, 0.0000000000000000000 ) ) ;
#711 = EDGE_CURVE ( 'NONE', #2803, #2411, #3475, .T. ) ;
#712 = CARTESIAN_POINT ( 'NONE',  ( 4.900000000000000400, 5.890000000000000600, 0.5000000000000000000 ) ) ;
#713 = DIRECTION ( 'NONE',  ( 0.0000000000000000000, 1.000000000000000000, -0.0000000000000000000 ) ) ;
#714 = ORIENTED_EDGE ( 'NONE', *, *, #3160, .T. ) ;
#715 = DIRECTION ( 'NONE',  ( -0.0000000000000000000, -0.0000000000000000000, 1.000000000000000000 ) ) ;
#716 = EDGE_LOOP ( 'NONE', ( #772, #1014, #2463, #3868 ) ) ;
#717 = DIRECTION ( 'NONE',  ( -0.0000000000000000000, -0.0000000000000000000, -1.000000000000000000 ) ) ;
#718 = CARTESIAN_POINT ( 'NONE',  ( 0.1999999999999985700, -4.639999999999997900, -0.0000000000000000000 ) ) ;
#719 = AXIS2_PLACEMENT_3D ( 'NONE', #1338, #4622, #1305 ) ;
#720 = PLANE ( 'NONE',  #2887 ) ;
#721 = CARTESIAN_POINT ( 'NONE',  ( 2.199999999999998000, -4.639999999999998800, -0.0000000000000000000 ) ) ;
#722 = FACE_OUTER_BOUND ( 'NONE', #2586, .T. ) ;
#723 = ADVANCED_FACE ( 'NONE', ( #1451 ), #4292, .F. ) ;
#724 = VERTEX_POINT ( 'NONE', #2077 ) ;
#725 = CARTESIAN_POINT ( 'NONE',  ( 4.650000000000000400, -1.010000000000000500, 0.5000000000000000000 ) ) ;
#726 = FACE_OUTER_BOUND ( 'NONE', #3045, .T. ) ;
#727 = SURFACE_SIDE_STYLE ('',( #1562 ) ) ;
#728 = CARTESIAN_POINT ( 'NONE',  ( -2.769999999999999100, -5.540000000000033800, 0.1000000000000000100 ) ) ;
#729 = ORIENTED_EDGE ( 'NONE', *, *, #932, .T. ) ;
#730 = ORIENTED_EDGE ( 'NONE', *, *, #2317, .F. ) ;
#731 = VECTOR ( 'NONE', #3255, 1000.000000000000000 ) ;
#732 = LINE ( 'NONE', #2445, #4433 ) ;
#733 = ORIENTED_EDGE ( 'NONE', *, *, #3804, .T. ) ;
#734 = DIRECTION ( 'NONE',  ( -1.000000000000000000, -0.0000000000000000000, -0.0000000000000000000 ) ) ;
#735 = EDGE_LOOP ( 'NONE', ( #3374, #2306, #2668, #4391 ) ) ;
#736 = CARTESIAN_POINT ( 'NONE',  ( -1.000000000000000900, -5.146255668237032000, 0.5000000000000000000 ) ) ;
#737 = PRESENTATION_STYLE_ASSIGNMENT (( #4650 ) ) ;
#738 = DIRECTION ( 'NONE',  ( 0.0000000000000000000, 0.0000000000000000000, 1.000000000000000000 ) ) ;
#739 = CARTESIAN_POINT ( 'NONE',  ( -2.769999999999999100, -5.540000000000033800, 0.0000000000000000000 ) ) ;
#740 = VECTOR ( 'NONE', #4399, 1000.000000000000000 ) ;
#741 = ORIENTED_EDGE ( 'NONE', *, *, #3070, .F. ) ;
#742 = EDGE_CURVE ( 'NONE', #1160, #3220, #832, .T. ) ;
#743 = ORIENTED_EDGE ( 'NONE', *, *, #2646, .T. ) ;
#744 = VECTOR ( 'NONE', #3560, 1000.000000000000000 ) ;
#745 = DIRECTION ( 'NONE',  ( 7.542275982507857100E-016, -1.000000000000000000, -0.0000000000000000000 ) ) ;
#746 = ORIENTED_EDGE ( 'NONE', *, *, #1524, .T. ) ;
#747 = CARTESIAN_POINT ( 'NONE',  ( 1.399999999999998400, -4.639999999999998800, -0.0000000000000000000 ) ) ;
#748 = ORIENTED_EDGE ( 'NONE', *, *, #531, .T. ) ;
#749 = EDGE_CURVE ( 'NONE', #503, #724, #2318, .T. ) ;
#750 = DIRECTION ( 'NONE',  ( -3.469446951953611000E-015, 1.000000000000000000, -0.0000000000000000000 ) ) ;
#751 = PLANE ( 'NONE',  #2916 ) ;
#752 = ORIENTED_EDGE ( 'NONE', *, *, #4683, .F. ) ;
#753 = ORIENTED_EDGE ( 'NONE', *, *, #187, .F. ) ;
#754 = LINE ( 'NONE', #3726, #4569 ) ;
#755 = ORIENTED_EDGE ( 'NONE', *, *, #3883, .F. ) ;
#756 = ADVANCED_FACE ( 'NONE', ( #3717 ), #259, .T. ) ;
#757 = CARTESIAN_POINT ( 'NONE',  ( 2.769999999999999100, -5.539999999999977800, 0.1000000000000000100 ) ) ;
#758 = DIRECTION ( 'NONE',  ( 8.356086107788088100E-017, -1.000000000000000000, 0.0000000000000000000 ) ) ;
#759 = CARTESIAN_POINT ( 'NONE',  ( -3.969999999999998900, -5.540000000000045300, 0.1000000000000000100 ) ) ;
#760 = ORIENTED_EDGE ( 'NONE', *, *, #2496, .F. ) ;
#761 = ORIENTED_EDGE ( 'NONE', *, *, #2000, .T. ) ;
#762 = DIRECTION ( 'NONE',  ( -0.0000000000000000000, -0.0000000000000000000, -1.000000000000000000 ) ) ;
#763 = PLANE ( 'NONE',  #924 ) ;
#764 = VECTOR ( 'NONE', #3126, 1000.000000000000000 ) ;
#765 = EDGE_LOOP ( 'NONE', ( #1950, #4341, #3064, #2958 ) ) ;
#766 = EDGE_CURVE ( 'NONE', #4524, #1276, #3075, .T. ) ;
#767 = VECTOR ( 'NONE', #100, 1000.000000000000000 ) ;
#768 = LINE ( 'NONE', #602, #3937 ) ;
#769 = ORIENTED_EDGE ( 'NONE', *, *, #1301, .F. ) ;
#770 = DIRECTION ( 'NONE',  ( 0.0000000000000000000, 0.08715574274765951200, -0.9961946980917454300 ) ) ;
#771 = DIRECTION ( 'NONE',  ( 0.0000000000000000000, 0.0000000000000000000, -1.000000000000000000 ) ) ;
#772 = ORIENTED_EDGE ( 'NONE', *, *, #2149, .F. ) ;
#773 = LINE ( 'NONE', #1955, #2975 ) ;
#774 = FILL_AREA_STYLE_COLOUR ( '', #1535 ) ;
#775 = DIRECTION ( 'NONE',  ( -1.000000000000000000, -0.0000000000000000000, -0.0000000000000000000 ) ) ;
#776 = CARTESIAN_POINT ( 'NONE',  ( 3.399999999999998100, -5.189999999999992400, 0.0000000000000000000 ) ) ;
#777 = LINE ( 'NONE', #4497, #1738 ) ;
#778 = VERTEX_POINT ( 'NONE', #4672 ) ;
#779 = DIRECTION ( 'NONE',  ( 0.0000000000000000000, 0.0000000000000000000, -1.000000000000000000 ) ) ;
#780 = DIRECTION ( 'NONE',  ( -3.469446951953611000E-015, 1.000000000000000000, -0.0000000000000000000 ) ) ;
#781 = AXIS2_PLACEMENT_3D ( 'NONE', #436, #1917, #1206 ) ;
#782 = ORIENTED_EDGE ( 'NONE', *, *, #4096, .T. ) ;
#783 = CARTESIAN_POINT ( 'NONE',  ( -0.3699999999999987700, -5.540000000000011600, 0.1000000000000000100 ) ) ;
#784 = ADVANCED_FACE ( 'NONE', ( #3587 ), #1741, .F. ) ;
#785 = CARTESIAN_POINT ( 'NONE',  ( 2.199999999999998800, -5.789999999999999100, -0.0000000000000000000 ) ) ;
#786 = AXIS2_PLACEMENT_3D ( 'NONE', #887, #3837, #4632 ) ;
#787 = DIRECTION ( 'NONE',  ( 1.209528904084415300E-017, 0.08715574274765466900, -0.9961946980917457700 ) ) ;
#788 = EDGE_CURVE ( 'NONE', #177, #234, #1734, .T. ) ;
#789 = CARTESIAN_POINT ( 'NONE',  ( -4.600000000000000500, -4.189999999999988000, 0.0000000000000000000 ) ) ;
#790 = CARTESIAN_POINT ( 'NONE',  ( -2.030000000000000700, -5.540000000000022200, 0.0000000000000000000 ) ) ;
#791 = VECTOR ( 'NONE', #1110, 1000.000000000000000 ) ;
#792 = EDGE_CURVE ( 'NONE', #3335, #916, #4756, .T. ) ;
#793 = CARTESIAN_POINT ( 'NONE',  ( 0.1999999999999985700, -4.639999999999997900, 0.5000000000000000000 ) ) ;
#794 = CARTESIAN_POINT ( 'NONE',  ( 1.399999999999998400, -4.639999999999998800, 0.5000000000000000000 ) ) ;
#795 = EDGE_LOOP ( 'NONE', ( #574, #140, #3956, #276 ) ) ;
#796 = VECTOR ( 'NONE', #2643, 1000.000000000000000 ) ;
#797 = LINE ( 'NONE', #3360, #4606 ) ;
#798 = ORIENTED_EDGE ( 'NONE', *, *, #122, .F. ) ;
#799 = CARTESIAN_POINT ( 'NONE',  ( 4.650000000000000400, 1.989999999999999100, 0.4000000000000000200 ) ) ;
#800 = CARTESIAN_POINT ( 'NONE',  ( -3.400000000000000800, -5.789999999999998300, 0.0000000000000000000 ) ) ;
#801 = STYLED_ITEM ( 'NONE', ( #2215 ), #2595 ) ;
#802 = LINE ( 'NONE', #109, #1648 ) ;
#803 = LINE ( 'NONE', #1439, #2873 ) ;
#804 = LINE ( 'NONE', #84, #2874 ) ;
#805 = EDGE_LOOP ( 'NONE', ( #2342, #1962, #2608, #2652 ) ) ;
#806 = ORIENTED_EDGE ( 'NONE', *, *, #3389, .T. ) ;
#807 =( NAMED_UNIT ( * ) PLANE_ANGLE_UNIT ( ) SI_UNIT ( $, .RADIAN. ) );
#808 = CARTESIAN_POINT ( 'NONE',  ( -4.900000000000000400, 5.146255668237037300, 0.4999999999999997800 ) ) ;
#809 = VECTOR ( 'NONE', #4652, 1000.000000000000000 ) ;
#810 = PLANE ( 'NONE',  #3038 ) ;
#811 = EDGE_LOOP ( 'NONE', ( #1522, #4628, #378, #593 ) ) ;
#812 = PLANE ( 'NONE',  #215 ) ;
#813 = EDGE_CURVE ( 'NONE', #4666, #511, #2970, .T. ) ;
#814 = LINE ( 'NONE', #3382, #2058 ) ;
#815 = VERTEX_POINT ( 'NONE', #4693 ) ;
#816 = EDGE_CURVE ( 'NONE', #2473, #1620, #2078, .T. ) ;
#817 = ORIENTED_EDGE ( 'NONE', *, *, #1357, .T. ) ;
#818 = CARTESIAN_POINT ( 'NONE',  ( -3.800000000000002000, -4.189999999999999500, 0.0000000000000000000 ) ) ;
#819 = EDGE_LOOP ( 'NONE', ( #556, #435, #1378, #4329 ) ) ;
#820 = LINE ( 'NONE', #4108, #219 ) ;
#821 = DIRECTION ( 'NONE',  ( 3.469446951953611000E-015, -1.000000000000000000, 0.0000000000000000000 ) ) ;
#822 = LINE ( 'NONE', #3216, #170 ) ;
#823 = VERTEX_POINT ( 'NONE', #3166 ) ;
#824 = VECTOR ( 'NONE', #2639, 1000.000000000000000 ) ;
#825 = AXIS2_PLACEMENT_3D ( 'NONE', #2231, #4798, #395 ) ;
#826 = DIRECTION ( 'NONE',  ( -0.0000000000000000000, -0.08715574274765952600, 0.9961946980917454300 ) ) ;
#827 =( NAMED_UNIT ( * ) PLANE_ANGLE_UNIT ( ) SI_UNIT ( $, .RADIAN. ) );
#828 = DIRECTION ( 'NONE',  ( -0.0000000000000000000, -1.000000000000000000, -0.0000000000000000000 ) ) ;
#829 = LINE ( 'NONE', #2557, #3995 ) ;
#830 = ORIENTED_EDGE ( 'NONE', *, *, #1364, .F. ) ;
#831 = DIRECTION ( 'NONE',  ( -0.0000000000000000000, -0.0000000000000000000, -1.000000000000000000 ) ) ;
#832 = LINE ( 'NONE', #3584, #3185 ) ;
#833 = EDGE_CURVE ( 'NONE', #217, #2053, #4694, .T. ) ;
#834 = DIRECTION ( 'NONE',  ( 3.469446951953611000E-015, 1.000000000000000000, 0.0000000000000000000 ) ) ;
#835 = ADVANCED_FACE ( 'NONE', ( #2727 ), #3183, .F. ) ;
#836 = FACE_OUTER_BOUND ( 'NONE', #3292, .T. ) ;
#837 = AXIS2_PLACEMENT_3D ( 'NONE', #141, #2768, #1240 ) ;
#838 = VERTEX_POINT ( 'NONE', #3537 ) ;
#839 = CARTESIAN_POINT ( 'NONE',  ( 4.900000000000000400, 5.890000000000000600, 0.0000000000000000000 ) ) ;
#840 = DIRECTION ( 'NONE',  ( -0.0000000000000000000, -0.0000000000000000000, -1.000000000000000000 ) ) ;
#841 = EDGE_CURVE ( 'NONE', #2795, #1317, #2483, .T. ) ;
#842 = ORIENTED_EDGE ( 'NONE', *, *, #2279, .T. ) ;
#843 = EDGE_CURVE ( 'NONE', #4589, #4385, #1572, .T. ) ;
#844 = CARTESIAN_POINT ( 'NONE',  ( 0.0000000000000000000, 0.0000000000000000000, 0.0000000000000000000 ) ) ;
#845 = LINE ( 'NONE', #226, #2098 ) ;
#846 = FACE_OUTER_BOUND ( 'NONE', #819, .T. ) ;
#847 = ADVANCED_FACE ( 'NONE', ( #121 ), #3636, .F. ) ;
#848 = FILL_AREA_STYLE_COLOUR ( '', #369 ) ;
#849 = CARTESIAN_POINT ( 'NONE',  ( 0.0000000000000000000, -5.146255668237032000, 0.5000000000000000000 ) ) ;
#850 = ORIENTED_EDGE ( 'NONE', *, *, #189, .T. ) ;
#851 = CARTESIAN_POINT ( 'NONE',  ( -4.450000000000001100, 1.989999999999999100, 0.4999999999999345000 ) ) ;
#852 = EDGE_CURVE ( 'NONE', #1932, #56, #2369, .T. ) ;
#853 = DIRECTION ( 'NONE',  ( 0.0000000000000000000, 1.000000000000000000, -0.0000000000000000000 ) ) ;
#854 = LINE ( 'NONE', #1336, #250 ) ;
#855 = VERTEX_POINT ( 'NONE', #1432 ) ;
#856 = ORIENTED_EDGE ( 'NONE', *, *, #181, .F. ) ;
#857 = LINE ( 'NONE', #2068, #2107 ) ;
#858 = LINE ( 'NONE', #3322, #1706 ) ;
#859 = CARTESIAN_POINT ( 'NONE',  ( -4.650000000000000400, -1.010000000000000500, 0.5000000000000000000 ) ) ;
#860 = EDGE_LOOP ( 'NONE', ( #2002, #2800, #3676, #2157 ) ) ;
#861 = CARTESIAN_POINT ( 'NONE',  ( 1.399999999999998400, -5.189999999999992400, 0.0000000000000000000 ) ) ;
#862 = FACE_OUTER_BOUND ( 'NONE', #906, .T. ) ;
#863 = ORIENTED_EDGE ( 'NONE', *, *, #4717, .T. ) ;
#864 = VERTEX_POINT ( 'NONE', #3301 ) ;
#865 = CARTESIAN_POINT ( 'NONE',  ( 0.1999999999999985700, -4.639999999999997900, 0.5000000000000000000 ) ) ;
#866 = DIRECTION ( 'NONE',  ( 0.0000000000000000000, 0.0000000000000000000, 1.000000000000000000 ) ) ;
#867 = DIRECTION ( 'NONE',  ( -9.311383363699040200E-015, 1.000000000000000000, 0.0000000000000000000 ) ) ;
#868 = VERTEX_POINT ( 'NONE', #3259 ) ;
#869 = CARTESIAN_POINT ( 'NONE',  ( -3.399999999999999900, -4.189999999999999500, 0.5000000000000000000 ) ) ;
#870 = VERTEX_POINT ( 'NONE', #3247 ) ;
#871 = LINE ( 'NONE', #1463, #2772 ) ;
#872 = ORIENTED_EDGE ( 'NONE', *, *, #2854, .F. ) ;
#873 = PRESENTATION_LAYER_ASSIGNMENT (  '', '', ( #2783 ) ) ;
#874 = ORIENTED_EDGE ( 'NONE', *, *, #1332, .F. ) ;
#875 = VERTEX_POINT ( 'NONE', #3653 ) ;
#876 = LINE ( 'NONE', #4655, #2718 ) ;
#877 = EDGE_CURVE ( 'NONE', #4215, #823, #1112, .T. ) ;
#878 = LINE ( 'NONE', #2757, #764 ) ;
#879 = EDGE_LOOP ( 'NONE', ( #554, #4676, #3011, #110 ) ) ;
#880 = DIRECTION ( 'NONE',  ( 0.0000000000000000000, -1.000000000000000000, 0.0000000000000000000 ) ) ;
#881 = VECTOR ( 'NONE', #273, 1000.000000000000000 ) ;
#882 = EDGE_CURVE ( 'NONE', #1685, #4025, #982, .T. ) ;
#883 = LINE ( 'NONE', #4188, #4467 ) ;
#884 = ORIENTED_EDGE ( 'NONE', *, *, #928, .F. ) ;
#885 = EDGE_CURVE ( 'NONE', #1097, #2809, #3825, .T. ) ;
#886 = CARTESIAN_POINT ( 'NONE',  ( 4.049999999999999800, -1.060000000000000300, 0.5000000000000000000 ) ) ;
#887 = CARTESIAN_POINT ( 'NONE',  ( -2.200000000000001100, -4.189999999999998600, 0.5000000000000000000 ) ) ;
#888 = ORIENTED_EDGE ( 'NONE', *, *, #3164, .F. ) ;
#889 = LINE ( 'NONE', #2384, #1974 ) ;
#890 = LINE ( 'NONE', #60, #294 ) ;
#891 = ORIENTED_EDGE ( 'NONE', *, *, #841, .T. ) ;
#892 = AXIS2_PLACEMENT_3D ( 'NONE', #3889, #541, #2456 ) ;
#893 = CARTESIAN_POINT ( 'NONE',  ( -3.399999999999999900, -4.189999999999999500, 0.5000000000000000000 ) ) ;
#894 = DIRECTION ( 'NONE',  ( 0.0000000000000000000, 0.0000000000000000000, -1.000000000000000000 ) ) ;
#895 = ORIENTED_EDGE ( 'NONE', *, *, #2376, .F. ) ;
#896 = AXIS2_PLACEMENT_3D ( 'NONE', #4044, #1828, #2202 ) ;
#897 = CARTESIAN_POINT ( 'NONE',  ( 3.850000000000000100, 5.690000000000000400, 0.5000000000000000000 ) ) ;
#898 = ADVANCED_FACE ( 'NONE', ( #703 ), #2514, .F. ) ;
#899 = EDGE_CURVE ( 'NONE', #855, #1570, #1969, .T. ) ;
#900 = LINE ( 'NONE', #4041, #791 ) ;
#901 = ORIENTED_EDGE ( 'NONE', *, *, #3143, .F. ) ;
#902 = DIRECTION ( 'NONE',  ( -1.387778780781445700E-016, -1.000000000000000000, -0.0000000000000000000 ) ) ;
#903 = DIRECTION ( 'NONE',  ( 0.0000000000000000000, 1.000000000000000000, 0.0000000000000000000 ) ) ;
#904 = LINE ( 'NONE', #184, #3794 ) ;
#905 = VECTOR ( 'NONE', #3660, 1000.000000000000000 ) ;
#906 = EDGE_LOOP ( 'NONE', ( #2706, #567, #332, #3270 ) ) ;
#907 = DIRECTION ( 'NONE',  ( 1.084202172485505200E-015, -1.000000000000000000, -0.0000000000000000000 ) ) ;
#908 = FACE_OUTER_BOUND ( 'NONE', #486, .T. ) ;
#909 = VECTOR ( 'NONE', #717, 1000.000000000000000 ) ;
#910 = ORIENTED_EDGE ( 'NONE', *, *, #2579, .F. ) ;
#911 = VECTOR ( 'NONE', #2314, 1000.000000000000000 ) ;
#912 = VERTEX_POINT ( 'NONE', #3280 ) ;
#913 = EDGE_CURVE ( 'NONE', #912, #234, #1230, .T. ) ;
#914 = ORIENTED_EDGE ( 'NONE', *, *, #1759, .T. ) ;
#915 = LINE ( 'NONE', #2097, #4265 ) ;
#916 = VERTEX_POINT ( 'NONE', #1803 ) ;
#917 = DIRECTION ( 'NONE',  ( 0.0000000000000000000, 0.0000000000000000000, -1.000000000000000000 ) ) ;
#918 = PLANE ( 'NONE',  #2088 ) ;
#919 = CARTESIAN_POINT ( 'NONE',  ( -2.600000000000000500, -5.146255668237032000, 0.5000000000000000000 ) ) ;
#920 = CARTESIAN_POINT ( 'NONE',  ( 0.9999999999999988900, -5.789999999999998300, -0.0000000000000000000 ) ) ;
#921 = ADVANCED_FACE ( 'NONE', ( #1859 ), #3076, .F. ) ;
#922 = DIRECTION ( 'NONE',  ( -0.0000000000000000000, -0.0000000000000000000, -1.000000000000000000 ) ) ;
#923 = VERTEX_POINT ( 'NONE', #2333 ) ;
#924 = AXIS2_PLACEMENT_3D ( 'NONE', #18, #1854, #1884 ) ;
#925 = ORIENTED_EDGE ( 'NONE', *, *, #4294, .T. ) ;
#926 = ORIENTED_EDGE ( 'NONE', *, *, #2099, .T. ) ;
#927 = VECTOR ( 'NONE', #5, 1000.000000000000000 ) ;
#928 = EDGE_CURVE ( 'NONE', #3111, #2019, #883, .T. ) ;
#929 = PLANE ( 'NONE',  #1874 ) ;
#930 = ORIENTED_EDGE ( 'NONE', *, *, #1167, .T. ) ;
#931 = FACE_OUTER_BOUND ( 'NONE', #4423, .T. ) ;
#932 = EDGE_CURVE ( 'NONE', #4232, #1841, #641, .T. ) ;
#933 = LINE ( 'NONE', #647, #2667 ) ;
#934 = ORIENTED_EDGE ( 'NONE', *, *, #2823, .T. ) ;
#935 = CARTESIAN_POINT ( 'NONE',  ( -1.000000000000000900, -4.639999999999997900, 0.5000000000000000000 ) ) ;
#936 = VECTOR ( 'NONE', #284, 1000.000000000000000 ) ;
#937 = EDGE_CURVE ( 'NONE', #1029, #91, #2203, .T. ) ;
#938 = LINE ( 'NONE', #1795, #2378 ) ;
#939 = EDGE_CURVE ( 'NONE', #1869, #642, #2553, .T. ) ;
#940 =( LENGTH_UNIT ( ) NAMED_UNIT ( * ) SI_UNIT ( .MILLI., .METRE. ) );
#941 = CARTESIAN_POINT ( 'NONE',  ( 2.769999999999999100, -5.539999999999977800, 0.1000000000000000100 ) ) ;
#942 = ADVANCED_FACE ( 'NONE', ( #3306 ), #1236, .F. ) ;
#943 = EDGE_LOOP ( 'NONE', ( #2294, #1354, #3464, #891 ) ) ;
#944 = CARTESIAN_POINT ( 'NONE',  ( -3.849999999999999600, 5.890000000000001500, 0.0000000000000000000 ) ) ;
#945 = DIRECTION ( 'NONE',  ( -1.000000000000000000, 0.0000000000000000000, 0.0000000000000000000 ) ) ;
#946 = ORIENTED_EDGE ( 'NONE', *, *, #4013, .F. ) ;
#947 = PLANE ( 'NONE',  #3624 ) ;
#948 = DIRECTION ( 'NONE',  ( 0.0000000000000000000, 0.0000000000000000000, -1.000000000000000000 ) ) ;
#949 = PLANE ( 'NONE',  #1437 ) ;
#950 = CARTESIAN_POINT ( 'NONE',  ( -0.5000000000000000000, 5.690000000000001300, 0.5000000000000000000 ) ) ;
#951 = AXIS2_PLACEMENT_3D ( 'NONE', #3720, #3320, #1113 ) ;
#952 = EDGE_CURVE ( 'NONE', #3072, #3964, #467, .T. ) ;
#953 = LINE ( 'NONE', #1830, #4605 ) ;
#954 = ORIENTED_EDGE ( 'NONE', *, *, #3752, .F. ) ;
#955 = ORIENTED_EDGE ( 'NONE', *, *, #1127, .F. ) ;
#956 = UNCERTAINTY_MEASURE_WITH_UNIT (LENGTH_MEASURE( 1.000000000000000100E-005 ), #2722, 'distance_accuracy_value', 'NONE');
#957 = DIRECTION ( 'NONE',  ( 1.000000000000000000, 0.0000000000000000000, 0.0000000000000000000 ) ) ;
#958 = LINE ( 'NONE', #1375, #1358 ) ;
#959 = EDGE_LOOP ( 'NONE', ( #743, #2346, #2709, #4336, #4515, #396, #3229, #1728 ) ) ;
#960 = VERTEX_POINT ( 'NONE', #865 ) ;
#961 = FACE_OUTER_BOUND ( 'NONE', #1833, .T. ) ;
#962 = ORIENTED_EDGE ( 'NONE', *, *, #4355, .T. ) ;
#963 = DIRECTION ( 'NONE',  ( 1.000000000000000000, 0.0000000000000000000, 0.0000000000000000000 ) ) ;
#964 = ORIENTED_EDGE ( 'NONE', *, *, #952, .T. ) ;
#965 = ORIENTED_EDGE ( 'NONE', *, *, #2236, .F. ) ;
#966 = EDGE_LOOP ( 'NONE', ( #328, #1359, #4664, #3728 ) ) ;
#967 = DIRECTION ( 'NONE',  ( -1.000000000000000000, -0.0000000000000000000, -0.0000000000000000000 ) ) ;
#968 = ORIENTED_EDGE ( 'NONE', *, *, #3684, .T. ) ;
#969 = LINE ( 'NONE', #2151, #2356 ) ;
#970 = CARTESIAN_POINT ( 'NONE',  ( 0.8300000000000008500, -5.540000000000000900, 0.1000000000000000100 ) ) ;
#971 = ORIENTED_EDGE ( 'NONE', *, *, #1820, .F. ) ;
#972 = DIRECTION ( 'NONE',  ( -0.0000000000000000000, -1.000000000000000000, -0.0000000000000000000 ) ) ;
#973 = ORIENTED_EDGE ( 'NONE', *, *, #3661, .F. ) ;
#974 = DIRECTION ( 'NONE',  ( -1.885568995626964500E-016, -1.000000000000000000, 0.0000000000000000000 ) ) ;
#975 = ORIENTED_EDGE ( 'NONE', *, *, #4734, .T. ) ;
#976 = PRODUCT_DEFINITION_FORMATION_WITH_SPECIFIED_SOURCE ( 'ANY', '', #2511, .NOT_KNOWN. ) ;
#977 = LINE ( 'NONE', #2999, #1855 ) ;
#978 = ORIENTED_EDGE ( 'NONE', *, *, #1285, .T. ) ;
#979 = LINE ( 'NONE', #1937, #693 ) ;
#980 = EDGE_CURVE ( 'NONE', #2051, #316, #71, .T. ) ;
#981 = CARTESIAN_POINT ( 'NONE',  ( 3.799999999999997600, -4.639999999999998800, 0.5000000000000000000 ) ) ;
#982 = LINE ( 'NONE', #674, #16 ) ;
#983 = EDGE_CURVE ( 'NONE', #2045, #357, #1388, .T. ) ;
#984 = CARTESIAN_POINT ( 'NONE',  ( -0.5000000000000000000, 5.690000000000001300, 0.5000000000000000000 ) ) ;
#985 = ORIENTED_EDGE ( 'NONE', *, *, #3524, .F. ) ;
#986 = DIRECTION ( 'NONE',  ( -1.000000000000000000, 0.0000000000000000000, 0.0000000000000000000 ) ) ;
#987 = DIRECTION ( 'NONE',  ( -1.000000000000000000, 0.0000000000000000000, 0.0000000000000000000 ) ) ;
#988 = VECTOR ( 'NONE', #204, 1000.000000000000000 ) ;
#989 =( GEOMETRIC_REPRESENTATION_CONTEXT ( 3 ) GLOBAL_UNCERTAINTY_ASSIGNED_CONTEXT ( ( #1079 ) ) GLOBAL_UNIT_ASSIGNED_CONTEXT ( ( #4300, #583, #2435 ) ) REPRESENTATION_CONTEXT ( 'NONE', 'WORKASPACE' ) );
#990 = DIRECTION ( 'NONE',  ( 1.885568995626964300E-016, 1.000000000000000000, -0.0000000000000000000 ) ) ;
#991 = DIRECTION ( 'NONE',  ( -1.000000000000000000, -0.0000000000000000000, -0.0000000000000000000 ) ) ;
#992 = FACE_OUTER_BOUND ( 'NONE', #2708, .T. ) ;
#993 = EDGE_LOOP ( 'NONE', ( #549, #3722, #2880, #4674 ) ) ;
#994 = EDGE_CURVE ( 'NONE', #2588, #217, #3420, .T. ) ;
#995 = CARTESIAN_POINT ( 'NONE',  ( -4.900000000000000400, 5.890000000000001500, 0.0000000000000000000 ) ) ;
#996 = DIRECTION ( 'NONE',  ( 4.320305823558451700E-016, -0.9961946980917458800, -0.08715574274765484900 ) ) ;
#997 = EDGE_LOOP ( 'NONE', ( #2566, #830, #1486, #3573 ) ) ;
#998 = PLANE ( 'NONE',  #1085 ) ;
#999 = CARTESIAN_POINT ( 'NONE',  ( 0.0000000000000000000, 0.0000000000000000000, 0.0000000000000000000 ) ) ;
#1000 = DIRECTION ( 'NONE',  ( -3.771137991254033600E-016, 1.000000000000000000, -0.0000000000000000000 ) ) ;
#1001 = LINE ( 'NONE', #58, #1588 ) ;
#1002 = AXIS2_PLACEMENT_3D ( 'NONE', #2632, #1219, #4151 ) ;
#1003 = CARTESIAN_POINT ( 'NONE',  ( -1.000000000000000900, -4.639999999999997900, 0.5000000000000000000 ) ) ;
#1004 = CARTESIAN_POINT ( 'NONE',  ( 0.3699999999999996600, -5.790000000000000900, 0.1000000000000000100 ) ) ;
#1005 = PLANE ( 'NONE',  #3428 ) ;
#1006 = SURFACE_STYLE_FILL_AREA ( #3265 ) ;
#1007 = ADVANCED_FACE ( 'NONE', ( #176 ), #4311, .T. ) ;
#1008 = ORIENTED_EDGE ( 'NONE', *, *, #3465, .T. ) ;
#1009 = CARTESIAN_POINT ( 'NONE',  ( -4.600000000000000500, -4.189999999999988000, 0.5000000000000000000 ) ) ;
#1010 = VECTOR ( 'NONE', #1547, 1000.000000000000000 ) ;
#1011 = DIRECTION ( 'NONE',  ( -1.000000000000000000, 2.168404344971008100E-015, -0.0000000000000000000 ) ) ;
#1012 = EDGE_CURVE ( 'NONE', #352, #3754, #3648, .T. ) ;
#1013 = DIRECTION ( 'NONE',  ( 1.000000000000000000, -3.469446951953611000E-015, 0.0000000000000000000 ) ) ;
#1014 = ORIENTED_EDGE ( 'NONE', *, *, #4550, .F. ) ;
#1015 = UNCERTAINTY_MEASURE_WITH_UNIT (LENGTH_MEASURE( 1.000000000000000100E-005 ), #940, 'distance_accuracy_value', 'NONE');
#1016 = VECTOR ( 'NONE', #1169, 1000.000000000000000 ) ;
#1017 = LINE ( 'NONE', #1809, #740 ) ;
#1018 = CARTESIAN_POINT ( 'NONE',  ( 2.199999999999998000, -4.639999999999998800, -0.0000000000000000000 ) ) ;
#1019 = LINE ( 'NONE', #438, #1767 ) ;
#1020 = DIRECTION ( 'NONE',  ( 8.356086107788088100E-017, -1.000000000000000000, 0.0000000000000000000 ) ) ;
#1021 = CARTESIAN_POINT ( 'NONE',  ( 0.3699999999999987700, -5.540000000000000900, 0.0000000000000000000 ) ) ;
#1022 = EDGE_CURVE ( 'NONE', #2818, #1213, #697, .T. ) ;
#1023 = ORIENTED_EDGE ( 'NONE', *, *, #1725, .F. ) ;
#1024 = CARTESIAN_POINT ( 'NONE',  ( 4.906255668237033500, -1.010000000000000500, 0.5000000000000000000 ) ) ;
#1025 = CARTESIAN_POINT ( 'NONE',  ( 0.0000000000000000000, 0.0000000000000000000, 0.5000000000000000000 ) ) ;
#1026 = SURFACE_STYLE_USAGE ( .BOTH. , #657 ) ;
#1027 = ORIENTED_EDGE ( 'NONE', *, *, #3650, .F. ) ;
#1028 = EDGE_CURVE ( 'NONE', #4742, #508, #1569, .T. ) ;
#1029 = VERTEX_POINT ( 'NONE', #1806 ) ;
#1030 = LINE ( 'NONE', #1989, #1904 ) ;
#1031 = ORIENTED_EDGE ( 'NONE', *, *, #1193, .T. ) ;
#1032 = CARTESIAN_POINT ( 'NONE',  ( -3.230000000000000400, -5.789999999999998300, 0.0000000000000000000 ) ) ;
#1033 = DIRECTION ( 'NONE',  ( -3.469446951953611000E-015, 1.000000000000000000, -0.0000000000000000000 ) ) ;
#1034 = ORIENTED_EDGE ( 'NONE', *, *, #3593, .T. ) ;
#1035 = ORIENTED_EDGE ( 'NONE', *, *, #711, .T. ) ;
#1036 = VECTOR ( 'NONE', #1327, 1000.000000000000000 ) ;
#1037 = LINE ( 'NONE', #612, #1325 ) ;
#1038 = ADVANCED_FACE ( 'NONE', ( #1919 ), #998, .F. ) ;
#1039 = EDGE_CURVE ( 'NONE', #1703, #3517, #3930, .T. ) ;
#1040 = CARTESIAN_POINT ( 'NONE',  ( 3.799999999999997600, -4.639999999999998800, 0.5000000000000000000 ) ) ;
#1041 = FACE_OUTER_BOUND ( 'NONE', #3689, .T. ) ;
#1042 = DIRECTION ( 'NONE',  ( 0.0000000000000000000, -0.0000000000000000000, -1.000000000000000000 ) ) ;
#1043 = ORIENTED_EDGE ( 'NONE', *, *, #2000, .F. ) ;
#1044 = CARTESIAN_POINT ( 'NONE',  ( -3.400000000000000800, -5.789999999999998300, 0.5000000000000000000 ) ) ;
#1045 = FACE_OUTER_BOUND ( 'NONE', #3107, .T. ) ;
#1046 = DIRECTION ( 'NONE',  ( 1.000000000000000000, 9.311383363699040200E-015, -0.0000000000000000000 ) ) ;
#1047 = CARTESIAN_POINT ( 'NONE',  ( -4.748776073890374100, 2.147479594346662700, 2.299999999999999800 ) ) ;
#1048 = CARTESIAN_POINT ( 'NONE',  ( -2.769999999999999100, -5.540000000000033800, 0.1000000000000000100 ) ) ;
#1049 = LINE ( 'NONE', #4068, #2133 ) ;
#1050 = ORIENTED_EDGE ( 'NONE', *, *, #308, .F. ) ;
#1051 = EDGE_CURVE ( 'NONE', #597, #3533, #2899, .T. ) ;
#1052 = VERTEX_POINT ( 'NONE', #2898 ) ;
#1053 = COLOUR_RGB ( '',1.000000000000000000, 1.000000000000000000, 1.000000000000000000 ) ;
#1054 = EDGE_CURVE ( 'NONE', #2358, #2171, #1107, .T. ) ;
#1055 = CARTESIAN_POINT ( 'NONE',  ( 4.650000000000000400, -1.010000000000000500, 0.4000000000000000200 ) ) ;
#1056 = ORIENTED_EDGE ( 'NONE', *, *, #2260, .T. ) ;
#1057 = CARTESIAN_POINT ( 'NONE',  ( -3.800000000000001200, -4.988776073890375300, 2.299999999999999400 ) ) ;
#1058 = CARTESIAN_POINT ( 'NONE',  ( -2.200000000000001100, -4.189999999999998600, 0.0000000000000000000 ) ) ;
#1059 = ADVANCED_FACE ( 'NONE', ( #464 ), #4018, .F. ) ;
#1060 = CARTESIAN_POINT ( 'NONE',  ( 1.399999999999998400, -4.639999999999998800, -0.0000000000000000000 ) ) ;
#1061 = DIRECTION ( 'NONE',  ( 1.000000000000000000, 0.0000000000000000000, 0.0000000000000000000 ) ) ;
#1062 = DIRECTION ( 'NONE',  ( 0.0000000000000000000, 0.0000000000000000000, 1.000000000000000000 ) ) ;
#1063 = DIRECTION ( 'NONE',  ( 0.0000000000000000000, -0.08715574274765952600, 0.9961946980917454300 ) ) ;
#1064 = PRESENTATION_STYLE_ASSIGNMENT (( #1087 ) ) ;
#1065 = CARTESIAN_POINT ( 'NONE',  ( 0.9999999999999981100, -4.639999999999997900, -0.0000000000000000000 ) ) ;
#1066 = DIRECTION ( 'NONE',  ( -0.0000000000000000000, -0.0000000000000000000, -1.000000000000000000 ) ) ;
#1067 = DIRECTION ( 'NONE',  ( -1.209528904084482800E-017, -0.08715574274765952600, 0.9961946980917454300 ) ) ;
#1068 = AXIS2_PLACEMENT_3D ( 'NONE', #2789, #1666, #2422 ) ;
#1069 = LINE ( 'NONE', #4660, #2332 ) ;
#1070 = DIRECTION ( 'NONE',  ( 0.0000000000000000000, 0.0000000000000000000, -1.000000000000000000 ) ) ;
#1071 =( LENGTH_UNIT ( ) NAMED_UNIT ( * ) SI_UNIT ( .MILLI., .METRE. ) );
#1072 = ORIENTED_EDGE ( 'NONE', *, *, #3480, .F. ) ;
#1073 = ORIENTED_EDGE ( 'NONE', *, *, #3809, .T. ) ;
#1074 = EDGE_CURVE ( 'NONE', #3695, #3840, #829, .T. ) ;
#1075 = VECTOR ( 'NONE', #1000, 1000.000000000000000 ) ;
#1076 = EDGE_LOOP ( 'NONE', ( #1548, #471, #4695, #4037, #3149, #3699, #1565, #2681 ) ) ;
#1077 = ORIENTED_EDGE ( 'NONE', *, *, #2762, .F. ) ;
#1078 = DIRECTION ( 'NONE',  ( 0.0000000000000000000, -0.0000000000000000000, 1.000000000000000000 ) ) ;
#1079 = UNCERTAINTY_MEASURE_WITH_UNIT (LENGTH_MEASURE( 1.000000000000000100E-005 ), #4300, 'distance_accuracy_value', 'NONE');
#1080 = DIRECTION ( 'NONE',  ( -0.0000000000000000000, -0.0000000000000000000, 1.000000000000000000 ) ) ;
#1081 = ORIENTED_EDGE ( 'NONE', *, *, #4247, .T. ) ;
#1082 = EDGE_CURVE ( 'NONE', #326, #3901, #3821, .T. ) ;
#1083 = FACE_OUTER_BOUND ( 'NONE', #2647, .T. ) ;
#1084 = ORIENTED_EDGE ( 'NONE', *, *, #122, .T. ) ;
#1085 = AXIS2_PLACEMENT_3D ( 'NONE', #3603, #660, #676 ) ;
#1086 = ADVANCED_FACE ( 'NONE', ( #2420 ), #4758, .T. ) ;
#1087 = SURFACE_STYLE_USAGE ( .BOTH. , #2486 ) ;
#1088 = CARTESIAN_POINT ( 'NONE',  ( 2.599999999999998300, -4.639999999999998800, -0.0000000000000000000 ) ) ;
#1089 = PRESENTATION_STYLE_ASSIGNMENT (( #2741 ) ) ;
#1090 = PLANE ( 'NONE',  #3141 ) ;
#1091 = ORIENTED_EDGE ( 'NONE', *, *, #39, .F. ) ;
#1092 = ORIENTED_EDGE ( 'NONE', *, *, #1148, .T. ) ;
#1093 = CARTESIAN_POINT ( 'NONE',  ( 2.199999999999998800, -5.789999999999999100, -0.0000000000000000000 ) ) ;
#1094 = CARTESIAN_POINT ( 'NONE',  ( -4.600000000000001400, -5.789999999999987600, 0.5000000000000000000 ) ) ;
#1095 = VERTEX_POINT ( 'NONE', #4721 ) ;
#1096 = DIRECTION ( 'NONE',  ( -1.000000000000000000, -0.0000000000000000000, -0.0000000000000000000 ) ) ;
#1097 = VERTEX_POINT ( 'NONE', #4708 ) ;
#1098 = LINE ( 'NONE', #3652, #1218 ) ;
#1099 = EDGE_CURVE ( 'NONE', #642, #3808, #1792, .T. ) ;
#1100 = FACE_OUTER_BOUND ( 'NONE', #795, .T. ) ;
#1101 = VERTEX_POINT ( 'NONE', #1772 ) ;
#1102 = DIRECTION ( 'NONE',  ( 0.0000000000000000000, -0.0000000000000000000, -1.000000000000000000 ) ) ;
#1103 = ORIENTED_EDGE ( 'NONE', *, *, #1688, .T. ) ;
#1104 = VECTOR ( 'NONE', #2383, 1000.000000000000000 ) ;
#1105 = CARTESIAN_POINT ( 'NONE',  ( -2.200000000000001100, -5.789999999999998300, 0.5000000000000000000 ) ) ;
#1106 = DIRECTION ( 'NONE',  ( 1.000000000000000000, 0.0000000000000000000, 0.0000000000000000000 ) ) ;
#1107 = LINE ( 'NONE', #2123, #2073 ) ;
#1108 = VERTEX_POINT ( 'NONE', #312 ) ;
#1109 = STYLED_ITEM ( 'NONE', ( #2188 ), #3507 ) ;
#1110 = DIRECTION ( 'NONE',  ( 0.0000000000000000000, 0.0000000000000000000, -1.000000000000000000 ) ) ;
#1111 = CARTESIAN_POINT ( 'NONE',  ( -3.230000000000000400, -5.790000000000033800, 0.1000000000000000100 ) ) ;
#1112 = LINE ( 'NONE', #4373, #1677 ) ;
#1113 = DIRECTION ( 'NONE',  ( -1.000000000000000000, 0.0000000000000000000, 0.0000000000000000000 ) ) ;
#1114 = DIRECTION ( 'NONE',  ( 0.0000000000000000000, -0.9961946980917454300, -0.08715574274765951200 ) ) ;
#1115 = ORIENTED_EDGE ( 'NONE', *, *, #766, .F. ) ;
#1116 = LINE ( 'NONE', #3401, #2842 ) ;
#1117 = AXIS2_PLACEMENT_3D ( 'NONE', #2469, #2256, #1042 ) ;
#1118 = DIRECTION ( 'NONE',  ( 0.0000000000000000000, 0.0000000000000000000, -1.000000000000000000 ) ) ;
#1119 = EDGE_LOOP ( 'NONE', ( #4803, #4289, #2434, #4372, #3003, #443, #4678, #1782, #3105, #3784, #755, #3193, #3527, #3911, #1627, #4281, #1422, #3581, #2985, #4052, #4045, #2771, #172, #1031, #2528, #2656, #2071, #3195, #3391, #4170, #2765, #1322, #451, #2689, #3478, #1103, #3161, #2275, #414, #3467, #2398, #760, #2182, #2539, #1856, #307, #3449, #3309 ) ) ;
#1120 = DIRECTION ( 'NONE',  ( -1.000000000000000000, 0.0000000000000000000, -0.0000000000000000000 ) ) ;
#1121 = CARTESIAN_POINT ( 'NONE',  ( -4.900000000000000400, 5.890000000000001500, 0.5000000000000000000 ) ) ;
#1122 = EDGE_CURVE ( 'NONE', #2678, #1389, #933, .T. ) ;
#1123 = ORIENTED_EDGE ( 'NONE', *, *, #1397, .F. ) ;
#1124 = DIRECTION ( 'NONE',  ( 0.0000000000000000000, 0.0000000000000000000, -1.000000000000000000 ) ) ;
#1125 = DIRECTION ( 'NONE',  ( 5.421010862427523200E-016, 1.000000000000000000, 0.0000000000000000000 ) ) ;
#1126 = CARTESIAN_POINT ( 'NONE',  ( 2.199999999999998800, -5.789999999999999100, 0.5000000000000000000 ) ) ;
#1127 = EDGE_CURVE ( 'NONE', #3396, #1323, #2965, .T. ) ;
#1128 = CARTESIAN_POINT ( 'NONE',  ( 1.399999999999998400, -4.639999999999998800, 0.5000000000000000000 ) ) ;
#1129 = CARTESIAN_POINT ( 'NONE',  ( -1.400000000000001000, -4.639999999999997900, 0.5000000000000000000 ) ) ;
#1130 = DIRECTION ( 'NONE',  ( 0.0000000000000000000, 0.0000000000000000000, 1.000000000000000000 ) ) ;
#1131 = DIRECTION ( 'NONE',  ( 2.589139516383294300E-016, 1.000000000000000000, 0.0000000000000000000 ) ) ;
#1132 = LINE ( 'NONE', #2126, #4358 ) ;
#1133 = AXIS2_PLACEMENT_3D ( 'NONE', #4398, #4008, #2937 ) ;
#1134 = CARTESIAN_POINT ( 'NONE',  ( -4.450000000000001100, -1.010000000000000500, 0.5000000000000000000 ) ) ;
#1135 = ORIENTED_EDGE ( 'NONE', *, *, #2455, .F. ) ;
#1136 = VECTOR ( 'NONE', #292, 1000.000000000000000 ) ;
#1137 = VECTOR ( 'NONE', #3022, 1000.000000000000000 ) ;
#1138 = DIRECTION ( 'NONE',  ( -3.771137991254033600E-016, 1.000000000000000000, -0.0000000000000000000 ) ) ;
#1139 = DIRECTION ( 'NONE',  ( 7.542275982507857100E-016, -1.000000000000000000, -0.0000000000000000000 ) ) ;
#1140 = ORIENTED_EDGE ( 'NONE', *, *, #3734, .F. ) ;
#1141 =( LENGTH_UNIT ( ) NAMED_UNIT ( * ) SI_UNIT ( .MILLI., .METRE. ) );
#1142 = CARTESIAN_POINT ( 'NONE',  ( -2.029999999999999800, -5.790000000000022200, 0.1000000000000000100 ) ) ;
#1143 = ADVANCED_FACE ( 'NONE', ( #3023 ), #2915, .F. ) ;
#1144 = FACE_OUTER_BOUND ( 'NONE', #1823, .T. ) ;
#1145 = CARTESIAN_POINT ( 'NONE',  ( -4.049999999999999800, -1.059999999999999400, 0.5000000000000000000 ) ) ;
#1146 = VECTOR ( 'NONE', #1847, 1000.000000000000000 ) ;
#1147 = VECTOR ( 'NONE', #2336, 1000.000000000000000 ) ;
#1148 = EDGE_CURVE ( 'NONE', #2545, #2473, #3772, .T. ) ;
#1149 = ORIENTED_EDGE ( 'NONE', *, *, #1614, .F. ) ;
#1150 = SURFACE_STYLE_FILL_AREA ( #4050 ) ;
#1151 = CARTESIAN_POINT ( 'NONE',  ( 0.0000000000000000000, -5.146255668237032000, 0.5000000000000000000 ) ) ;
#1152 = ORIENTED_EDGE ( 'NONE', *, *, #1921, .T. ) ;
#1153 = CARTESIAN_POINT ( 'NONE',  ( -1.000000000000000900, -4.988776073890375300, 2.299999999999999800 ) ) ;
#1154 = EDGE_LOOP ( 'NONE', ( #2601, #1872, #2059, #2604 ) ) ;
#1155 = EDGE_LOOP ( 'NONE', ( #4454, #1091, #4441, #925 ) ) ;
#1156 = VECTOR ( 'NONE', #149, 1000.000000000000000 ) ;
#1157 = EDGE_LOOP ( 'NONE', ( #1850, #482, #43, #714 ) ) ;
#1158 = CARTESIAN_POINT ( 'NONE',  ( -4.906255668237031700, -1.010000000000000700, 0.5000000000000000000 ) ) ;
#1159 = DIRECTION ( 'NONE',  ( 8.131516293641294100E-016, -1.000000000000000000, -0.0000000000000000000 ) ) ;
#1160 = VERTEX_POINT ( 'NONE', #3973 ) ;
#1161 = ORIENTED_EDGE ( 'NONE', *, *, #813, .T. ) ;
#1162 = FACE_OUTER_BOUND ( 'NONE', #681, .T. ) ;
#1163 = VECTOR ( 'NONE', #1710, 1000.000000000000000 ) ;
#1164 = CARTESIAN_POINT ( 'NONE',  ( -4.600000000000001400, -5.789999999999987600, 0.5000000000000000000 ) ) ;
#1165 = FACE_OUTER_BOUND ( 'NONE', #2359, .T. ) ;
#1166 = ORIENTED_EDGE ( 'NONE', *, *, #4754, .F. ) ;
#1167 = EDGE_CURVE ( 'NONE', #1211, #1920, #4523, .T. ) ;
#1168 = LINE ( 'NONE', #2625, #3712 ) ;
#1169 = DIRECTION ( 'NONE',  ( 0.0000000000000000000, 0.0000000000000000000, -1.000000000000000000 ) ) ;
#1170 = VECTOR ( 'NONE', #3097, 1000.000000000000000 ) ;
#1171 = VERTEX_POINT ( 'NONE', #4327 ) ;
#1172 = PLANE ( 'NONE',  #3330 ) ;
#1173 = VERTEX_POINT ( 'NONE', #2860 ) ;
#1174 = VECTOR ( 'NONE', #3062, 1000.000000000000000 ) ;
#1175 = AXIS2_PLACEMENT_3D ( 'NONE', #3047, #62, #424 ) ;
#1176 = DIRECTION ( 'NONE',  ( -3.469446951953611000E-015, -1.000000000000000000, 0.0000000000000000000 ) ) ;
#1177 = DIRECTION ( 'NONE',  ( 0.0000000000000000000, -1.000000000000000000, 0.0000000000000000000 ) ) ;
#1178 = PLANE ( 'NONE',  #4297 ) ;
#1179 = FACE_OUTER_BOUND ( 'NONE', #2780, .T. ) ;
#1180 = EDGE_CURVE ( 'NONE', #4476, #2877, #4115, .T. ) ;
#1181 = CARTESIAN_POINT ( 'NONE',  ( 2.599999999999998300, -4.639999999999998800, 0.5000000000000000000 ) ) ;
#1182 = EDGE_CURVE ( 'NONE', #4444, #2558, #1049, .T. ) ;
#1183 = EDGE_LOOP ( 'NONE', ( #3181, #3235, #4638, #1980, #4277, #4140, #3890, #1372, #103, #4584, #454, #2353, #455, #2538, #475, #1613, #2146, #2577, #132, #1526, #2551, #1034, #914, #199 ) ) ;
#1184 = DIRECTION ( 'NONE',  ( -0.0000000000000000000, -0.0000000000000000000, -1.000000000000000000 ) ) ;
#1185 = DIRECTION ( 'NONE',  ( -1.000000000000000000, -0.0000000000000000000, -0.0000000000000000000 ) ) ;
#1186 = AXIS2_PLACEMENT_3D ( 'NONE', #2930, #713, #1062 ) ;
#1187 = EDGE_CURVE ( 'NONE', #2588, #1544, #1334, .T. ) ;
#1188 = ADVANCED_FACE ( 'NONE', ( #3123 ), #3687, .T. ) ;
#1189 = SURFACE_SIDE_STYLE ('',( #3199 ) ) ;
#1190 = PLANE ( 'NONE',  #781 ) ;
#1191 = DIRECTION ( 'NONE',  ( -1.000000000000000000, 0.0000000000000000000, 0.0000000000000000000 ) ) ;
#1192 = LINE ( 'NONE', #2158, #3669 ) ;
#1193 = EDGE_CURVE ( 'NONE', #3797, #3177, #4395, .T. ) ;
#1194 = CARTESIAN_POINT ( 'NONE',  ( -3.400000000000000800, -5.789999999999998300, 0.5000000000000000000 ) ) ;
#1195 = EDGE_LOOP ( 'NONE', ( #3621, #3975, #2286, #2350 ) ) ;
#1196 = VECTOR ( 'NONE', #3340, 1000.000000000000000 ) ;
#1197 = ORIENTED_EDGE ( 'NONE', *, *, #418, .F. ) ;
#1198 = ORIENTED_EDGE ( 'NONE', *, *, #1411, .F. ) ;
#1199 = PLANE ( 'NONE',  #150 ) ;
#1200 = DIRECTION ( 'NONE',  ( -1.000000000000000000, 1.070816960479510600E-016, 0.0000000000000000000 ) ) ;
#1201 = FACE_OUTER_BOUND ( 'NONE', #3413, .T. ) ;
#1202 = LINE ( 'NONE', #2112, #1598 ) ;
#1203 = ORIENTED_EDGE ( 'NONE', *, *, #2766, .F. ) ;
#1204 = ORIENTED_EDGE ( 'NONE', *, *, #3809, .F. ) ;
#1205 = CARTESIAN_POINT ( 'NONE',  ( -2.200000000000001100, -5.189999999999992400, 0.0000000000000000000 ) ) ;
#1206 = DIRECTION ( 'NONE',  ( 0.0000000000000000000, -1.000000000000000000, 0.0000000000000000000 ) ) ;
#1207 = EDGE_LOOP ( 'NONE', ( #4364, #2164, #3057, #2323 ) ) ;
#1208 = PLANE ( 'NONE',  #4027 ) ;
#1209 = ORIENTED_EDGE ( 'NONE', *, *, #2024, .T. ) ;
#1210 = LINE ( 'NONE', #3128, #2651 ) ;
#1211 = VERTEX_POINT ( 'NONE', #2208 ) ;
#1212 = EDGE_CURVE ( 'NONE', #1052, #3059, #413, .T. ) ;
#1213 = VERTEX_POINT ( 'NONE', #1862 ) ;
#1214 = ADVANCED_FACE ( 'NONE', ( #227 ), #2951, .F. ) ;
#1215 = ORIENTED_EDGE ( 'NONE', *, *, #4556, .T. ) ;
#1216 = CARTESIAN_POINT ( 'NONE',  ( 2.599999999999998300, -4.639999999999998800, 0.5000000000000000000 ) ) ;
#1217 = ORIENTED_EDGE ( 'NONE', *, *, #4646, .F. ) ;
#1218 = VECTOR ( 'NONE', #4757, 1000.000000000000000 ) ;
#1219 = DIRECTION ( 'NONE',  ( -0.0000000000000000000, 1.000000000000000000, 0.0000000000000000000 ) ) ;
#1220 = LINE ( 'NONE', #1761, #4630 ) ;
#1221 = VERTEX_POINT ( 'NONE', #3302 ) ;
#1222 = VERTEX_POINT ( 'NONE', #728 ) ;
#1223 = LINE ( 'NONE', #3130, #2014 ) ;
#1224 = CARTESIAN_POINT ( 'NONE',  ( 4.430000000000000600, -5.539999999999967200, -0.0000000000000000000 ) ) ;
#1225 = CARTESIAN_POINT ( 'NONE',  ( 2.030000000000001100, -5.539999999999989400, 0.1000000000000000100 ) ) ;
#1226 = FILL_AREA_STYLE ('',( #497 ) ) ;
#1227 = FACE_OUTER_BOUND ( 'NONE', #860, .T. ) ;
#1228 = VERTEX_POINT ( 'NONE', #2973 ) ;
#1229 = DIRECTION ( 'NONE',  ( 3.469446951953611000E-015, -1.000000000000000000, 0.0000000000000000000 ) ) ;
#1230 = LINE ( 'NONE', #2174, #4401 ) ;
#1231 = AXIS2_PLACEMENT_3D ( 'NONE', #4054, #2603, #1102 ) ;
#1232 = DIRECTION ( 'NONE',  ( 3.771137991254033600E-016, -1.000000000000000000, 0.0000000000000000000 ) ) ;
#1233 = EDGE_LOOP ( 'NONE', ( #1081, #2746, #2927, #3112 ) ) ;
#1234 = VECTOR ( 'NONE', #2040, 1000.000000000000100 ) ;
#1235 = PRODUCT_RELATED_PRODUCT_CATEGORY ( 'part', '', ( #2511 ) ) ;
#1236 = PLANE ( 'NONE',  #3154 ) ;
#1237 = ORIENTED_EDGE ( 'NONE', *, *, #1519, .T. ) ;
#1238 = CARTESIAN_POINT ( 'NONE',  ( -4.650000000000000400, -1.010000000000000500, 0.5000000000000000000 ) ) ;
#1239 = DIRECTION ( 'NONE',  ( -4.724722281579750500E-017, -0.08715574274765466900, -0.9961946980917457700 ) ) ;
#1240 = DIRECTION ( 'NONE',  ( 0.0000000000000000000, -0.0000000000000000000, 1.000000000000000000 ) ) ;
#1241 = EDGE_CURVE ( 'NONE', #3457, #2663, #351, .T. ) ;
#1242 = EDGE_LOOP ( 'NONE', ( #1135, #3625, #4435, #1770 ) ) ;
#1243 = EDGE_CURVE ( 'NONE', #4742, #3533, #4752, .T. ) ;
#1244 = VERTEX_POINT ( 'NONE', #3316 ) ;
#1245 = PLANE ( 'NONE',  #3474 ) ;
#1246 = CARTESIAN_POINT ( 'NONE',  ( -2.600000000000001400, -4.190000000000000400, 0.5000000000000000000 ) ) ;
#1247 = FACE_OUTER_BOUND ( 'NONE', #1723, .T. ) ;
#1248 = DIRECTION ( 'NONE',  ( -0.0000000000000000000, -0.0000000000000000000, -1.000000000000000000 ) ) ;
#1249 = ORIENTED_EDGE ( 'NONE', *, *, #4249, .F. ) ;
#1250 = EDGE_CURVE ( 'NONE', #2454, #912, #4280, .T. ) ;
#1251 = LINE ( 'NONE', #4245, #3678 ) ;
#1252 = VECTOR ( 'NONE', #1796, 1000.000000000000000 ) ;
#1253 = DIRECTION ( 'NONE',  ( 0.0000000000000000000, 0.0000000000000000000, -1.000000000000000000 ) ) ;
#1254 = EDGE_LOOP ( 'NONE', ( #627, #3971, #3563, #2841 ) ) ;
#1255 = VECTOR ( 'NONE', #2694, 1000.000000000000000 ) ;
#1256 = VECTOR ( 'NONE', #2590, 1000.000000000000000 ) ;
#1258 = DIRECTION ( 'NONE',  ( 0.0000000000000000000, 0.0000000000000000000, -1.000000000000000000 ) ) ;
#1257 = LINE ( 'NONE', #1469, #905 ) ;
#1259 = ORIENTED_EDGE ( 'NONE', *, *, #4268, .F. ) ;
#1260 = ADVANCED_FACE ( 'NONE', ( #4169 ), #4058, .F. ) ;
#1261 = CARTESIAN_POINT ( 'NONE',  ( 3.399999999999997700, -4.639999999999998800, -0.0000000000000000000 ) ) ;
#1262 = MECHANICAL_DESIGN_GEOMETRIC_PRESENTATION_REPRESENTATION (  '', ( #25 ), #1509 ) ;
#1263 = VERTEX_POINT ( 'NONE', #4069 ) ;
#1264 = LINE ( 'NONE', #4421, #152 ) ;
#1265 = ORIENTED_EDGE ( 'NONE', *, *, #2786, .T. ) ;
#1266 = DIRECTION ( 'NONE',  ( -0.0000000000000000000, 1.000000000000000000, 0.0000000000000000000 ) ) ;
#1267 = DIRECTION ( 'NONE',  ( -2.168404344971012800E-015, -1.000000000000000000, 0.0000000000000000000 ) ) ;
#1268 = DIRECTION ( 'NONE',  ( -5.421010862427526100E-016, -1.000000000000000000, 0.0000000000000000000 ) ) ;
#1269 = ORIENTED_EDGE ( 'NONE', *, *, #4393, .F. ) ;
#1270 = PRODUCT_CONTEXT ( 'NONE', #4598, 'mechanical' ) ;
#1271 = ORIENTED_EDGE ( 'NONE', *, *, #3416, .F. ) ;
#1272 = LINE ( 'NONE', #136, #1156 ) ;
#1273 = ORIENTED_EDGE ( 'NONE', *, *, #816, .T. ) ;
#1274 = AXIS2_PLACEMENT_3D ( 'NONE', #4317, #4363, #638 ) ;
#1275 = ORIENTED_EDGE ( 'NONE', *, *, #2351, .T. ) ;
#1276 = VERTEX_POINT ( 'NONE', #1134 ) ;
#1277 = VECTOR ( 'NONE', #4692, 1000.000000000000000 ) ;
#1278 = MECHANICAL_DESIGN_GEOMETRIC_PRESENTATION_REPRESENTATION (  '', ( #1753 ), #4590 ) ;
#1279 = VECTOR ( 'NONE', #1679, 1000.000000000000000 ) ;
#1280 = ORIENTED_EDGE ( 'NONE', *, *, #2410, .F. ) ;
#1281 = LINE ( 'NONE', #3762, #3876 ) ;
#1282 = EDGE_CURVE ( 'NONE', #9, #2581, #3071, .T. ) ;
#1283 = VECTOR ( 'NONE', #3115, 1000.000000000000000 ) ;
#1284 = ORIENTED_EDGE ( 'NONE', *, *, #502, .T. ) ;
#1285 = EDGE_CURVE ( 'NONE', #3840, #2045, #977, .T. ) ;
#1286 = CARTESIAN_POINT ( 'NONE',  ( 4.050000000000000700, 5.190000000000000400, 0.0000000000000000000 ) ) ;
#1287 = CARTESIAN_POINT ( 'NONE',  ( 0.9999999999999988900, -5.789999999999998300, 0.5000000000000000000 ) ) ;
#1288 = CARTESIAN_POINT ( 'NONE',  ( 0.9999999999999981100, -4.639999999999997900, 0.5000000000000000000 ) ) ;
#1289 = PLANE ( 'NONE',  #320 ) ;
#1290 = VERTEX_POINT ( 'NONE', #3373 ) ;
#1291 = ADVANCED_FACE ( 'NONE', ( #3180 ), #1892, .T. ) ;
#1292 = VECTOR ( 'NONE', #453, 1000.000000000000000 ) ;
#1293 = PRESENTATION_STYLE_ASSIGNMENT (( #1512 ) ) ;
#1294 = AXIS2_PLACEMENT_3D ( 'NONE', #1938, #1177, #4536 ) ;
#1295 = CARTESIAN_POINT ( 'NONE',  ( -3.969999999999998900, -5.540000000000045300, 0.1000000000000000100 ) ) ;
#1296 = DIRECTION ( 'NONE',  ( -3.469446951953611000E-015, 1.000000000000000000, -0.0000000000000000000 ) ) ;
#1297 = ORIENTED_EDGE ( 'NONE', *, *, #1636, .T. ) ;
#1298 = CARTESIAN_POINT ( 'NONE',  ( 2.599999999999998300, -4.639999999999998800, -0.0000000000000000000 ) ) ;
#1299 = DIRECTION ( 'NONE',  ( -0.0000000000000000000, -0.0000000000000000000, -1.000000000000000000 ) ) ;
#1300 = MECHANICAL_DESIGN_GEOMETRIC_PRESENTATION_REPRESENTATION (  '', ( #1449 ), #2285 ) ;
#1301 = EDGE_CURVE ( 'NONE', #352, #1173, #1727, .T. ) ;
#1302 = DIRECTION ( 'NONE',  ( -0.0000000000000000000, -0.0000000000000000000, -1.000000000000000000 ) ) ;
#1303 = CARTESIAN_POINT ( 'NONE',  ( -2.029999999999999800, -5.789999999999998300, 0.0000000000000000000 ) ) ;
#1304 = LINE ( 'NONE', #1040, #1986 ) ;
#1305 = DIRECTION ( 'NONE',  ( -8.131516293641294100E-016, 1.000000000000000000, 0.0000000000000000000 ) ) ;
#1306 = ADVANCED_FACE ( 'NONE', ( #1227 ), #751, .T. ) ;
#1307 = LINE ( 'NONE', #2963, #3673 ) ;
#1308 = EDGE_LOOP ( 'NONE', ( #1492, #3559, #2846, #2902 ) ) ;
#1309 = ORIENTED_EDGE ( 'NONE', *, *, #4431, .T. ) ;
#1310 = LINE ( 'NONE', #1004, #731 ) ;
#1311 = VECTOR ( 'NONE', #3541, 1000.000000000000000 ) ;
#1312 = CARTESIAN_POINT ( 'NONE',  ( 4.950000000000000200, 1.989999999999999500, 0.5000000000000000000 ) ) ;
#1313 = VERTEX_POINT ( 'NONE', #3350 ) ;
#1314 = ORIENTED_EDGE ( 'NONE', *, *, #3020, .T. ) ;
#1315 = ORIENTED_EDGE ( 'NONE', *, *, #4616, .T. ) ;
#1316 = FACE_OUTER_BOUND ( 'NONE', #1956, .T. ) ;
#1317 = VERTEX_POINT ( 'NONE', #1464 ) ;
#1318 = LINE ( 'NONE', #420, #2816 ) ;
#1319 = CARTESIAN_POINT ( 'NONE',  ( 4.599999999999997900, -4.988776073890375300, 2.299999999999999800 ) ) ;
#1320 = ORIENTED_EDGE ( 'NONE', *, *, #2055, .F. ) ;
#1321 = STYLED_ITEM ( 'NONE', ( #3505 ), #367 ) ;
#1322 = ORIENTED_EDGE ( 'NONE', *, *, #4088, .T. ) ;
#1323 = VERTEX_POINT ( 'NONE', #3738 ) ;
#1324 = VECTOR ( 'NONE', #4772, 1000.000000000000000 ) ;
#1325 = VECTOR ( 'NONE', #1393, 1000.000000000000000 ) ;
#1326 = EDGE_CURVE ( 'NONE', #1551, #3059, #2257, .T. ) ;
#1327 = DIRECTION ( 'NONE',  ( -0.0000000000000000000, -0.0000000000000000000, -1.000000000000000000 ) ) ;
#1328 = VERTEX_POINT ( 'NONE', #4020 ) ;
#1329 = ADVANCED_FACE ( 'NONE', ( #2476 ), #2465, .T. ) ;
#1330 = ORIENTED_EDGE ( 'NONE', *, *, #2875, .F. ) ;
#1331 = LINE ( 'NONE', #849, #4221 ) ;
#1332 = EDGE_CURVE ( 'NONE', #3220, #2447, #4689, .T. ) ;
#1333 = CARTESIAN_POINT ( 'NONE',  ( -1.400000000000001000, -5.789999999999998300, 0.5000000000000000000 ) ) ;
#1334 = LINE ( 'NONE', #3228, #573 ) ;
#1335 = ORIENTED_EDGE ( 'NONE', *, *, #1538, .T. ) ;
#1336 = CARTESIAN_POINT ( 'NONE',  ( 2.199999999999998800, -5.789999999999999100, 0.5000000000000000000 ) ) ;
#1337 = CARTESIAN_POINT ( 'NONE',  ( 4.748776073890375900, 5.190000000000000400, 2.299999999999999800 ) ) ;
#1338 = CARTESIAN_POINT ( 'NONE',  ( -2.600000000000000500, -5.789999999999998300, 0.5000000000000000000 ) ) ;
#1339 = PLANE ( 'NONE',  #2331 ) ;
#1340 = VECTOR ( 'NONE', #2057, 1000.000000000000000 ) ;
#1341 = VERTEX_POINT ( 'NONE', #2848 ) ;
#1342 = LINE ( 'NONE', #139, #20 ) ;
#1343 = EDGE_CURVE ( 'NONE', #4103, #4019, #171, .T. ) ;
#1344 = CARTESIAN_POINT ( 'NONE',  ( -5.063135650092586500E-016, -1.167479594346661400, 2.299999999999999800 ) ) ;
#1345 = ORIENTED_EDGE ( 'NONE', *, *, #1475, .F. ) ;
#1346 = DIRECTION ( 'NONE',  ( 0.0000000000000000000, 0.0000000000000000000, -1.000000000000000000 ) ) ;
#1347 = ORIENTED_EDGE ( 'NONE', *, *, #3407, .F. ) ;
#1348 = PLANE ( 'NONE',  #1274 ) ;
#1349 = PLANE ( 'NONE',  #2225 ) ;
#1350 = DIRECTION ( 'NONE',  ( -1.000000000000000000, 0.0000000000000000000, 0.0000000000000000000 ) ) ;
#1351 = EDGE_CURVE ( 'NONE', #4251, #1946, #1383, .T. ) ;
#1352 = CARTESIAN_POINT ( 'NONE',  ( 0.1999999999999985700, -4.639999999999997900, 0.5000000000000000000 ) ) ;
#1353 = LINE ( 'NONE', #1813, #4135 ) ;
#1354 = ORIENTED_EDGE ( 'NONE', *, *, #78, .F. ) ;
#1355 = DIRECTION ( 'NONE',  ( 5.421010862427526100E-016, 1.000000000000000000, 0.0000000000000000000 ) ) ;
#1356 = VECTOR ( 'NONE', #4003, 1000.000000000000000 ) ;
#1357 = EDGE_CURVE ( 'NONE', #3297, #4607, #2607, .T. ) ;
#1358 = VECTOR ( 'NONE', #2523, 1000.000000000000000 ) ;
#1359 = ORIENTED_EDGE ( 'NONE', *, *, #2810, .F. ) ;
#1360 = DIRECTION ( 'NONE',  ( 1.000000000000000000, -0.0000000000000000000, 0.0000000000000000000 ) ) ;
#1361 = DIRECTION ( 'NONE',  ( -1.000000000000000000, -0.0000000000000000000, -0.0000000000000000000 ) ) ;
#1362 = ORIENTED_EDGE ( 'NONE', *, *, #3147, .T. ) ;
#1363 = CARTESIAN_POINT ( 'NONE',  ( 3.969999999999998900, -5.539999999999967200, -0.0000000000000000000 ) ) ;
#1364 = EDGE_CURVE ( 'NONE', #1477, #4607, #3710, .T. ) ;
#1365 = VECTOR ( 'NONE', #3913, 1000.000000000000000 ) ;
#1366 = LINE ( 'NONE', #4462, #2754 ) ;
#1367 = ORIENTED_EDGE ( 'NONE', *, *, #3734, .T. ) ;
#1368 = CARTESIAN_POINT ( 'NONE',  ( -2.770000000000000000, -5.790000000000033800, 0.0000000000000000000 ) ) ;
#1369 = COLOUR_RGB ( '',1.000000000000000000, 1.000000000000000000, 1.000000000000000000 ) ;
#1370 = ORIENTED_EDGE ( 'NONE', *, *, #1397, .T. ) ;
#1371 = ADVANCED_FACE ( 'NONE', ( #280 ), #634, .F. ) ;
#1372 = ORIENTED_EDGE ( 'NONE', *, *, #1581, .F. ) ;
#1373 = DIRECTION ( 'NONE',  ( 0.0000000000000000000, 0.0000000000000000000, -1.000000000000000000 ) ) ;
#1374 = ORIENTED_EDGE ( 'NONE', *, *, #1643, .F. ) ;
#1375 = CARTESIAN_POINT ( 'NONE',  ( 0.0000000000000000000, -5.146255668237032000, 0.5000000000000000000 ) ) ;
#1376 = ORIENTED_EDGE ( 'NONE', *, *, #2011, .F. ) ;
#1377 = DIRECTION ( 'NONE',  ( -0.08682659386424397600, 0.08682659386424414200, 0.9924325091389677400 ) ) ;
#1378 = ORIENTED_EDGE ( 'NONE', *, *, #353, .T. ) ;
#1379 = CARTESIAN_POINT ( 'NONE',  ( 3.399999999999998600, -5.789999999999999100, -0.0000000000000000000 ) ) ;
#1380 = ORIENTED_EDGE ( 'NONE', *, *, #4209, .F. ) ;
#1381 = FACE_OUTER_BOUND ( 'NONE', #4270, .T. ) ;
#1382 = VECTOR ( 'NONE', #762, 1000.000000000000000 ) ;
#1383 = LINE ( 'NONE', #4335, #3233 ) ;
#1384 = ORIENTED_EDGE ( 'NONE', *, *, #1452, .F. ) ;
#1385 = LINE ( 'NONE', #2654, #4577 ) ;
#1386 = EDGE_CURVE ( 'NONE', #1719, #1551, #878, .T. ) ;
#1387 = CARTESIAN_POINT ( 'NONE',  ( 0.9999999999999988900, -5.789999999999998300, 0.5000000000000000000 ) ) ;
#1388 = LINE ( 'NONE', #1286, #1170 ) ;
#1389 = VERTEX_POINT ( 'NONE', #919 ) ;
#1390 = PLANE ( 'NONE',  #2304 ) ;
#1391 = EDGE_LOOP ( 'NONE', ( #271, #118, #1559, #2700 ) ) ;
#1392 = DIRECTION ( 'NONE',  ( -1.000000000000000000, -0.0000000000000000000, -0.0000000000000000000 ) ) ;
#1393 = DIRECTION ( 'NONE',  ( -1.885568995626964300E-016, 1.000000000000000000, -0.0000000000000000000 ) ) ;
#1394 = CARTESIAN_POINT ( 'NONE',  ( 3.969999999999999800, -5.789999999999967200, 0.1000000000000000100 ) ) ;
#1395 = FACE_OUTER_BOUND ( 'NONE', #3134, .T. ) ;
#1396 = ADVANCED_FACE ( 'NONE', ( #1041 ), #2404, .F. ) ;
#1397 = EDGE_CURVE ( 'NONE', #2462, #870, #4109, .T. ) ;
#1398 = CARTESIAN_POINT ( 'NONE',  ( -4.429999999999999700, -5.789999999999990300, 0.0000000000000000000 ) ) ;
#1399 = DIRECTION ( 'NONE',  ( 0.0000000000000000000, 0.0000000000000000000, -1.000000000000000000 ) ) ;
#1400 = CLOSED_SHELL ( 'NONE', ( #3438, #2565, #119, #1999, #3829, #4585, #4283, #2856, #279, #1291, #2542, #4603, #1979, #2485, #4634, #3090, #2142, #4724, #4262, #300, #3348, #2682, #2508, #501, #3798, #4171, #1577, #847, #4432, #3262, #1260, #618, #568, #700, #4241, #4040, #3579, #528, #1417, #2116, #1214, #3891, #2909, #921, #1736, #1595, #3605, #1038, #2090, #207 ) ) ;
#1401 = DIRECTION ( 'NONE',  ( 1.000000000000000000, -0.0000000000000000000, -0.0000000000000000000 ) ) ;
#1402 = DIRECTION ( 'NONE',  ( 1.000000000000000000, -1.070816960479510600E-016, 0.0000000000000000000 ) ) ;
#1403 = AXIS2_PLACEMENT_3D ( 'NONE', #102, #4094, #45 ) ;
#1404 = DIRECTION ( 'NONE',  ( 0.0000000000000000000, 1.000000000000000000, 0.0000000000000000000 ) ) ;
#1405 = CARTESIAN_POINT ( 'NONE',  ( -3.800000000000000300, -5.789999999999998300, 0.5000000000000000000 ) ) ;
#1406 = DIRECTION ( 'NONE',  ( -1.387778780781445700E-016, -1.000000000000000000, -0.0000000000000000000 ) ) ;
#1407 = EDGE_CURVE ( 'NONE', #2019, #1461, #3580, .T. ) ;
#1408 = ORIENTED_EDGE ( 'NONE', *, *, #2921, .F. ) ;
#1409 = LINE ( 'NONE', #3150, #4657 ) ;
#1410 = PLANE ( 'NONE',  #3031 ) ;
#1411 = EDGE_CURVE ( 'NONE', #4555, #129, #633, .T. ) ;
#1412 = CARTESIAN_POINT ( 'NONE',  ( -4.551909918771674100, 5.146255668237037300, 0.4999999999999997800 ) ) ;
#1413 = ORIENTED_EDGE ( 'NONE', *, *, #4129, .F. ) ;
#1414 = ORIENTED_EDGE ( 'NONE', *, *, #2984, .F. ) ;
#1415 = LINE ( 'NONE', #1151, #383 ) ;
#1416 = AXIS2_PLACEMENT_3D ( 'NONE', #1433, #1742, #3954 ) ;
#1417 = ADVANCED_FACE ( 'NONE', ( #3118 ), #4711, .F. ) ;
#1418 = LINE ( 'NONE', #2003, #203 ) ;
#1419 = EDGE_LOOP ( 'NONE', ( #1652, #2382, #3701, #4769 ) ) ;
#1420 = CARTESIAN_POINT ( 'NONE',  ( -4.748776073890374100, 4.988776073890375300, 2.299999999999999800 ) ) ;
#1421 = EDGE_CURVE ( 'NONE', #916, #1637, #4575, .T. ) ;
#1422 = ORIENTED_EDGE ( 'NONE', *, *, #1789, .F. ) ;
#1423 = DIRECTION ( 'NONE',  ( 1.000000000000000000, 9.311383363699040200E-015, -0.0000000000000000000 ) ) ;
#1424 = CARTESIAN_POINT ( 'NONE',  ( 1.569999999999999800, -5.789999999999999100, 0.0000000000000000000 ) ) ;
#1425 = VECTOR ( 'NONE', #2084, 1000.000000000000000 ) ;
#1426 = VERTEX_POINT ( 'NONE', #24 ) ;
#1427 = EDGE_CURVE ( 'NONE', #3264, #3926, #2127, .T. ) ;
#1428 = LINE ( 'NONE', #448, #680 ) ;
#1429 = DIRECTION ( 'NONE',  ( -1.000000000000000000, -0.0000000000000000000, -0.0000000000000000000 ) ) ;
#1430 = ORIENTED_EDGE ( 'NONE', *, *, #4249, .T. ) ;
#1431 = CARTESIAN_POINT ( 'NONE',  ( 4.429999999999999700, -5.789999999999967200, -0.0000000000000000000 ) ) ;
#1432 = CARTESIAN_POINT ( 'NONE',  ( -4.049999999999999800, -1.059999999999999400, 0.0000000000000000000 ) ) ;
#1433 = CARTESIAN_POINT ( 'NONE',  ( 0.0000000000000000000, 0.0000000000000000000, 0.5000000000000000000 ) ) ;
#1434 = ORIENTED_EDGE ( 'NONE', *, *, #3436, .F. ) ;
#1435 = ORIENTED_EDGE ( 'NONE', *, *, #885, .F. ) ;
#1436 = VECTOR ( 'NONE', #4352, 1000.000000000000000 ) ;
#1437 = AXIS2_PLACEMENT_3D ( 'NONE', #1686, #2781, #2076 ) ;
#1438 = DIRECTION ( 'NONE',  ( 5.421010862427523200E-016, 1.000000000000000000, 0.0000000000000000000 ) ) ;
#1439 = CARTESIAN_POINT ( 'NONE',  ( 3.399999999999998600, -5.789999999999999100, -0.0000000000000000000 ) ) ;
#1440 = ORIENTED_EDGE ( 'NONE', *, *, #605, .T. ) ;
#1441 = CARTESIAN_POINT ( 'NONE',  ( 3.399999999999997700, -4.639999999999998800, 0.5000000000000000000 ) ) ;
#1442 = EDGE_LOOP ( 'NONE', ( #926, #3694, #3471, #2698 ) ) ;
#1443 = VECTOR ( 'NONE', #519, 1000.000000000000000 ) ;
#1444 = DIRECTION ( 'NONE',  ( 0.0000000000000000000, -1.000000000000000000, 0.0000000000000000000 ) ) ;
#1445 = CARTESIAN_POINT ( 'NONE',  ( -4.949999999999999300, -5.190000000000000400, 0.0000000000000000000 ) ) ;
#1446 = VECTOR ( 'NONE', #2569, 1000.000000000000000 ) ;
#1447 = ORIENTED_EDGE ( 'NONE', *, *, #4595, .F. ) ;
#1448 = ADVANCED_FACE ( 'NONE', ( #1165 ), #1468, .F. ) ;
#1449 = STYLED_ITEM ( 'NONE', ( #216 ), #1 ) ;
#1450 = CARTESIAN_POINT ( 'NONE',  ( 4.900000000000000400, 5.190000000000000400, 0.0000000000000000000 ) ) ;
#1451 = FACE_OUTER_BOUND ( 'NONE', #3486, .T. ) ;
#1452 = EDGE_CURVE ( 'NONE', #4707, #3461, #4334, .T. ) ;
#1453 = PLANE ( 'NONE',  #3002 ) ;
#1454 = CARTESIAN_POINT ( 'NONE',  ( 3.850000000000000100, 5.690000000000000400, 0.0000000000000000000 ) ) ;
#1455 = ORIENTED_EDGE ( 'NONE', *, *, #2762, .T. ) ;
#1456 = CARTESIAN_POINT ( 'NONE',  ( 3.230000000000001300, -5.539999999999977800, 0.1000000000000000100 ) ) ;
#1457 = CARTESIAN_POINT ( 'NONE',  ( -3.400000000000000800, -5.789999999999998300, 0.0000000000000000000 ) ) ;
#1458 = ORIENTED_EDGE ( 'NONE', *, *, #709, .T. ) ;
#1459 = CARTESIAN_POINT ( 'NONE',  ( -0.3699999999999996600, -5.790000000000012500, 0.1000000000000000100 ) ) ;
#1460 = CARTESIAN_POINT ( 'NONE',  ( -1.400000000000001000, -5.789999999999998300, 0.5000000000000000000 ) ) ;
#1461 = VERTEX_POINT ( 'NONE', #2276 ) ;
#1462 = DIRECTION ( 'NONE',  ( -1.084202172485505200E-015, 1.000000000000000000, 0.0000000000000000000 ) ) ;
#1463 = CARTESIAN_POINT ( 'NONE',  ( 3.799999999999998000, -5.789999999999967200, 0.5000000000000000000 ) ) ;
#1464 = CARTESIAN_POINT ( 'NONE',  ( 4.599999999999997900, -5.789999999999967200, -0.0000000000000000000 ) ) ;
#1465 = ADVANCED_FACE ( 'NONE', ( #1179 ), #1199, .F. ) ;
#1466 = EDGE_LOOP ( 'NONE', ( #1944, #3332, #3568, #1716 ) ) ;
#1467 = CARTESIAN_POINT ( 'NONE',  ( -0.8299999999999999600, -5.790000000000012500, 0.1000000000000000100 ) ) ;
#1468 = PLANE ( 'NONE',  #3074 ) ;
#1469 = CARTESIAN_POINT ( 'NONE',  ( 0.1999999999999987900, -5.789999999999998300, 0.5000000000000000000 ) ) ;
#1470 = VECTOR ( 'NONE', #2326, 1000.000000000000000 ) ;
#1471 = CARTESIAN_POINT ( 'NONE',  ( -3.969999999999999800, -5.790000000000045300, 0.0000000000000000000 ) ) ;
#1472 = ORIENTED_EDGE ( 'NONE', *, *, #3066, .T. ) ;
#1473 = VERTEX_POINT ( 'NONE', #4122 ) ;
#1474 = PLANE ( 'NONE',  #4201 ) ;
#1475 = EDGE_CURVE ( 'NONE', #4555, #3019, #1797, .T. ) ;
#1476 = VECTOR ( 'NONE', #2751, 1000.000000000000000 ) ;
#1477 = VERTEX_POINT ( 'NONE', #3028 ) ;
#1478 = ORIENTED_EDGE ( 'NONE', *, *, #376, .F. ) ;
#1479 = DIRECTION ( 'NONE',  ( -1.000000000000000000, 0.0000000000000000000, 0.0000000000000000000 ) ) ;
#1480 = DIRECTION ( 'NONE',  ( -1.000000000000000000, -4.336808689942021200E-016, 0.0000000000000000000 ) ) ;
#1481 = EDGE_CURVE ( 'NONE', #2357, #1869, #4463, .T. ) ;
#1482 = LINE ( 'NONE', #3841, #2343 ) ;
#1483 = CARTESIAN_POINT ( 'NONE',  ( -0.2000000000000011800, -5.789999999999998300, 0.5000000000000000000 ) ) ;
#1484 = FACE_OUTER_BOUND ( 'NONE', #2599, .T. ) ;
#1485 = LINE ( 'NONE', #1942, #3741 ) ;
#1486 = ORIENTED_EDGE ( 'NONE', *, *, #4388, .T. ) ;
#1487 = CLOSED_SHELL ( 'NONE', ( #3966, #3874, #2199, #3484, #4012, #2042, #3507, #3997, #53, #3243 ) ) ;
#1488 = DIRECTION ( 'NONE',  ( 0.0000000000000000000, 0.0000000000000000000, -1.000000000000000000 ) ) ;
#1489 = CARTESIAN_POINT ( 'NONE',  ( 0.0000000000000000000, 0.0000000000000000000, 0.0000000000000000000 ) ) ;
#1490 = PLANE ( 'NONE',  #260 ) ;
#1491 = DIRECTION ( 'NONE',  ( 5.656706986880892600E-016, -1.000000000000000000, -0.0000000000000000000 ) ) ;
#1492 = ORIENTED_EDGE ( 'NONE', *, *, #4239, .T. ) ;
#1493 = CARTESIAN_POINT ( 'NONE',  ( 2.199999999999998000, -4.639999999999998800, 0.5000000000000000000 ) ) ;
#1494 = CARTESIAN_POINT ( 'NONE',  ( -4.049999999999999800, 5.190000000000000400, -9.194034422677077600E-014 ) ) ;
#1495 = ORIENTED_EDGE ( 'NONE', *, *, #2429, .T. ) ;
#1496 = CARTESIAN_POINT ( 'NONE',  ( -0.2000000000000018200, -4.639999999999997900, 0.5000000000000000000 ) ) ;
#1497 = ORIENTED_EDGE ( 'NONE', *, *, #3892, .F. ) ;
#1498 = LINE ( 'NONE', #747, #4324 ) ;
#1499 = EDGE_CURVE ( 'NONE', #96, #4470, #4586, .T. ) ;
#1500 = ORIENTED_EDGE ( 'NONE', *, *, #3480, .T. ) ;
#1501 = ORIENTED_EDGE ( 'NONE', *, *, #4388, .F. ) ;
#1502 = CARTESIAN_POINT ( 'NONE',  ( 4.748776073890375900, 2.147479594346662200, 2.299999999999999800 ) ) ;
#1503 = ORIENTED_EDGE ( 'NONE', *, *, #852, .F. ) ;
#1504 = VECTOR ( 'NONE', #3848, 1000.000000000000000 ) ;
#1505 = CARTESIAN_POINT ( 'NONE',  ( 4.650000000000000400, -1.010000000000000500, 0.4000000000000000200 ) ) ;
#1506 = VECTOR ( 'NONE', #1253, 1000.000000000000000 ) ;
#1507 = VERTEX_POINT ( 'NONE', #818 ) ;
#1508 = LINE ( 'NONE', #4505, #3646 ) ;
#1509 =( GEOMETRIC_REPRESENTATION_CONTEXT ( 3 ) GLOBAL_UNCERTAINTY_ASSIGNED_CONTEXT ( ( #3534 ) ) GLOBAL_UNIT_ASSIGNED_CONTEXT ( ( #3984, #2505, #293 ) ) REPRESENTATION_CONTEXT ( 'NONE', 'WORKASPACE' ) );
#1510 = CARTESIAN_POINT ( 'NONE',  ( -3.849999999999999600, 5.690000000000001300, 0.5000000000000000000 ) ) ;
#1511 = CARTESIAN_POINT ( 'NONE',  ( 0.0000000000000000000, 0.0000000000000000000, 0.4000000000000000200 ) ) ;
#1512 = SURFACE_STYLE_USAGE ( .BOTH. , #2990 ) ;
#1513 = CARTESIAN_POINT ( 'NONE',  ( 3.850000000000000100, 5.690000000000000400, 0.5000000000000000000 ) ) ;
#1514 = VECTOR ( 'NONE', #1248, 1000.000000000000000 ) ;
#1515 = ORIENTED_EDGE ( 'NONE', *, *, #742, .T. ) ;
#1516 = CARTESIAN_POINT ( 'NONE',  ( 2.599999999999998300, -4.639999999999998800, -0.0000000000000000000 ) ) ;
#1517 = ORIENTED_EDGE ( 'NONE', *, *, #711, .F. ) ;
#1518 = LINE ( 'NONE', #2674, #3310 ) ;
#1519 = EDGE_CURVE ( 'NONE', #2931, #3279, #777, .T. ) ;
#1520 = CARTESIAN_POINT ( 'NONE',  ( -4.600000000000001400, -5.789999999999987600, 0.5000000000000000000 ) ) ;
#1521 = LINE ( 'NONE', #1558, #3535 ) ;
#1522 = ORIENTED_EDGE ( 'NONE', *, *, #2823, .F. ) ;
#1523 = AXIS2_PLACEMENT_3D ( 'NONE', #1412, #4346, #1063 ) ;
#1524 = EDGE_CURVE ( 'NONE', #4470, #1108, #4231, .T. ) ;
#1525 = ADVANCED_FACE ( 'NONE', ( #1992 ), #1924, .T. ) ;
#1526 = ORIENTED_EDGE ( 'NONE', *, *, #1636, .F. ) ;
#1527 = CARTESIAN_POINT ( 'NONE',  ( -0.3699999999999987700, -5.540000000000011600, 0.0000000000000000000 ) ) ;
#1528 = CARTESIAN_POINT ( 'NONE',  ( -0.8300000000000008500, -5.540000000000011600, 0.1000000000000000100 ) ) ;
#1529 = PLANE ( 'NONE',  #3839 ) ;
#1530 = CARTESIAN_POINT ( 'NONE',  ( -1.000000000000001100, -5.789999999999998300, 0.0000000000000000000 ) ) ;
#1531 = EDGE_CURVE ( 'NONE', #560, #3511, #3208, .T. ) ;
#1532 = CARTESIAN_POINT ( 'NONE',  ( -0.3699999999999987700, -5.540000000000011600, 0.1000000000000000100 ) ) ;
#1533 = PLANE ( 'NONE',  #11 ) ;
#1534 = CARTESIAN_POINT ( 'NONE',  ( -4.049999999999999800, 5.190000000000000400, 0.0000000000000000000 ) ) ;
#1535 = COLOUR_RGB ( '',0.0000000000000000000, 0.0000000000000000000, 1.000000000000000000 ) ;
#1536 = DIRECTION ( 'NONE',  ( 1.000000000000000000, 7.542275982507858100E-016, -0.0000000000000000000 ) ) ;
#1537 = AXIS2_PLACEMENT_3D ( 'NONE', #4112, #2673, #2248 ) ;
#1538 = EDGE_CURVE ( 'NONE', #9, #1637, #3856, .T. ) ;
#1539 = ORIENTED_EDGE ( 'NONE', *, *, #3745, .T. ) ;
#1540 = VECTOR ( 'NONE', #3910, 1000.000000000000000 ) ;
#1541 = FACE_OUTER_BOUND ( 'NONE', #4518, .T. ) ;
#1542 = DIRECTION ( 'NONE',  ( -0.0000000000000000000, -0.0000000000000000000, -1.000000000000000000 ) ) ;
#1543 = DIRECTION ( 'NONE',  ( 0.0000000000000000000, 0.0000000000000000000, 1.000000000000000000 ) ) ;
#1544 = VERTEX_POINT ( 'NONE', #799 ) ;
#1545 = DIRECTION ( 'NONE',  ( -6.573526652632693000E-017, 0.08715574274765466900, 0.9961946980917457700 ) ) ;
#1546 = VERTEX_POINT ( 'NONE', #70 ) ;
#1547 = DIRECTION ( 'NONE',  ( -1.000000000000000000, 4.336808689942021200E-016, 0.0000000000000000000 ) ) ;
#1548 = ORIENTED_EDGE ( 'NONE', *, *, #658, .T. ) ;
#1549 = ORIENTED_EDGE ( 'NONE', *, *, #4570, .T. ) ;
#1550 = EDGE_CURVE ( 'NONE', #1290, #2803, #2872, .T. ) ;
#1551 = VERTEX_POINT ( 'NONE', #3425 ) ;
#1552 = ADVANCED_FACE ( 'NONE', ( #2752 ), #1568, .F. ) ;
#1553 = VECTOR ( 'NONE', #595, 1000.000000000000000 ) ;
#1554 = VERTEX_POINT ( 'NONE', #2619 ) ;
#1555 = ORIENTED_EDGE ( 'NONE', *, *, #4587, .F. ) ;
#1556 = AXIS2_PLACEMENT_3D ( 'NONE', #984, #1726, #192 ) ;
#1557 = CARTESIAN_POINT ( 'NONE',  ( -3.400000000000000400, -5.146255668237032000, 0.5000000000000000000 ) ) ;
#1558 = CARTESIAN_POINT ( 'NONE',  ( 2.030000000000001100, -5.539999999999989400, 0.1000000000000000100 ) ) ;
#1559 = ORIENTED_EDGE ( 'NONE', *, *, #1690, .T. ) ;
#1560 = PLANE ( 'NONE',  #1175 ) ;
#1561 = ORIENTED_EDGE ( 'NONE', *, *, #3389, .F. ) ;
#1562 = SURFACE_STYLE_FILL_AREA ( #356 ) ;
#1563 = LINE ( 'NONE', #3607, #4162 ) ;
#1564 = ORIENTED_EDGE ( 'NONE', *, *, #1589, .T. ) ;
#1565 = ORIENTED_EDGE ( 'NONE', *, *, #4635, .F. ) ;
#1566 = FACE_OUTER_BOUND ( 'NONE', #4110, .T. ) ;
#1567 = AXIS2_PLACEMENT_3D ( 'NONE', #4091, #4521, #4485 ) ;
#1568 = PLANE ( 'NONE',  #2987 ) ;
#1569 = LINE ( 'NONE', #1352, #2262 ) ;
#1570 = VERTEX_POINT ( 'NONE', #1534 ) ;
#1571 = DIRECTION ( 'NONE',  ( -3.771137991254033600E-016, 1.000000000000000000, -0.0000000000000000000 ) ) ;
#1572 = LINE ( 'NONE', #334, #2839 ) ;
#1573 = PRESENTATION_LAYER_ASSIGNMENT (  '', '', ( #1321 ) ) ;
#1574 = DIRECTION ( 'NONE',  ( 8.131516293641294100E-016, -1.000000000000000000, -0.0000000000000000000 ) ) ;
#1575 = DIRECTION ( 'NONE',  ( 5.421010862427526100E-016, 1.000000000000000000, 0.0000000000000000000 ) ) ;
#1576 = CARTESIAN_POINT ( 'NONE',  ( -2.399999999999999900, -2.234732007287769400E-014, 0.1000000000000000100 ) ) ;
#1577 = ADVANCED_FACE ( 'NONE', ( #908 ), #446, .F. ) ;
#1578 = SURFACE_STYLE_FILL_AREA ( #14 ) ;
#1579 = EDGE_CURVE ( 'NONE', #1263, #4145, #2395, .T. ) ;
#1580 = CARTESIAN_POINT ( 'NONE',  ( 0.9999999999999981100, -4.639999999999997900, 0.5000000000000000000 ) ) ;
#1581 = EDGE_CURVE ( 'NONE', #4177, #129, #1415, .T. ) ;
#1582 = ORIENTED_EDGE ( 'NONE', *, *, #2993, .T. ) ;
#1583 = DIRECTION ( 'NONE',  ( 1.084202172485507000E-015, 1.000000000000000000, -0.0000000000000000000 ) ) ;
#1584 = CARTESIAN_POINT ( 'NONE',  ( 0.9999999999999985600, -5.146255668237032000, 0.5000000000000000000 ) ) ;
#1585 = ORIENTED_EDGE ( 'NONE', *, *, #3147, .F. ) ;
#1586 = UNCERTAINTY_MEASURE_WITH_UNIT (LENGTH_MEASURE( 1.000000000000000100E-005 ), #2756, 'distance_accuracy_value', 'NONE');
#1587 = APPLICATION_PROTOCOL_DEFINITION ( 'draft international standard', 'automotive_design', 1998, #3433 ) ;
#1588 = VECTOR ( 'NONE', #2976, 999.9999999999998900 ) ;
#1589 = EDGE_CURVE ( 'NONE', #838, #4690, #4203, .T. ) ;
#1590 = DIRECTION ( 'NONE',  ( 0.0000000000000000000, 0.0000000000000000000, -1.000000000000000000 ) ) ;
#1591 = ORIENTED_EDGE ( 'NONE', *, *, #433, .T. ) ;
#1592 = VECTOR ( 'NONE', #1590, 1000.000000000000000 ) ;
#1593 = ORIENTED_EDGE ( 'NONE', *, *, #2610, .F. ) ;
#1594 = CARTESIAN_POINT ( 'NONE',  ( -0.5000000000000000000, 5.690000000000001300, 0.0000000000000000000 ) ) ;
#1595 = ADVANCED_FACE ( 'NONE', ( #4257 ), #1949, .T. ) ;
#1596 = DIRECTION ( 'NONE',  ( 1.000000000000000000, -3.469446951953611000E-015, 0.0000000000000000000 ) ) ;
#1597 = LINE ( 'NONE', #1445, #4306 ) ;
#1598 = VECTOR ( 'NONE', #4350, 1000.000000000000000 ) ;
#1599 = ORIENTED_EDGE ( 'NONE', *, *, #4646, .T. ) ;
#1600 = ORIENTED_EDGE ( 'NONE', *, *, #187, .T. ) ;
#1601 = DIRECTION ( 'NONE',  ( 0.0000000000000000000, 1.000000000000000000, -0.0000000000000000000 ) ) ;
#1602 = VECTOR ( 'NONE', #54, 1000.000000000000000 ) ;
#1603 = VECTOR ( 'NONE', #1125, 1000.000000000000000 ) ;
#1604 = DIRECTION ( 'NONE',  ( -1.000000000000000000, -9.311383363699040200E-015, 0.0000000000000000000 ) ) ;
#1605 = EDGE_LOOP ( 'NONE', ( #2950, #1669, #1744, #3354 ) ) ;
#1606 =( GEOMETRIC_REPRESENTATION_CONTEXT ( 3 ) GLOBAL_UNCERTAINTY_ASSIGNED_CONTEXT ( ( #2680 ) ) GLOBAL_UNIT_ASSIGNED_CONTEXT ( ( #1141, #2572, #4113 ) ) REPRESENTATION_CONTEXT ( 'NONE', 'WORKASPACE' ) );
#1607 = FACE_OUTER_BOUND ( 'NONE', #2614, .T. ) ;
#1608 = VERTEX_POINT ( 'NONE', #4196 ) ;
#1609 = ORIENTED_EDGE ( 'NONE', *, *, #366, .T. ) ;
#1610 = DIRECTION ( 'NONE',  ( -1.000000000000000000, 0.0000000000000000000, 0.0000000000000000000 ) ) ;
#1611 = ORIENTED_EDGE ( 'NONE', *, *, #1820, .T. ) ;
#1612 = LINE ( 'NONE', #4671, #621 ) ;
#1613 = ORIENTED_EDGE ( 'NONE', *, *, #1243, .F. ) ;
#1614 = EDGE_CURVE ( 'NONE', #2013, #4273, #3618, .T. ) ;
#1615 = EDGE_LOOP ( 'NONE', ( #649, #4727, #3225, #4428 ) ) ;
#1616 = ORIENTED_EDGE ( 'NONE', *, *, #1082, .F. ) ;
#1617 = EDGE_CURVE ( 'NONE', #3059, #1276, #4367, .T. ) ;
#1618 = CARTESIAN_POINT ( 'NONE',  ( -4.450000000000001100, -1.010000000000000500, 0.4000000000000000200 ) ) ;
#1619 = VECTOR ( 'NONE', #986, 1000.000000000000000 ) ;
#1620 = VERTEX_POINT ( 'NONE', #1594 ) ;
#1621 = ADVANCED_FACE ( 'NONE', ( #3273 ), #4214, .T. ) ;
#1622 = FACE_OUTER_BOUND ( 'NONE', #3344, .T. ) ;
#1623 = VECTOR ( 'NONE', #963, 1000.000000000000000 ) ;
#1624 = ORIENTED_EDGE ( 'NONE', *, *, #4147, .T. ) ;
#1625 = AXIS2_PLACEMENT_3D ( 'NONE', #897, #4610, #1267 ) ;
#1626 = PLANE ( 'NONE',  #3785 ) ;
#1627 = ORIENTED_EDGE ( 'NONE', *, *, #2913, .T. ) ;
#1628 = DIRECTION ( 'NONE',  ( 0.0000000000000000000, 0.0000000000000000000, -1.000000000000000000 ) ) ;
#1629 = LINE ( 'NONE', #3384, #4060 ) ;
#1630 = LINE ( 'NONE', #1798, #183 ) ;
#1631 = DIRECTION ( 'NONE',  ( -1.084202172485505200E-015, 1.000000000000000000, 0.0000000000000000000 ) ) ;
#1632 = VERTEX_POINT ( 'NONE', #3492 ) ;
#1633 = CARTESIAN_POINT ( 'NONE',  ( -2.200000000000001100, -5.146255668237032000, 0.5000000000000000000 ) ) ;
#1634 = DIRECTION ( 'NONE',  ( 1.000000000000000000, -3.469446951953611000E-015, 0.0000000000000000000 ) ) ;
#1635 = APPLICATION_PROTOCOL_DEFINITION ( 'draft international standard', 'automotive_design', 1998, #4598 ) ;
#1636 = EDGE_CURVE ( 'NONE', #408, #3887, #4609, .T. ) ;
#1637 = VERTEX_POINT ( 'NONE', #3827 ) ;
#1638 = ADVANCED_FACE ( 'NONE', ( #2230 ), #123, .T. ) ;
#1639 = DIRECTION ( 'NONE',  ( -0.0000000000000000000, -0.0000000000000000000, -1.000000000000000000 ) ) ;
#1640 = VECTOR ( 'NONE', #288, 1000.000000000000000 ) ;
#1641 = CARTESIAN_POINT ( 'NONE',  ( -2.200000000000001100, -4.189999999999998600, 0.5000000000000000000 ) ) ;
#1642 = CARTESIAN_POINT ( 'NONE',  ( -2.769999999999999100, -5.540000000000033800, 0.1000000000000000100 ) ) ;
#1643 = EDGE_CURVE ( 'NONE', #1222, #2931, #668, .T. ) ;
#1644 = LINE ( 'NONE', #66, #3899 ) ;
#1645 = FACE_OUTER_BOUND ( 'NONE', #1615, .T. ) ;
#1646 = ORIENTED_EDGE ( 'NONE', *, *, #3888, .F. ) ;
#1647 = DIRECTION ( 'NONE',  ( 0.0000000000000000000, 0.0000000000000000000, -1.000000000000000000 ) ) ;
#1648 = VECTOR ( 'NONE', #526, 1000.000000000000000 ) ;
#1649 = VECTOR ( 'NONE', #2885, 1000.000000000000000 ) ;
#1650 = ORIENTED_EDGE ( 'NONE', *, *, #427, .F. ) ;
#1651 = DIRECTION ( 'NONE',  ( -1.000000000000000000, 0.0000000000000000000, 0.0000000000000000000 ) ) ;
#1652 = ORIENTED_EDGE ( 'NONE', *, *, #843, .T. ) ;
#1653 = DIRECTION ( 'NONE',  ( 1.000000000000000000, -0.0000000000000000000, -0.0000000000000000000 ) ) ;
#1654 = EDGE_LOOP ( 'NONE', ( #4448, #3414, #26, #209 ) ) ;
#1655 = VECTOR ( 'NONE', #3936, 1000.000000000000000 ) ;
#1656 = ORIENTED_EDGE ( 'NONE', *, *, #4734, .F. ) ;
#1657 = EDGE_CURVE ( 'NONE', #1544, #2460, #802, .T. ) ;
#1658 = CARTESIAN_POINT ( 'NONE',  ( 2.030000000000000200, -5.789999999999989400, 0.0000000000000000000 ) ) ;
#1659 = LINE ( 'NONE', #3875, #3110 ) ;
#1660 = ADVANCED_FACE ( 'NONE', ( #3500 ), #1626, .F. ) ;
#1661 = ORIENTED_EDGE ( 'NONE', *, *, #1250, .F. ) ;
#1662 = EDGE_CURVE ( 'NONE', #3444, #503, #3338, .T. ) ;
#1663 = ORIENTED_EDGE ( 'NONE', *, *, #2061, .T. ) ;
#1664 = ORIENTED_EDGE ( 'NONE', *, *, #3192, .T. ) ;
#1665 = LINE ( 'NONE', #3300, #688 ) ;
#1666 = DIRECTION ( 'NONE',  ( 1.000000000000000000, -3.469446951953611000E-015, 0.0000000000000000000 ) ) ;
#1667 = FACE_OUTER_BOUND ( 'NONE', #1254, .T. ) ;
#1668 = DIRECTION ( 'NONE',  ( 3.469446951953611000E-015, -1.000000000000000000, 0.0000000000000000000 ) ) ;
#1669 = ORIENTED_EDGE ( 'NONE', *, *, #3311, .F. ) ;
#1670 = CARTESIAN_POINT ( 'NONE',  ( 0.0000000000000000000, 0.0000000000000000000, 0.5000000000000000000 ) ) ;
#1671 = FACE_OUTER_BOUND ( 'NONE', #1242, .T. ) ;
#1672 = EDGE_CURVE ( 'NONE', #4666, #3964, #253, .T. ) ;
#1673 = VECTOR ( 'NONE', #3994, 1000.000000000000000 ) ;
#1674 = ORIENTED_EDGE ( 'NONE', *, *, #21, .T. ) ;
#1675 = EDGE_CURVE ( 'NONE', #1551, #3817, #2450, .T. ) ;
#1676 =( NAMED_UNIT ( * ) PLANE_ANGLE_UNIT ( ) SI_UNIT ( $, .RADIAN. ) );
#1677 = VECTOR ( 'NONE', #1399, 1000.000000000000000 ) ;
#1678 = CARTESIAN_POINT ( 'NONE',  ( -3.849999999999999600, 5.890000000000001500, 0.5000000000000000000 ) ) ;
#1679 = DIRECTION ( 'NONE',  ( -1.000000000000000000, -0.0000000000000000000, -0.0000000000000000000 ) ) ;
#1680 = PLANE ( 'NONE',  #1970 ) ;
#1681 = VECTOR ( 'NONE', #4475, 1000.000000000000000 ) ;
#1682 = CARTESIAN_POINT ( 'NONE',  ( -0.8300000000000008500, -5.540000000000011600, 0.1000000000000000100 ) ) ;
#1683 = ADVANCED_FACE ( 'NONE', ( #1705 ), #1245, .T. ) ;
#1684 = CARTESIAN_POINT ( 'NONE',  ( -0.2000000000000015400, -5.146255668237032000, 0.5000000000000000000 ) ) ;
#1685 = VERTEX_POINT ( 'NONE', #893 ) ;
#1686 = CARTESIAN_POINT ( 'NONE',  ( -7.200000000000000200, -6.704196021863308800E-014, 0.1000000000000000100 ) ) ;
#1687 = DIRECTION ( 'NONE',  ( 0.0000000000000000000, -1.000000000000000000, 0.0000000000000000000 ) ) ;
#1688 = EDGE_CURVE ( 'NONE', #4589, #2769, #1482, .T. ) ;
#1689 = ORIENTED_EDGE ( 'NONE', *, *, #2351, .F. ) ;
#1690 = EDGE_CURVE ( 'NONE', #4790, #3083, #1829, .T. ) ;
#1691 = DIRECTION ( 'NONE',  ( -1.000000000000000000, 0.0000000000000000000, -0.0000000000000000000 ) ) ;
#1692 = CARTESIAN_POINT ( 'NONE',  ( 0.9999999999999988900, -5.789999999999998300, -0.0000000000000000000 ) ) ;
#1693 = ORIENTED_EDGE ( 'NONE', *, *, #1550, .T. ) ;
#1694 = FILL_AREA_STYLE_COLOUR ( '', #4085 ) ;
#1695 = CARTESIAN_POINT ( 'NONE',  ( -4.906255668237031700, 1.989999999999999500, 0.5000000000000000000 ) ) ;
#1696 = VECTOR ( 'NONE', #2184, 1000.000000000000000 ) ;
#1697 = EDGE_LOOP ( 'NONE', ( #505, #2623, #3835, #2340 ) ) ;
#1698 = VERTEX_POINT ( 'NONE', #4288 ) ;
#1699 = VECTOR ( 'NONE', #1361, 1000.000000000000000 ) ;
#1700 = FILL_AREA_STYLE_COLOUR ( '', #64 ) ;
#1701 = LINE ( 'NONE', #2403, #1943 ) ;
#1702 = CARTESIAN_POINT ( 'NONE',  ( -1.200000000000000000, -1.117366003643884700E-014, 0.1000000000000000100 ) ) ;
#1703 = VERTEX_POINT ( 'NONE', #3512 ) ;
#1704 = AXIS2_PLACEMENT_3D ( 'NONE', #3691, #4451, #1124 ) ;
#1705 = FACE_OUTER_BOUND ( 'NONE', #609, .T. ) ;
#1706 = VECTOR ( 'NONE', #4439, 1000.000000000000000 ) ;
#1707 = CARTESIAN_POINT ( 'NONE',  ( 4.429999999999999700, -5.789999999999967200, 0.1000000000000000100 ) ) ;
#1708 = EDGE_LOOP ( 'NONE', ( #1650, #1793, #2851, #1664, #3324, #707, #153, #1370, #2728, #1297, #2421, #2952, #1414, #267, #3644, #4375, #2519, #4106, #4415, #1582, #90, #561, #1198, #3275, #4062, #2427, #1646, #1309, #3088, #3522, #1073, #3482, #2944, #1835, #753, #4450 ) ) ;
#1709 = CARTESIAN_POINT ( 'NONE',  ( 0.3699999999999987700, -5.540000000000000900, 0.1000000000000000100 ) ) ;
#1710 = DIRECTION ( 'NONE',  ( -3.469446951953611000E-015, -1.000000000000000000, 0.0000000000000000000 ) ) ;
#1711 = FACE_OUTER_BOUND ( 'NONE', #1154, .T. ) ;
#1712 = PLANE ( 'NONE',  #699 ) ;
#1713 = ORIENTED_EDGE ( 'NONE', *, *, #4643, .T. ) ;
#1714 = AXIS2_PLACEMENT_3D ( 'NONE', #2179, #4776, #4009 ) ;
#1715 = VERTEX_POINT ( 'NONE', #3469 ) ;
#1716 = ORIENTED_EDGE ( 'NONE', *, *, #1816, .F. ) ;
#1717 = VERTEX_POINT ( 'NONE', #613 ) ;
#1718 = LINE ( 'NONE', #3613, #4274 ) ;
#1719 = VERTEX_POINT ( 'NONE', #2036 ) ;
#1720 = EDGE_CURVE ( 'NONE', #2412, #1991, #47, .T. ) ;
#1721 = DIRECTION ( 'NONE',  ( -1.000000000000000000, 0.0000000000000000000, 0.0000000000000000000 ) ) ;
#1722 = EDGE_LOOP ( 'NONE', ( #287, #2966, #4396, #3743 ) ) ;
#1723 = EDGE_LOOP ( 'NONE', ( #2064, #4412, #2939, #2932, #1961 ) ) ;
#1724 = FACE_OUTER_BOUND ( 'NONE', #1722, .T. ) ;
#1725 = EDGE_CURVE ( 'NONE', #1029, #4165, #857, .T. ) ;
#1726 = DIRECTION ( 'NONE',  ( -1.000000000000000000, 0.0000000000000000000, 0.0000000000000000000 ) ) ;
#1727 = LINE ( 'NONE', #4036, #3018 ) ;
#1728 = ORIENTED_EDGE ( 'NONE', *, *, #4704, .F. ) ;
#1729 = DIRECTION ( 'NONE',  ( -3.469446951953611000E-015, -1.000000000000000000, 0.0000000000000000000 ) ) ;
#1730 = LINE ( 'NONE', #839, #2896 ) ;
#1731 = STYLED_ITEM ( 'NONE', ( #2866 ), #1935 ) ;
#1732 = DIRECTION ( 'NONE',  ( 0.0000000000000000000, 0.0000000000000000000, -1.000000000000000000 ) ) ;
#1733 = DIRECTION ( 'NONE',  ( 1.000000000000000000, -1.387778780781445700E-016, 0.0000000000000000000 ) ) ;
#1734 = LINE ( 'NONE', #2859, #355 ) ;
#1735 = VERTEX_POINT ( 'NONE', #212 ) ;
#1736 = ADVANCED_FACE ( 'NONE', ( #1144 ), #4275, .F. ) ;
#1737 = EDGE_LOOP ( 'NONE', ( #1600, #3806, #3705, #975 ) ) ;
#1738 = VECTOR ( 'NONE', #1184, 1000.000000000000000 ) ;
#1739 = EDGE_CURVE ( 'NONE', #408, #2544, #4557, .T. ) ;
#1740 = CARTESIAN_POINT ( 'NONE',  ( -2.600000000000000500, -5.789999999999998300, 0.0000000000000000000 ) ) ;
#1741 = PLANE ( 'NONE',  #3250 ) ;
#1742 = DIRECTION ( 'NONE',  ( 0.0000000000000000000, 0.0000000000000000000, -1.000000000000000000 ) ) ;
#1743 = LINE ( 'NONE', #759, #3481 ) ;
#1744 = ORIENTED_EDGE ( 'NONE', *, *, #4717, .F. ) ;
#1745 = CARTESIAN_POINT ( 'NONE',  ( -0.2000000000000011800, -5.789999999999998300, 0.5000000000000000000 ) ) ;
#1746 = CARTESIAN_POINT ( 'NONE',  ( -3.400000000000000800, -5.789999999999998300, 0.0000000000000000000 ) ) ;
#1747 = DIRECTION ( 'NONE',  ( -0.0000000000000000000, 1.000000000000000000, -0.0000000000000000000 ) ) ;
#1748 = ORIENTED_EDGE ( 'NONE', *, *, #376, .T. ) ;
#1749 = CARTESIAN_POINT ( 'NONE',  ( 4.599999999999997900, -4.189999999999934700, 0.5000000000000000000 ) ) ;
#1750 = CARTESIAN_POINT ( 'NONE',  ( -1.569999999999998500, -5.540000000000022200, 0.1000000000000000100 ) ) ;
#1751 = PLANE ( 'NONE',  #2177 ) ;
#1752 = EDGE_CURVE ( 'NONE', #2045, #352, #4668, .T. ) ;
#1753 = STYLED_ITEM ( 'NONE', ( #126 ), #544 ) ;
#1754 = ADVANCED_FACE ( 'NONE', ( #3394 ), #2050, .F. ) ;
#1755 = CARTESIAN_POINT ( 'NONE',  ( -0.2000000000000011800, -5.789999999999998300, 0.5000000000000000000 ) ) ;
#1756 = DIRECTION ( 'NONE',  ( -0.0000000000000000000, -0.0000000000000000000, -1.000000000000000000 ) ) ;
#1757 = CARTESIAN_POINT ( 'NONE',  ( -4.949999999999999300, -5.190000000000000400, 0.0000000000000000000 ) ) ;
#1758 = LINE ( 'NONE', #3269, #38 ) ;
#1759 = EDGE_CURVE ( 'NONE', #4707, #200, #145, .T. ) ;
#1760 = LINE ( 'NONE', #470, #3496 ) ;
#1761 = CARTESIAN_POINT ( 'NONE',  ( 4.871746660166552400, -5.111746660166551800, 0.8944397671620265600 ) ) ;
#1762 = VERTEX_POINT ( 'NONE', #3157 ) ;
#1763 = CARTESIAN_POINT ( 'NONE',  ( -4.049999999999999800, -1.059999999999999400, 0.5000000000000000000 ) ) ;
#1764 = EDGE_CURVE ( 'NONE', #56, #4524, #3965, .T. ) ;
#1765 = VECTOR ( 'NONE', #1978, 1000.000000000000000 ) ;
#1766 = VECTOR ( 'NONE', #2214, 1000.000000000000000 ) ;
#1767 = VECTOR ( 'NONE', #2641, 1000.000000000000000 ) ;
#1768 = ORIENTED_EDGE ( 'NONE', *, *, #3489, .T. ) ;
#1769 = PLANE ( 'NONE',  #359 ) ;
#1770 = ORIENTED_EDGE ( 'NONE', *, *, #4688, .T. ) ;
#1771 = DIRECTION ( 'NONE',  ( 1.000000000000000000, 7.542275982507858100E-016, -0.0000000000000000000 ) ) ;
#1772 = CARTESIAN_POINT ( 'NONE',  ( -1.400000000000001000, -4.639999999999997900, 0.5000000000000000000 ) ) ;
#1773 = VECTOR ( 'NONE', #991, 1000.000000000000000 ) ;
#1774 = VERTEX_POINT ( 'NONE', #3558 ) ;
#1775 = DIRECTION ( 'NONE',  ( -1.000000000000000000, 1.070816960479510600E-016, 0.0000000000000000000 ) ) ;
#1776 = LINE ( 'NONE', #3783, #4511 ) ;
#1777 = ORIENTED_EDGE ( 'NONE', *, *, #78, .T. ) ;
#1778 = SURFACE_STYLE_USAGE ( .BOTH. , #2131 ) ;
#1779 = DIRECTION ( 'NONE',  ( 1.084202172485505200E-015, -1.000000000000000000, -0.0000000000000000000 ) ) ;
#1780 = EDGE_LOOP ( 'NONE', ( #1209, #2187, #4310, #159 ) ) ;
#1781 = DIRECTION ( 'NONE',  ( 0.0000000000000000000, 0.0000000000000000000, -1.000000000000000000 ) ) ;
#1782 = ORIENTED_EDGE ( 'NONE', *, *, #3096, .T. ) ;
#1783 = LINE ( 'NONE', #283, #3702 ) ;
#1784 = LINE ( 'NONE', #1749, #340 ) ;
#1785 = ADVANCED_FACE ( 'NONE', ( #2998 ), #947, .F. ) ;
#1786 = EDGE_CURVE ( 'NONE', #2431, #3461, #3852, .T. ) ;
#1787 = ORIENTED_EDGE ( 'NONE', *, *, #1931, .T. ) ;
#1788 = LINE ( 'NONE', #808, #4230 ) ;
#1789 = EDGE_CURVE ( 'NONE', #2300, #3796, #1251, .T. ) ;
#1790 = CARTESIAN_POINT ( 'NONE',  ( 0.0000000000000000000, 0.0000000000000000000, 2.299999999999999800 ) ) ;
#1791 = CARTESIAN_POINT ( 'NONE',  ( 3.799999999999997600, -4.639999999999998800, 0.5000000000000000000 ) ) ;
#1792 = LINE ( 'NONE', #261, #4637 ) ;
#1793 = ORIENTED_EDGE ( 'NONE', *, *, #1122, .T. ) ;
#1794 = CARTESIAN_POINT ( 'NONE',  ( 2.199999999999998000, -4.639999999999998800, 0.5000000000000000000 ) ) ;
#1795 = CARTESIAN_POINT ( 'NONE',  ( 0.9999999999999981100, -4.639999999999997900, -0.0000000000000000000 ) ) ;
#1796 = DIRECTION ( 'NONE',  ( 5.421010862427526100E-016, 1.000000000000000000, 0.0000000000000000000 ) ) ;
#1797 = LINE ( 'NONE', #2261, #3651 ) ;
#1798 = CARTESIAN_POINT ( 'NONE',  ( 1.399999999999998600, -5.789999999999999100, 0.5000000000000000000 ) ) ;
#1799 = CARTESIAN_POINT ( 'NONE',  ( 1.569999999999999000, -5.539999999999989400, 0.0000000000000000000 ) ) ;
#1800 = LINE ( 'NONE', #1057, #3885 ) ;
#1801 = CARTESIAN_POINT ( 'NONE',  ( -3.800000000000000300, -5.789999999999998300, 0.5000000000000000000 ) ) ;
#1802 = CARTESIAN_POINT ( 'NONE',  ( 3.799999999999997600, -4.639999999999998800, 0.5000000000000000000 ) ) ;
#1803 = CARTESIAN_POINT ( 'NONE',  ( 4.748776073890376800, -4.988776073890375300, 2.299999999999999800 ) ) ;
#1804 = VERTEX_POINT ( 'NONE', #2775 ) ;
#1805 = AXIS2_PLACEMENT_3D ( 'NONE', #1511, #4155, #3034 ) ;
#1806 = CARTESIAN_POINT ( 'NONE',  ( 3.799999999999997600, -4.639999999999998800, 0.5000000000000000000 ) ) ;
#1807 = ADVANCED_FACE ( 'NONE', ( #94 ), #1349, .F. ) ;
#1808 = ORIENTED_EDGE ( 'NONE', *, *, #1364, .T. ) ;
#1809 = CARTESIAN_POINT ( 'NONE',  ( -3.230000000000001300, -5.540000000000033800, 0.1000000000000000100 ) ) ;
#1810 = CARTESIAN_POINT ( 'NONE',  ( -1.400000000000001000, -4.639999999999997900, 0.5000000000000000000 ) ) ;
#1811 = MECHANICAL_DESIGN_GEOMETRIC_PRESENTATION_REPRESENTATION (  '', ( #1321 ), #2212 ) ;
#1812 = DIRECTION ( 'NONE',  ( 0.0000000000000000000, 0.0000000000000000000, -1.000000000000000000 ) ) ;
#1813 = CARTESIAN_POINT ( 'NONE',  ( 3.799999999999997600, -4.988776073890375300, 2.299999999999999800 ) ) ;
#1814 = DIRECTION ( 'NONE',  ( -5.421010862427526100E-016, -1.000000000000000000, 0.0000000000000000000 ) ) ;
#1815 = LINE ( 'NONE', #3945, #3386 ) ;
#1816 = EDGE_CURVE ( 'NONE', #1108, #691, #904, .T. ) ;
#1817 = DIRECTION ( 'NONE',  ( -0.0000000000000000000, -1.000000000000000000, -0.0000000000000000000 ) ) ;
#1818 = LINE ( 'NONE', #3805, #3390 ) ;
#1819 = FILL_AREA_STYLE_COLOUR ( '', #3640 ) ;
#1820 = EDGE_CURVE ( 'NONE', #2562, #1507, #379, .T. ) ;
#1821 = CARTESIAN_POINT ( 'NONE',  ( 0.0000000000000000000, -5.146255668237032000, 0.5000000000000000000 ) ) ;
#1822 = ORIENTED_EDGE ( 'NONE', *, *, #3263, .T. ) ;
#1823 = EDGE_LOOP ( 'NONE', ( #3068, #2080, #4576, #2821 ) ) ;
#1824 = AXIS2_PLACEMENT_3D ( 'NONE', #2488, #2790, #4244 ) ;
#1825 = LINE ( 'NONE', #2433, #4663 ) ;
#1826 = DIRECTION ( 'NONE',  ( 1.000000000000000000, -0.0000000000000000000, -0.0000000000000000000 ) ) ;
#1827 = ORIENTED_EDGE ( 'NONE', *, *, #2031, .T. ) ;
#1828 = DIRECTION ( 'NONE',  ( -2.168404344971008100E-015, -1.000000000000000000, 0.0000000000000000000 ) ) ;
#1829 = LINE ( 'NONE', #3089, #2701 ) ;
#1830 = CARTESIAN_POINT ( 'NONE',  ( 3.399999999999997700, -4.639999999999998800, 0.5000000000000000000 ) ) ;
#1831 = LINE ( 'NONE', #2377, #4669 ) ;
#1832 = CARTESIAN_POINT ( 'NONE',  ( -0.2000000000000011800, -5.789999999999998300, 0.5000000000000000000 ) ) ;
#1833 = EDGE_LOOP ( 'NONE', ( #87, #3803, #1330, #3810 ) ) ;
#1834 = EDGE_CURVE ( 'NONE', #864, #4589, #1310, .T. ) ;
#1835 = ORIENTED_EDGE ( 'NONE', *, *, #1672, .T. ) ;
#1836 = ADVANCED_FACE ( 'NONE', ( #2806 ), #684, .T. ) ;
#1837 = CARTESIAN_POINT ( 'NONE',  ( 0.5000000000000000000, 5.690000000000001300, 0.5000000000000000000 ) ) ;
#1838 = ORIENTED_EDGE ( 'NONE', *, *, #2895, .F. ) ;
#1839 = ORIENTED_EDGE ( 'NONE', *, *, #4370, .F. ) ;
#1840 = DIRECTION ( 'NONE',  ( 0.0000000000000000000, 0.0000000000000000000, -1.000000000000000000 ) ) ;
#1841 = VERTEX_POINT ( 'NONE', #1058 ) ;
#1842 = ORIENTED_EDGE ( 'NONE', *, *, #425, .F. ) ;
#1843 = FACE_OUTER_BOUND ( 'NONE', #966, .T. ) ;
#1844 = ORIENTED_EDGE ( 'NONE', *, *, #1332, .T. ) ;
#1845 = AXIS2_PLACEMENT_3D ( 'NONE', #3191, #948, #1350 ) ;
#1846 = CARTESIAN_POINT ( 'NONE',  ( -3.849999999999999600, 5.690000000000001300, 0.0000000000000000000 ) ) ;
#1847 = DIRECTION ( 'NONE',  ( 1.000000000000000000, 0.0000000000000000000, 0.0000000000000000000 ) ) ;
#1848 = ORIENTED_EDGE ( 'NONE', *, *, #2195, .F. ) ;
#1849 = CARTESIAN_POINT ( 'NONE',  ( -1.000000000000001100, -5.789999999999998300, 0.5000000000000000000 ) ) ;
#1850 = ORIENTED_EDGE ( 'NONE', *, *, #3495, .T. ) ;
#1851 = LINE ( 'NONE', #1993, #3468 ) ;
#1852 = CARTESIAN_POINT ( 'NONE',  ( -3.969999999999999800, -5.790000000000045300, 0.1000000000000000100 ) ) ;
#1853 = PLANE ( 'NONE',  #2468 ) ;
#1854 = DIRECTION ( 'NONE',  ( 0.0000000000000000000, 0.0000000000000000000, -1.000000000000000000 ) ) ;
#1855 = VECTOR ( 'NONE', #787, 1000.000000000000100 ) ;
#1856 = ORIENTED_EDGE ( 'NONE', *, *, #2854, .T. ) ;
#1857 = LINE ( 'NONE', #2270, #2129 ) ;
#1858 = EDGE_CURVE ( 'NONE', #691, #96, #4079, .T. ) ;
#1859 = FACE_OUTER_BOUND ( 'NONE', #735, .T. ) ;
#1860 = VERTEX_POINT ( 'NONE', #304 ) ;
#1861 = DIRECTION ( 'NONE',  ( 0.0000000000000000000, 0.0000000000000000000, -1.000000000000000000 ) ) ;
#1862 = CARTESIAN_POINT ( 'NONE',  ( -2.200000000000001100, -4.189999999999998600, 0.0000000000000000000 ) ) ;
#1863 = ORIENTED_EDGE ( 'NONE', *, *, #2400, .F. ) ;
#1864 = EDGE_CURVE ( 'NONE', #3681, #864, #2696, .T. ) ;
#1865 = DIRECTION ( 'NONE',  ( 1.000000000000000000, 7.542275982507858100E-016, 0.0000000000000000000 ) ) ;
#1866 = CARTESIAN_POINT ( 'NONE',  ( 4.430000000000000600, -5.539999999999967200, -0.0000000000000000000 ) ) ;
#1867 = LINE ( 'NONE', #4419, #3727 ) ;
#1868 = EDGE_CURVE ( 'NONE', #2663, #1244, #599, .T. ) ;
#1869 = VERTEX_POINT ( 'NONE', #1394 ) ;
#1870 = CARTESIAN_POINT ( 'NONE',  ( 3.399999999999998100, -5.146255668237032000, 0.5000000000000000000 ) ) ;
#1871 = PLANE ( 'NONE',  #2130 ) ;
#1872 = ORIENTED_EDGE ( 'NONE', *, *, #1864, .T. ) ;
#1873 = SURFACE_STYLE_USAGE ( .BOTH. , #727 ) ;
#1874 = AXIS2_PLACEMENT_3D ( 'NONE', #1344, #2056, #3520 ) ;
#1875 = CARTESIAN_POINT ( 'NONE',  ( 4.906255668237032600, 5.190000000000000400, 0.5000000000000000000 ) ) ;
#1876 = LINE ( 'NONE', #1846, #4543 ) ;
#1877 = DIRECTION ( 'NONE',  ( 0.0000000000000000000, -0.0000000000000000000, -1.000000000000000000 ) ) ;
#1878 = PLANE ( 'NONE',  #4541 ) ;
#1879 = DIRECTION ( 'NONE',  ( -0.08682659386424407300, -0.08682659386424421100, -0.9924325091389677400 ) ) ;
#1880 = VECTOR ( 'NONE', #3285, 1000.000000000000000 ) ;
#1881 = CARTESIAN_POINT ( 'NONE',  ( -2.600000000000000500, -5.789999999999998300, 0.5000000000000000000 ) ) ;
#1882 = CARTESIAN_POINT ( 'NONE',  ( 0.9999999999999981100, -4.639999999999997900, -0.0000000000000000000 ) ) ;
#1883 = ORIENTED_EDGE ( 'NONE', *, *, #3439, .T. ) ;
#1884 = DIRECTION ( 'NONE',  ( -1.000000000000000000, 0.0000000000000000000, -0.0000000000000000000 ) ) ;
#1885 = EDGE_CURVE ( 'NONE', #3681, #1341, #2338, .T. ) ;
#1886 = VECTOR ( 'NONE', #4750, 1000.000000000000000 ) ;
#1887 = COLOUR_RGB ( '',1.000000000000000000, 1.000000000000000000, 1.000000000000000000 ) ;
#1888 = VERTEX_POINT ( 'NONE', #656 ) ;
#1889 = DIRECTION ( 'NONE',  ( 0.0000000000000000000, 0.0000000000000000000, -1.000000000000000000 ) ) ;
#1890 = CARTESIAN_POINT ( 'NONE',  ( 5.063135650092586500E-016, -1.167479594346661400, 2.299999999999999800 ) ) ;
#1891 = VECTOR ( 'NONE', #3781, 1000.000000000000100 ) ;
#1892 = PLANE ( 'NONE',  #1926 ) ;
#1893 = LINE ( 'NONE', #2065, #4788 ) ;
#1894 = ORIENTED_EDGE ( 'NONE', *, *, #400, .F. ) ;
#1895 = AXIS2_PLACEMENT_3D ( 'NONE', #3872, #1258, #1610 ) ;
#1896 = CARTESIAN_POINT ( 'NONE',  ( -2.200000000000001100, -5.789999999999998300, 0.5000000000000000000 ) ) ;
#1897 = CARTESIAN_POINT ( 'NONE',  ( 3.399999999999998600, -5.789999999999999100, -0.0000000000000000000 ) ) ;
#1898 = CARTESIAN_POINT ( 'NONE',  ( -4.049999999999999800, -1.059999999999999400, 0.5000000000000000000 ) ) ;
#1899 = DIRECTION ( 'NONE',  ( 1.000000000000000000, -0.0000000000000000000, -0.0000000000000000000 ) ) ;
#1900 = EDGE_LOOP ( 'NONE', ( #3304, #3294, #1661, #3931, #2717, #2393, #4007, #888 ) ) ;
#1901 = DIRECTION ( 'NONE',  ( 1.000000000000000000, -2.168404344971008100E-015, 0.0000000000000000000 ) ) ;
#1902 = CARTESIAN_POINT ( 'NONE',  ( 1.399999999999998400, -5.146255668237032000, 0.5000000000000000000 ) ) ;
#1903 = VERTEX_POINT ( 'NONE', #1424 ) ;
#1904 = VECTOR ( 'NONE', #1639, 1000.000000000000000 ) ;
#1905 = EDGE_CURVE ( 'NONE', #1860, #1263, #3556, .T. ) ;
#1906 = ORIENTED_EDGE ( 'NONE', *, *, #689, .F. ) ;
#1907 = VERTEX_POINT ( 'NONE', #3963 ) ;
#1908 = DIRECTION ( 'NONE',  ( 0.0000000000000000000, -0.0000000000000000000, -1.000000000000000000 ) ) ;
#1909 = EDGE_LOOP ( 'NONE', ( #289, #954, #3638, #3549 ) ) ;
#1910 = LINE ( 'NONE', #3313, #927 ) ;
#1911 = CARTESIAN_POINT ( 'NONE',  ( -4.049999999999999800, -1.059999999999999400, 0.5000000000000000000 ) ) ;
#1912 = VECTOR ( 'NONE', #3982, 1000.000000000000000 ) ;
#1913 = ORIENTED_EDGE ( 'NONE', *, *, #2221, .F. ) ;
#1914 = FACE_OUTER_BOUND ( 'NONE', #805, .T. ) ;
#1915 = AXIS2_PLACEMENT_3D ( 'NONE', #3854, #3912, #169 ) ;
#1916 = DIRECTION ( 'NONE',  ( -0.0000000000000000000, -0.08715574274765466900, -0.9961946980917457700 ) ) ;
#1917 = DIRECTION ( 'NONE',  ( 0.9961946980917458800, 0.0000000000000000000, 0.08715574274765462700 ) ) ;
#1918 = CARTESIAN_POINT ( 'NONE',  ( -4.600000000000001400, -5.146255668237032000, 0.5000000000000000000 ) ) ;
#1919 = FACE_OUTER_BOUND ( 'NONE', #4369, .T. ) ;
#1920 = VERTEX_POINT ( 'NONE', #2504 ) ;
#1921 = EDGE_CURVE ( 'NONE', #1903, #2243, #2224, .T. ) ;
#1922 = VECTOR ( 'NONE', #298, 1000.000000000000000 ) ;
#1923 = EDGE_CURVE ( 'NONE', #3634, #2818, #1758, .T. ) ;
#1924 = PLANE ( 'NONE',  #241 ) ;
#1925 = PLANE ( 'NONE',  #3485 ) ;
#1926 = AXIS2_PLACEMENT_3D ( 'NONE', #2266, #430, #2154 ) ;
#1927 = EDGE_CURVE ( 'NONE', #3765, #4741, #1597, .T. ) ;
#1928 = VERTEX_POINT ( 'NONE', #1750 ) ;
#1929 = CARTESIAN_POINT ( 'NONE',  ( 3.230000000000000400, -5.789999999999978700, 0.1000000000000000100 ) ) ;
#1930 = CARTESIAN_POINT ( 'NONE',  ( -1.400000000000001000, -5.789999999999998300, 0.5000000000000000000 ) ) ;
#1931 = EDGE_CURVE ( 'NONE', #2089, #1095, #4198, .T. ) ;
#1932 = VERTEX_POINT ( 'NONE', #1047 ) ;
#1933 = VECTOR ( 'NONE', #1775, 1000.000000000000000 ) ;
#1934 =( GEOMETRIC_REPRESENTATION_CONTEXT ( 3 ) GLOBAL_UNCERTAINTY_ASSIGNED_CONTEXT ( ( #4397 ) ) GLOBAL_UNIT_ASSIGNED_CONTEXT ( ( #4237, #4592, #4197 ) ) REPRESENTATION_CONTEXT ( 'NONE', 'WORKASPACE' ) );
#1935 = MANIFOLD_SOLID_BREP ( 'Metal', #4496 ) ;
#1936 = VECTOR ( 'NONE', #4461, 1000.000000000000100 ) ;
#1937 = CARTESIAN_POINT ( 'NONE',  ( 0.8300000000000008500, -5.540000000000000900, 0.1000000000000000100 ) ) ;
#1938 = CARTESIAN_POINT ( 'NONE',  ( -0.2000000000000018200, -4.639999999999997900, 0.5000000000000000000 ) ) ;
#1939 = VERTEX_POINT ( 'NONE', #2096 ) ;
#1940 = PLANE ( 'NONE',  #3521 ) ;
#1941 = ORIENTED_EDGE ( 'NONE', *, *, #2386, .F. ) ;
#1942 = CARTESIAN_POINT ( 'NONE',  ( 3.399999999999998600, -5.789999999999999100, 0.5000000000000000000 ) ) ;
#1943 = VECTOR ( 'NONE', #4620, 1000.000000000000000 ) ;
#1944 = ORIENTED_EDGE ( 'NONE', *, *, #1524, .F. ) ;
#1945 = PRESENTATION_LAYER_ASSIGNMENT (  '', '', ( #1449 ) ) ;
#1946 = VERTEX_POINT ( 'NONE', #2548 ) ;
#1947 = EDGE_CURVE ( 'NONE', #1473, #2243, #2100, .T. ) ;
#1948 = VECTOR ( 'NONE', #758, 1000.000000000000000 ) ;
#1949 = PLANE ( 'NONE',  #1895 ) ;
#1950 = ORIENTED_EDGE ( 'NONE', *, *, #6, .T. ) ;
#1951 = CARTESIAN_POINT ( 'NONE',  ( -1.569999999999998500, -5.540000000000022200, 0.1000000000000000100 ) ) ;
#1952 = LINE ( 'NONE', #4604, #4102 ) ;
#1953 = ORIENTED_EDGE ( 'NONE', *, *, #2726, .F. ) ;
#1954 = VERTEX_POINT ( 'NONE', #2889 ) ;
#1955 = CARTESIAN_POINT ( 'NONE',  ( 4.900000000000000400, 5.146255668237037300, 0.4999999999999997800 ) ) ;
#1956 = EDGE_LOOP ( 'NONE', ( #1237, #2374, #3148, #3095, #1808, #2309, #1894, #4633 ) ) ;
#1957 = ORIENTED_EDGE ( 'NONE', *, *, #1282, .T. ) ;
#1958 = LINE ( 'NONE', #1009, #111 ) ;
#1959 = VERTEX_POINT ( 'NONE', #4700 ) ;
#1960 = CARTESIAN_POINT ( 'NONE',  ( -3.399999999999999900, -4.189999999999999500, 0.5000000000000000000 ) ) ;
#1961 = ORIENTED_EDGE ( 'NONE', *, *, #2461, .T. ) ;
#1962 = ORIENTED_EDGE ( 'NONE', *, *, #533, .T. ) ;
#1963 = VECTOR ( 'NONE', #557, 1000.000000000000000 ) ;
#1964 = MECHANICAL_DESIGN_GEOMETRIC_PRESENTATION_REPRESENTATION (  '', ( #2972 ), #538 ) ;
#1965 = VECTOR ( 'NONE', #696, 1000.000000000000000 ) ;
#1966 = ORIENTED_EDGE ( 'NONE', *, *, #645, .F. ) ;
#1967 = DIRECTION ( 'NONE',  ( -1.000000000000000000, -0.0000000000000000000, -0.0000000000000000000 ) ) ;
#1968 = LINE ( 'NONE', #1929, #3523 ) ;
#1969 = LINE ( 'NONE', #4773, #2613 ) ;
#1970 = AXIS2_PLACEMENT_3D ( 'NONE', #4256, #2046, #2035 ) ;
#1971 = DIRECTION ( 'NONE',  ( 0.0000000000000000000, -0.0000000000000000000, -1.000000000000000000 ) ) ;
#1972 = DIRECTION ( 'NONE',  ( 0.0000000000000000000, 0.0000000000000000000, -1.000000000000000000 ) ) ;
#1973 = ORIENTED_EDGE ( 'NONE', *, *, #4142, .F. ) ;
#1974 = VECTOR ( 'NONE', #2782, 1000.000000000000000 ) ;
#1975 = EDGE_CURVE ( 'NONE', #875, #4159, #2446, .T. ) ;
#1976 = EDGE_CURVE ( 'NONE', #3765, #3887, #2934, .T. ) ;
#1977 = ORIENTED_EDGE ( 'NONE', *, *, #2094, .T. ) ;
#1978 = DIRECTION ( 'NONE',  ( -3.469446951953611000E-015, -1.000000000000000000, 0.0000000000000000000 ) ) ;
#1979 = ADVANCED_FACE ( 'NONE', ( #4022 ), #1853, .T. ) ;
#1980 = ORIENTED_EDGE ( 'NONE', *, *, #4402, .F. ) ;
#1981 = CARTESIAN_POINT ( 'NONE',  ( -3.800000000000000300, -5.789999999999998300, 0.5000000000000000000 ) ) ;
#1982 = CARTESIAN_POINT ( 'NONE',  ( 4.599999999999997900, -5.789999999999967200, 0.5000000000000000000 ) ) ;
#1983 = DIRECTION ( 'NONE',  ( -1.000000000000000000, 1.070816960479510600E-016, 0.0000000000000000000 ) ) ;
#1984 = CARTESIAN_POINT ( 'NONE',  ( 0.0000000000000000000, 0.0000000000000000000, 0.0000000000000000000 ) ) ;
#1985 = EDGE_CURVE ( 'NONE', #2809, #217, #3153, .T. ) ;
#1986 = VECTOR ( 'NONE', #1138, 1000.000000000000000 ) ;
#1987 = ORIENTED_EDGE ( 'NONE', *, *, #3248, .F. ) ;
#1988 = CARTESIAN_POINT ( 'NONE',  ( 4.450000000000001100, -1.010000000000000500, 0.4000000000000000200 ) ) ;
#1989 = CARTESIAN_POINT ( 'NONE',  ( -0.2000000000000018200, -4.639999999999997900, 0.5000000000000000000 ) ) ;
#1990 = VECTOR ( 'NONE', #840, 1000.000000000000000 ) ;
#1991 = VERTEX_POINT ( 'NONE', #739 ) ;
#1992 = FACE_OUTER_BOUND ( 'NONE', #525, .T. ) ;
#1993 = CARTESIAN_POINT ( 'NONE',  ( 4.430000000000000600, -5.539999999999967200, -0.0000000000000000000 ) ) ;
#1994 = VECTOR ( 'NONE', #780, 1000.000000000000000 ) ;
#1995 = CARTESIAN_POINT ( 'NONE',  ( -4.900000000000000400, 5.190000000000000400, 0.5000000000000000000 ) ) ;
#1996 = ORIENTED_EDGE ( 'NONE', *, *, #1858, .T. ) ;
#1997 = DIRECTION ( 'NONE',  ( 0.0000000000000000000, 0.0000000000000000000, -1.000000000000000000 ) ) ;
#1998 = LINE ( 'NONE', #2685, #4614 ) ;
#1999 = ADVANCED_FACE ( 'NONE', ( #3960 ), #720, .T. ) ;
#2000 = EDGE_CURVE ( 'NONE', #2882, #4273, #3048, .T. ) ;
#2001 = LINE ( 'NONE', #2132, #2526 ) ;
#2002 = ORIENTED_EDGE ( 'NONE', *, *, #3599, .F. ) ;
#2003 = CARTESIAN_POINT ( 'NONE',  ( 2.030000000000000200, -5.789999999999989400, 0.1000000000000000100 ) ) ;
#2004 = AXIS2_PLACEMENT_3D ( 'NONE', #384, #771, #1120 ) ;
#2005 = ORIENTED_EDGE ( 'NONE', *, *, #2394, .T. ) ;
#2006 = SURFACE_STYLE_USAGE ( .BOTH. , #4234 ) ;
#2007 = DIRECTION ( 'NONE',  ( -1.000000000000000000, -3.771137991254033600E-016, 0.0000000000000000000 ) ) ;
#2008 = LINE ( 'NONE', #800, #2884 ) ;
#2009 = DIRECTION ( 'NONE',  ( 0.0000000000000000000, 0.0000000000000000000, -1.000000000000000000 ) ) ;
#2010 = VERTEX_POINT ( 'NONE', #416 ) ;
#2011 = EDGE_CURVE ( 'NONE', #3517, #4145, #4252, .T. ) ;
#2012 = ORIENTED_EDGE ( 'NONE', *, *, #1250, .T. ) ;
#2013 = VERTEX_POINT ( 'NONE', #1882 ) ;
#2014 = VECTOR ( 'NONE', #1721, 1000.000000000000000 ) ;
#2015 = EDGE_CURVE ( 'NONE', #3881, #1698, #2510, .T. ) ;
#2016 = CARTESIAN_POINT ( 'NONE',  ( -3.800000000000000300, -5.789999999999998300, 0.5000000000000000000 ) ) ;
#2017 = DIRECTION ( 'NONE',  ( 1.000000000000000000, -0.0000000000000000000, 0.0000000000000000000 ) ) ;
#2018 = VECTOR ( 'NONE', #1392, 1000.000000000000000 ) ;
#2019 = VERTEX_POINT ( 'NONE', #4076 ) ;
#2020 = VECTOR ( 'NONE', #1118, 1000.000000000000000 ) ;
#2021 = VECTOR ( 'NONE', #4413, 1000.000000000000000 ) ;
#2022 = VERTEX_POINT ( 'NONE', #1471 ) ;
#2023 = UNCERTAINTY_MEASURE_WITH_UNIT (LENGTH_MEASURE( 1.000000000000000100E-005 ), #3035, 'distance_accuracy_value', 'NONE');
#2024 = EDGE_CURVE ( 'NONE', #1570, #3695, #2802, .T. ) ;
#2025 = ORIENTED_EDGE ( 'NONE', *, *, #2347, .F. ) ;
#2026 = ADVANCED_FACE ( 'NONE', ( #726 ), #1871, .T. ) ;
#2027 = DIRECTION ( 'NONE',  ( -0.0000000000000000000, -0.0000000000000000000, -1.000000000000000000 ) ) ;
#2028 = VECTOR ( 'NONE', #3101, 1000.000000000000000 ) ;
#2029 = LINE ( 'NONE', #1093, #3833 ) ;
#2030 = DIRECTION ( 'NONE',  ( -1.000000000000000000, 5.421010862427526100E-016, 0.0000000000000000000 ) ) ;
#2031 = EDGE_CURVE ( 'NONE', #4470, #1323, #3268, .T. ) ;
#2032 = EDGE_CURVE ( 'NONE', #1221, #3019, #1353, .T. ) ;
#2033 = VERTEX_POINT ( 'NONE', #1460 ) ;
#2034 = DIRECTION ( 'NONE',  ( 8.640611647116903400E-016, -0.9961946980917458800, 0.08715574274765483500 ) ) ;
#2035 = DIRECTION ( 'NONE',  ( -5.656706986880892600E-016, 1.000000000000000000, 0.0000000000000000000 ) ) ;
#2036 = CARTESIAN_POINT ( 'NONE',  ( -4.450000000000001100, 1.989999999999999100, 0.5000000000000000000 ) ) ;
#2037 = DIRECTION ( 'NONE',  ( 0.0000000000000000000, 0.0000000000000000000, -1.000000000000000000 ) ) ;
#2038 = AXIS2_PLACEMENT_3D ( 'NONE', #2847, #2034, #3540 ) ;
#2039 = VECTOR ( 'NONE', #3620, 1000.000000000000000 ) ;
#2040 = DIRECTION ( 'NONE',  ( 1.643381663158173200E-017, -0.08715574274765466900, -0.9961946980917457700 ) ) ;
#2041 = ORIENTED_EDGE ( 'NONE', *, *, #3928, .T. ) ;
#2042 = ADVANCED_FACE ( 'NONE', ( #3789 ), #4420, .T. ) ;
#2043 = FACE_OUTER_BOUND ( 'NONE', #562, .T. ) ;
#2044 = ORIENTED_EDGE ( 'NONE', *, *, #4587, .T. ) ;
#2045 = VERTEX_POINT ( 'NONE', #3365 ) ;
#2046 = DIRECTION ( 'NONE',  ( 1.000000000000000000, 5.656706986880892600E-016, 0.0000000000000000000 ) ) ;
#2047 = VECTOR ( 'NONE', #33, 1000.000000000000000 ) ;
#2048 = LINE ( 'NONE', #2814, #4199 ) ;
#2049 = ORIENTED_EDGE ( 'NONE', *, *, #1720, .F. ) ;
#2050 = PLANE ( 'NONE',  #719 ) ;
#2051 = VERTEX_POINT ( 'NONE', #3321 ) ;
#2052 = CARTESIAN_POINT ( 'NONE',  ( 3.799999999999998000, -5.789999999999967200, -0.0000000000000000000 ) ) ;
#2053 = VERTEX_POINT ( 'NONE', #3675 ) ;
#2054 = ORIENTED_EDGE ( 'NONE', *, *, #1082, .T. ) ;
#2055 = EDGE_CURVE ( 'NONE', #1991, #3279, #1307, .T. ) ;
#2056 = DIRECTION ( 'NONE',  ( 4.320305823558451700E-016, 0.9961946980917458800, 0.08715574274765484900 ) ) ;
#2057 = DIRECTION ( 'NONE',  ( -0.08682659386424407300, 0.08682659386424421100, 0.9924325091389677400 ) ) ;
#2058 = VECTOR ( 'NONE', #1185, 1000.000000000000000 ) ;
#2059 = ORIENTED_EDGE ( 'NONE', *, *, #4001, .T. ) ;
#2060 = EDGE_LOOP ( 'NONE', ( #1842, #2135, #2890, #1564 ) ) ;
#2061 = EDGE_CURVE ( 'NONE', #4534, #214, #953, .T. ) ;
#2062 = ORIENTED_EDGE ( 'NONE', *, *, #575, .F. ) ;
#2063 = CARTESIAN_POINT ( 'NONE',  ( 3.399999999999997700, -4.639999999999998800, 0.5000000000000000000 ) ) ;
#2064 = ORIENTED_EDGE ( 'NONE', *, *, #3252, .F. ) ;
#2065 = CARTESIAN_POINT ( 'NONE',  ( -4.949999999999999300, -5.190000000000000400, 0.0000000000000000000 ) ) ;
#2066 = VECTOR ( 'NONE', #1046, 1000.000000000000000 ) ;
#2067 = AXIS2_PLACEMENT_3D ( 'NONE', #4612, #2372, #576 ) ;
#2068 = CARTESIAN_POINT ( 'NONE',  ( 3.399999999999997700, -4.639999999999998800, 0.5000000000000000000 ) ) ;
#2069 = ORIENTED_EDGE ( 'NONE', *, *, #2376, .T. ) ;
#2070 = CARTESIAN_POINT ( 'NONE',  ( 4.050000000000000700, 5.190000000000000400, 0.5000000000000000000 ) ) ;
#2071 = ORIENTED_EDGE ( 'NONE', *, *, #1921, .F. ) ;
#2072 = LINE ( 'NONE', #3501, #2829 ) ;
#2073 = VECTOR ( 'NONE', #4739, 1000.000000000000000 ) ;
#2074 = ORIENTED_EDGE ( 'NONE', *, *, #1786, .T. ) ;
#2075 = EDGE_CURVE ( 'NONE', #3343, #1477, #432, .T. ) ;
#2076 = DIRECTION ( 'NONE',  ( -1.000000000000000000, 0.0000000000000000000, 0.0000000000000000000 ) ) ;
#2077 = CARTESIAN_POINT ( 'NONE',  ( -3.969999999999998900, -5.540000000000045300, 0.0000000000000000000 ) ) ;
#2078 = LINE ( 'NONE', #950, #4579 ) ;
#2079 = CARTESIAN_POINT ( 'NONE',  ( -3.800000000000001200, -5.189999999999992400, 0.0000000000000000000 ) ) ;
#2080 = ORIENTED_EDGE ( 'NONE', *, *, #617, .F. ) ;
#2081 = LINE ( 'NONE', #158, #988 ) ;
#2082 = CARTESIAN_POINT ( 'NONE',  ( -2.200000000000001100, -4.189999999999998600, 0.5000000000000000000 ) ) ;
#2083 = CARTESIAN_POINT ( 'NONE',  ( -4.430000000000000600, -5.540000000000045300, 0.1000000000000000100 ) ) ;
#2084 = DIRECTION ( 'NONE',  ( -1.000000000000000000, -0.0000000000000000000, -0.0000000000000000000 ) ) ;
#2085 = ORIENTED_EDGE ( 'NONE', *, *, #3846, .T. ) ;
#2086 = CARTESIAN_POINT ( 'NONE',  ( -3.399999999999999900, -4.189999999999999500, 0.5000000000000000000 ) ) ;
#2087 = CARTESIAN_POINT ( 'NONE',  ( 0.0000000000000000000, 0.0000000000000000000, 0.0000000000000000000 ) ) ;
#2088 = AXIS2_PLACEMENT_3D ( 'NONE', #1295, #2389, #3137 ) ;
#2089 = VERTEX_POINT ( 'NONE', #1960 ) ;
#2090 = ADVANCED_FACE ( 'NONE', ( #2928 ), #2213, .F. ) ;
#2091 = CARTESIAN_POINT ( 'NONE',  ( 1.569999999999999000, -5.539999999999989400, 0.0000000000000000000 ) ) ;
#2092 = CARTESIAN_POINT ( 'NONE',  ( 2.199999999999998000, -4.639999999999998800, -0.0000000000000000000 ) ) ;
#2093 = CARTESIAN_POINT ( 'NONE',  ( 4.292520405653338100, -1.167479594346663400, 2.299999999999999800 ) ) ;
#2094 = EDGE_CURVE ( 'NONE', #1804, #2739, #3612, .T. ) ;
#2095 = CARTESIAN_POINT ( 'NONE',  ( -3.800000000000002000, -4.189999999999999500, 0.5000000000000000000 ) ) ;
#2096 = CARTESIAN_POINT ( 'NONE',  ( 2.199999999999998000, -4.639999999999998800, 0.5000000000000000000 ) ) ;
#2097 = CARTESIAN_POINT ( 'NONE',  ( -2.769999999999999100, -5.540000000000033800, 0.1000000000000000100 ) ) ;
#2098 = VECTOR ( 'NONE', #590, 1000.000000000000000 ) ;
#2099 = EDGE_CURVE ( 'NONE', #724, #2022, #4361, .T. ) ;
#2100 = LINE ( 'NONE', #2869, #1136 ) ;
#2101 = DIRECTION ( 'NONE',  ( -1.000000000000000000, 0.0000000000000000000, 0.0000000000000000000 ) ) ;
#2102 = VECTOR ( 'NONE', #4794, 1000.000000000000000 ) ;
#2103 = DIRECTION ( 'NONE',  ( -0.0000000000000000000, -0.0000000000000000000, -1.000000000000000000 ) ) ;
#2104 = DIRECTION ( 'NONE',  ( 0.0000000000000000000, -0.0000000000000000000, 1.000000000000000000 ) ) ;
#2105 = ORIENTED_EDGE ( 'NONE', *, *, #4268, .T. ) ;
#2106 = STYLED_ITEM ( 'NONE', ( #277 ), #3243 ) ;
#2107 = VECTOR ( 'NONE', #230, 1000.000000000000000 ) ;
#2108 = LINE ( 'NONE', #1496, #1766 ) ;
#2109 = CARTESIAN_POINT ( 'NONE',  ( 0.5000000000000000000, 5.690000000000001300, 0.0000000000000000000 ) ) ;
#2110 = VECTOR ( 'NONE', #1879, 1000.000000000000000 ) ;
#2111 = CARTESIAN_POINT ( 'NONE',  ( -3.400000000000000800, -5.789999999999998300, 0.5000000000000000000 ) ) ;
#2112 = CARTESIAN_POINT ( 'NONE',  ( 4.599999999999997900, -5.789999999999967200, -0.0000000000000000000 ) ) ;
#2113 = FACE_OUTER_BOUND ( 'NONE', #997, .T. ) ;
#2114 = CARTESIAN_POINT ( 'NONE',  ( 4.900000000000000400, 5.190000000000000400, 0.0000000000000000000 ) ) ;
#2115 = VERTEX_POINT ( 'NONE', #3135 ) ;
#2116 = ADVANCED_FACE ( 'NONE', ( #2691 ), #1208, .F. ) ;
#2117 = VERTEX_POINT ( 'NONE', #4163 ) ;
#2118 = ORIENTED_EDGE ( 'NONE', *, *, #1519, .F. ) ;
#2119 = FACE_OUTER_BOUND ( 'NONE', #879, .T. ) ;
#2120 = ORIENTED_EDGE ( 'NONE', *, *, #3160, .F. ) ;
#2121 = EDGE_CURVE ( 'NONE', #4165, #1762, #2634, .T. ) ;
#2122 = CARTESIAN_POINT ( 'NONE',  ( -2.600000000000000500, -5.789999999999998300, 0.5000000000000000000 ) ) ;
#2123 = CARTESIAN_POINT ( 'NONE',  ( -4.949999999999999300, -5.190000000000000400, 0.0000000000000000000 ) ) ;
#2124 = EDGE_LOOP ( 'NONE', ( #4182, #1447, #1115, #2516 ) ) ;
#2125 = ORIENTED_EDGE ( 'NONE', *, *, #4436, .T. ) ;
#2126 = CARTESIAN_POINT ( 'NONE',  ( 4.950000000000000200, 1.989999999999999500, 0.5000000000000000000 ) ) ;
#2127 = LINE ( 'NONE', #1121, #1506 ) ;
#2128 = ORIENTED_EDGE ( 'NONE', *, *, #3224, .T. ) ;
#2129 = VECTOR ( 'NONE', #3357, 1000.000000000000000 ) ;
#2130 = AXIS2_PLACEMENT_3D ( 'NONE', #1164, #3308, #2617 ) ;
#2131 = SURFACE_SIDE_STYLE ('',( #3987 ) ) ;
#2132 = CARTESIAN_POINT ( 'NONE',  ( -1.569999999999998500, -5.540000000000022200, 0.1000000000000000100 ) ) ;
#2133 = VECTOR ( 'NONE', #750, 1000.000000000000000 ) ;
#2134 = ORIENTED_EDGE ( 'NONE', *, *, #983, .F. ) ;
#2135 = ORIENTED_EDGE ( 'NONE', *, *, #278, .F. ) ;
#2136 = VECTOR ( 'NONE', #536, 1000.000000000000000 ) ;
#2137 = EDGE_CURVE ( 'NONE', #1717, #3220, #1644, .T. ) ;
#2138 = DIRECTION ( 'NONE',  ( 0.08682659386424396200, -0.08682659386424422500, -0.9924325091389677400 ) ) ;
#2139 = DIRECTION ( 'NONE',  ( 1.000000000000000000, -8.673617379884042400E-016, 0.0000000000000000000 ) ) ;
#2140 = DIRECTION ( 'NONE',  ( 1.000000000000000000, 0.0000000000000000000, 0.0000000000000000000 ) ) ;
#2141 = LINE ( 'NONE', #415, #3129 ) ;
#2142 = ADVANCED_FACE ( 'NONE', ( #663 ), #2301, .T. ) ;
#2143 = DIRECTION ( 'NONE',  ( -5.656706986880892600E-016, 1.000000000000000000, 0.0000000000000000000 ) ) ;
#2144 = CARTESIAN_POINT ( 'NONE',  ( 3.799999999999997600, -4.639999999999998800, 0.5000000000000000000 ) ) ;
#2145 = AXIS2_PLACEMENT_3D ( 'NONE', #1126, #2657, #4114 ) ;
#2146 = ORIENTED_EDGE ( 'NONE', *, *, #1028, .T. ) ;
#2147 = CARTESIAN_POINT ( 'NONE',  ( 0.8299999999999999600, -5.790000000000000900, 0.1000000000000000100 ) ) ;
#2148 = PLANE ( 'NONE',  #4578 ) ;
#2149 = EDGE_CURVE ( 'NONE', #2769, #3169, #1818, .T. ) ;
#2150 = DIRECTION ( 'NONE',  ( 1.000000000000000000, 0.0000000000000000000, -0.0000000000000000000 ) ) ;
#2151 = CARTESIAN_POINT ( 'NONE',  ( -3.849999999999999600, 5.890000000000001500, 0.5000000000000000000 ) ) ;
#2152 = EDGE_CURVE ( 'NONE', #4177, #1717, #3146, .T. ) ;
#2153 = CARTESIAN_POINT ( 'NONE',  ( -1.569999999999998500, -5.540000000000022200, 0.0000000000000000000 ) ) ;
#2154 = DIRECTION ( 'NONE',  ( 0.0000000000000000000, -0.0000000000000000000, -1.000000000000000000 ) ) ;
#2155 = LINE ( 'NONE', #2178, #1880 ) ;
#2156 = AXIS2_PLACEMENT_3D ( 'NONE', #518, #1601, #493 ) ;
#2157 = ORIENTED_EDGE ( 'NONE', *, *, #1427, .T. ) ;
#2158 = CARTESIAN_POINT ( 'NONE',  ( -2.600000000000000500, -5.789999999999998300, 0.5000000000000000000 ) ) ;
#2159 = CARTESIAN_POINT ( 'NONE',  ( 0.5000000000000000000, 5.690000000000001300, 0.5000000000000000000 ) ) ;
#2160 = DIRECTION ( 'NONE',  ( -1.000000000000000000, 1.301042606982603400E-014, -0.0000000000000000000 ) ) ;
#2161 = LINE ( 'NONE', #3768, #4016 ) ;
#2162 = EDGE_CURVE ( 'NONE', #838, #4784, #4777, .T. ) ;
#2163 = CARTESIAN_POINT ( 'NONE',  ( -3.849999999999999600, 5.690000000000001300, 0.5000000000000000000 ) ) ;
#2164 = ORIENTED_EDGE ( 'NONE', *, *, #788, .F. ) ;
#2165 = EDGE_LOOP ( 'NONE', ( #1161, #2995, #1973, #3284 ) ) ;
#2166 = UNCERTAINTY_MEASURE_WITH_UNIT (LENGTH_MEASURE( 1.000000000000000100E-005 ), #4299, 'distance_accuracy_value', 'NONE');
#2167 = EDGE_CURVE ( 'NONE', #4780, #3703, #2391, .T. ) ;
#2168 = VECTOR ( 'NONE', #4778, 1000.000000000000000 ) ;
#2169 = ADVANCED_FACE ( 'NONE', ( #546 ), #1533, .T. ) ;
#2170 = FACE_OUTER_BOUND ( 'NONE', #4529, .T. ) ;
#2171 = VERTEX_POINT ( 'NONE', #2707 ) ;
#2172 = DIRECTION ( 'NONE',  ( -1.000000000000000000, 2.589139516383294300E-016, 0.0000000000000000000 ) ) ;
#2173 = EDGE_LOOP ( 'NONE', ( #211, #1435, #3188, #4447 ) ) ;
#2174 = CARTESIAN_POINT ( 'NONE',  ( -1.000000000000001100, -5.789999999999998300, 0.0000000000000000000 ) ) ;
#2175 = LINE ( 'NONE', #4071, #3000 ) ;
#2176 = ORIENTED_EDGE ( 'NONE', *, *, #1752, .F. ) ;
#2177 = AXIS2_PLACEMENT_3D ( 'NONE', #4320, #2817, #974 ) ;
#2178 = CARTESIAN_POINT ( 'NONE',  ( 3.850000000000000500, 5.890000000000000600, 0.5000000000000000000 ) ) ;
#2179 = CARTESIAN_POINT ( 'NONE',  ( 0.0000000000000000000, 0.0000000000000000000, 0.5000000000000000000 ) ) ;
#2180 = CARTESIAN_POINT ( 'NONE',  ( 4.050000000000000700, 5.146587955583267000, 0.4962019382530519200 ) ) ;
#2181 = EDGE_LOOP ( 'NONE', ( #3908, #4043, #965, #2228, #506, #1203, #3067, #585, #63, #61, #4157, #2633, #4468, #3271, #4195, #1585, #2440, #3491, #1906, #1023, #165, #1072, #2509, #752 ) ) ;
#2182 = ORIENTED_EDGE ( 'NONE', *, *, #1975, .F. ) ;
#2183 = DIRECTION ( 'NONE',  ( -2.168404344971008100E-015, -1.000000000000000000, 0.0000000000000000000 ) ) ;
#2184 = DIRECTION ( 'NONE',  ( -1.000000000000000000, 0.0000000000000000000, 0.0000000000000000000 ) ) ;
#2185 = EDGE_LOOP ( 'NONE', ( #2855, #2310, #1663, #782 ) ) ;
#2186 = DIRECTION ( 'NONE',  ( -0.0000000000000000000, -0.0000000000000000000, -1.000000000000000000 ) ) ;
#2187 = ORIENTED_EDGE ( 'NONE', *, *, #4053, .F. ) ;
#2188 = PRESENTATION_STYLE_ASSIGNMENT (( #1873 ) ) ;
#2189 = COLOUR_RGB ( '',1.000000000000000000, 1.000000000000000000, 1.000000000000000000 ) ;
#2190 =( GEOMETRIC_REPRESENTATION_CONTEXT ( 3 ) GLOBAL_UNCERTAINTY_ASSIGNED_CONTEXT ( ( #2166 ) ) GLOBAL_UNIT_ASSIGNED_CONTEXT ( ( #4299, #3594, #291 ) ) REPRESENTATION_CONTEXT ( 'NONE', 'WORKASPACE' ) );
#2191 = ORIENTED_EDGE ( 'NONE', *, *, #3892, .T. ) ;
#2192 = CARTESIAN_POINT ( 'NONE',  ( 2.199999999999998800, -5.789999999999999100, 0.5000000000000000000 ) ) ;
#2193 = VERTEX_POINT ( 'NONE', #1902 ) ;
#2194 = FACE_OUTER_BOUND ( 'NONE', #1157, .T. ) ;
#2195 = EDGE_CURVE ( 'NONE', #1928, #1211, #3550, .T. ) ;
#2196 = DIRECTION ( 'NONE',  ( -1.000000000000000000, 0.0000000000000000000, 0.0000000000000000000 ) ) ;
#2197 = VECTOR ( 'NONE', #1840, 1000.000000000000000 ) ;
#2198 = ORIENTED_EDGE ( 'NONE', *, *, #4187, .F. ) ;
#2199 = ADVANCED_FACE ( 'NONE', ( #846 ), #812, .T. ) ;
#2200 = DIRECTION ( 'NONE',  ( 0.0000000000000000000, 0.0000000000000000000, -1.000000000000000000 ) ) ;
#2201 = CARTESIAN_POINT ( 'NONE',  ( 0.3699999999999987700, -5.540000000000000900, 0.1000000000000000100 ) ) ;
#2202 = DIRECTION ( 'NONE',  ( 1.000000000000000000, -2.168404344971008100E-015, 0.0000000000000000000 ) ) ;
#2203 = LINE ( 'NONE', #981, #3531 ) ;
#2204 = ORIENTED_EDGE ( 'NONE', *, *, #3900, .T. ) ;
#2205 = DIRECTION ( 'NONE',  ( 1.000000000000000000, -0.0000000000000000000, 0.0000000000000000000 ) ) ;
#2206 = DIRECTION ( 'NONE',  ( 0.0000000000000000000, 0.0000000000000000000, -1.000000000000000000 ) ) ;
#2207 = CLOSED_SHELL ( 'NONE', ( #31, #2026, #2686, #1683, #3735, #2451, #544, #1, #1785, #329 ) ) ;
#2208 = CARTESIAN_POINT ( 'NONE',  ( -1.569999999999998500, -5.540000000000022200, 0.0000000000000000000 ) ) ;
#2209 = ORIENTED_EDGE ( 'NONE', *, *, #104, .F. ) ;
#2210 = DIRECTION ( 'NONE',  ( 8.131516293641294100E-016, -1.000000000000000000, -0.0000000000000000000 ) ) ;
#2211 = DIRECTION ( 'NONE',  ( 0.0000000000000000000, -0.0000000000000000000, -1.000000000000000000 ) ) ;
#2212 =( GEOMETRIC_REPRESENTATION_CONTEXT ( 3 ) GLOBAL_UNCERTAINTY_ASSIGNED_CONTEXT ( ( #956 ) ) GLOBAL_UNIT_ASSIGNED_CONTEXT ( ( #2722, #3838, #3820 ) ) REPRESENTATION_CONTEXT ( 'NONE', 'WORKASPACE' ) );
#2213 = PLANE ( 'NONE',  #4532 ) ;
#2214 = DIRECTION ( 'NONE',  ( 0.0000000000000000000, 0.0000000000000000000, -1.000000000000000000 ) ) ;
#2215 = PRESENTATION_STYLE_ASSIGNMENT (( #3430 ) ) ;
#2216 = EDGE_CURVE ( 'NONE', #1426, #3396, #2161, .T. ) ;
#2217 = ADVANCED_FACE ( 'NONE', ( #2043 ), #457, .T. ) ;
#2218 = PLANE ( 'NONE',  #2362 ) ;
#2219 = LINE ( 'NONE', #1678, #1540 ) ;
#2220 = CARTESIAN_POINT ( 'NONE',  ( 4.650000000000000400, -1.010000000000000500, 0.5000000000000000000 ) ) ;
#2221 = EDGE_CURVE ( 'NONE', #4186, #274, #4545, .T. ) ;
#2222 = CARTESIAN_POINT ( 'NONE',  ( 3.230000000000001300, -5.539999999999977800, 0.1000000000000000100 ) ) ;
#2223 = EDGE_LOOP ( 'NONE', ( #1008, #2900, #698, #2840 ) ) ;
#2224 = LINE ( 'NONE', #1799, #2748 ) ;
#2225 = AXIS2_PLACEMENT_3D ( 'NONE', #196, #3138, #3886 ) ;
#2226 = LINE ( 'NONE', #1044, #3274 ) ;
#2227 = DIRECTION ( 'NONE',  ( 0.0000000000000000000, 1.000000000000000000, 0.0000000000000000000 ) ) ;
#2228 = ORIENTED_EDGE ( 'NONE', *, *, #2279, .F. ) ;
#2229 = CARTESIAN_POINT ( 'NONE',  ( 2.199999999999998400, -5.189999999999992400, 0.0000000000000000000 ) ) ;
#2230 = FACE_OUTER_BOUND ( 'NONE', #2173, .T. ) ;
#2231 = CARTESIAN_POINT ( 'NONE',  ( 0.0000000000000000000, 0.0000000000000000000, 0.0000000000000000000 ) ) ;
#2232 = LINE ( 'NONE', #2578, #3055 ) ;
#2233 = CARTESIAN_POINT ( 'NONE',  ( -4.551909918771674100, 5.146255668237037300, 0.4999999999999997800 ) ) ;
#2234 = FACE_OUTER_BOUND ( 'NONE', #2321, .T. ) ;
#2235 = ORIENTED_EDGE ( 'NONE', *, *, #4342, .T. ) ;
#2236 = EDGE_CURVE ( 'NONE', #1101, #2033, #4492, .T. ) ;
#2237 = ORIENTED_EDGE ( 'NONE', *, *, #2646, .F. ) ;
#2238 = LINE ( 'NONE', #2425, #3628 ) ;
#2239 = EDGE_LOOP ( 'NONE', ( #338, #4546, #3565, #3977 ) ) ;
#2240 = CARTESIAN_POINT ( 'NONE',  ( -4.430000000000000600, -5.540000000000045300, 0.1000000000000000100 ) ) ;
#2241 = DIRECTION ( 'NONE',  ( 3.469446951953611000E-015, 1.000000000000000000, 0.0000000000000000000 ) ) ;
#2242 = ORIENTED_EDGE ( 'NONE', *, *, #164, .T. ) ;
#2243 = VERTEX_POINT ( 'NONE', #2091 ) ;
#2244 = FACE_OUTER_BOUND ( 'NONE', #1391, .T. ) ;
#2245 = ORIENTED_EDGE ( 'NONE', *, *, #2676, .F. ) ;
#2246 = MECHANICAL_DESIGN_GEOMETRIC_PRESENTATION_REPRESENTATION (  '', ( #2106 ), #2587 ) ;
#2247 = CARTESIAN_POINT ( 'NONE',  ( 4.906255668237033500, 1.989999999999999500, 0.5000000000000000000 ) ) ;
#2248 = DIRECTION ( 'NONE',  ( 0.0000000000000000000, -0.0000000000000000000, -1.000000000000000000 ) ) ;
#2249 = CARTESIAN_POINT ( 'NONE',  ( 4.950000000000000200, 5.190000000000000400, 0.0000000000000000000 ) ) ;
#2250 = EDGE_LOOP ( 'NONE', ( #4594, #157, #460, #806 ) ) ;
#2251 = CARTESIAN_POINT ( 'NONE',  ( 3.399999999999997700, -4.639999999999998800, 0.5000000000000000000 ) ) ;
#2252 = ORIENTED_EDGE ( 'NONE', *, *, #208, .T. ) ;
#2253 = LINE ( 'NONE', #190, #3986 ) ;
#2254 = ADVANCED_FACE ( 'NONE', ( #1247 ), #3187, .T. ) ;
#2255 = PRESENTATION_STYLE_ASSIGNMENT (( #1778 ) ) ;
#2256 = DIRECTION ( 'NONE',  ( 0.0000000000000000000, -1.000000000000000000, 0.0000000000000000000 ) ) ;
#2257 = LINE ( 'NONE', #3282, #3989 ) ;
#2258 = ORIENTED_EDGE ( 'NONE', *, *, #3422, .T. ) ;
#2259 = FACE_OUTER_BOUND ( 'NONE', #4152, .T. ) ;
#2260 = EDGE_CURVE ( 'NONE', #3014, #2497, #3201, .T. ) ;
#2261 = CARTESIAN_POINT ( 'NONE',  ( -4.949999999999999300, -5.190000000000000400, 0.0000000000000000000 ) ) ;
#2262 = VECTOR ( 'NONE', #2733, 1000.000000000000000 ) ;
#2263 = ORIENTED_EDGE ( 'NONE', *, *, #4338, .T. ) ;
#2264 = DIRECTION ( 'NONE',  ( -1.000000000000000000, 1.084202172485507000E-015, 0.0000000000000000000 ) ) ;
#2265 = AXIS2_PLACEMENT_3D ( 'NONE', #2222, #1013, #2241 ) ;
#2266 = CARTESIAN_POINT ( 'NONE',  ( 0.1999999999999987900, -5.789999999999998300, 0.5000000000000000000 ) ) ;
#2267 = EDGE_LOOP ( 'NONE', ( #1077, #2602, #2125, #4038 ) ) ;
#2268 = LINE ( 'NONE', #4176, #2375 ) ;
#2269 = EDGE_CURVE ( 'NONE', #4476, #4534, #3326, .T. ) ;
#2270 = CARTESIAN_POINT ( 'NONE',  ( 3.399999999999997700, -4.639999999999998800, -0.0000000000000000000 ) ) ;
#2271 = CARTESIAN_POINT ( 'NONE',  ( 3.850000000000000100, 5.690000000000000400, 0.5000000000000000000 ) ) ;
#2272 = CARTESIAN_POINT ( 'NONE',  ( 4.450000000000001100, -1.167479594346663400, 2.299999999999999800 ) ) ;
#2273 = VECTOR ( 'NONE', #775, 1000.000000000000000 ) ;
#2274 = EDGE_CURVE ( 'NONE', #3996, #2545, #2219, .T. ) ;
#2275 = ORIENTED_EDGE ( 'NONE', *, *, #4185, .T. ) ;
#2276 = CARTESIAN_POINT ( 'NONE',  ( -4.650000000000000400, 1.989999999999999100, 0.4000000000000000200 ) ) ;
#2277 = DIRECTION ( 'NONE',  ( -0.0000000000000000000, -0.0000000000000000000, -1.000000000000000000 ) ) ;
#2278 = MECHANICAL_DESIGN_GEOMETRIC_PRESENTATION_REPRESENTATION (  '', ( #3708 ), #3855 ) ;
#2279 = EDGE_CURVE ( 'NONE', #2739, #1101, #1409, .T. ) ;
#2280 = CARTESIAN_POINT ( 'NONE',  ( -0.3699999999999987700, -5.540000000000011600, 0.0000000000000000000 ) ) ;
#2281 = PLANE ( 'NONE',  #1625 ) ;
#2282 = CARTESIAN_POINT ( 'NONE',  ( -4.748776073890374100, -3.968118178003181600E-016, 2.299999999999999800 ) ) ;
#2283 = CARTESIAN_POINT ( 'NONE',  ( 0.9999999999999981100, -4.639999999999997900, 0.5000000000000000000 ) ) ;
#2284 = DIRECTION ( 'NONE',  ( -1.000000000000000000, -3.469446951953611000E-015, 0.0000000000000000000 ) ) ;
#2285 =( GEOMETRIC_REPRESENTATION_CONTEXT ( 3 ) GLOBAL_UNCERTAINTY_ASSIGNED_CONTEXT ( ( #1586 ) ) GLOBAL_UNIT_ASSIGNED_CONTEXT ( ( #2756, #4621, #3871 ) ) REPRESENTATION_CONTEXT ( 'NONE', 'WORKASPACE' ) );
#2286 = ORIENTED_EDGE ( 'NONE', *, *, #3093, .F. ) ;
#2287 = EDGE_CURVE ( 'NONE', #1473, #3026, #88, .T. ) ;
#2288 = VECTOR ( 'NONE', #4098, 1000.000000000000000 ) ;
#2289 = ORIENTED_EDGE ( 'NONE', *, *, #3363, .T. ) ;
#2290 = EDGE_LOOP ( 'NONE', ( #491, #2494, #3869, #1265 ) ) ;
#2291 = VECTOR ( 'NONE', #2379, 1000.000000000000000 ) ;
#2292 = FACE_OUTER_BOUND ( 'NONE', #1195, .T. ) ;
#2293 = ORIENTED_EDGE ( 'NONE', *, *, #1054, .F. ) ;
#2294 = ORIENTED_EDGE ( 'NONE', *, *, #4422, .F. ) ;
#2295 = AXIS2_PLACEMENT_3D ( 'NONE', #1181, #120, #2687 ) ;
#2296 = ORIENTED_EDGE ( 'NONE', *, *, #2221, .T. ) ;
#2297 = DIRECTION ( 'NONE',  ( -3.771137991254033600E-016, 1.000000000000000000, -0.0000000000000000000 ) ) ;
#2298 = LINE ( 'NONE', #1379, #744 ) ;
#2299 = CARTESIAN_POINT ( 'NONE',  ( -0.3699999999999987700, -5.540000000000011600, 0.1000000000000000100 ) ) ;
#2300 = VERTEX_POINT ( 'NONE', #4636 ) ;
#2301 = PLANE ( 'NONE',  #2295 ) ;
#2302 = LINE ( 'NONE', #489, #2946 ) ;
#2303 = ORIENTED_EDGE ( 'NONE', *, *, #2661, .F. ) ;
#2304 = AXIS2_PLACEMENT_3D ( 'NONE', #1745, #301, #2143 ) ;
#2305 = ORIENTED_EDGE ( 'NONE', *, *, #4338, .F. ) ;
#2306 = ORIENTED_EDGE ( 'NONE', *, *, #296, .F. ) ;
#2307 = VECTOR ( 'NONE', #2911, 1000.000000000000000 ) ;
#2308 =( NAMED_UNIT ( * ) PLANE_ANGLE_UNIT ( ) SI_UNIT ( $, .RADIAN. ) );
#2309 = ORIENTED_EDGE ( 'NONE', *, *, #1357, .F. ) ;
#2310 = ORIENTED_EDGE ( 'NONE', *, *, #3277, .F. ) ;
#2311 = FACE_OUTER_BOUND ( 'NONE', #2870, .T. ) ;
#2312 = CARTESIAN_POINT ( 'NONE',  ( -1.000000000000000900, -4.639999999999997900, 0.0000000000000000000 ) ) ;
#2313 = DIRECTION ( 'NONE',  ( 8.356086107788088100E-017, -1.000000000000000000, 0.0000000000000000000 ) ) ;
#2314 = DIRECTION ( 'NONE',  ( -0.0000000000000000000, -0.0000000000000000000, -1.000000000000000000 ) ) ;
#2315 = VECTOR ( 'NONE', #4356, 1000.000000000000000 ) ;
#2316 = ORIENTED_EDGE ( 'NONE', *, *, #1241, .T. ) ;
#2317 = EDGE_CURVE ( 'NONE', #4325, #1903, #1069, .T. ) ;
#2318 = LINE ( 'NONE', #238, #4641 ) ;
#2319 = ADVANCED_FACE ( 'NONE', ( #4653 ), #3884, .T. ) ;
#2320 = EDGE_CURVE ( 'NONE', #1946, #1213, #2631, .T. ) ;
#2321 = EDGE_LOOP ( 'NONE', ( #1838, #4554, #604, #107 ) ) ;
#2322 = LINE ( 'NONE', #2282, #530 ) ;
#2323 = ORIENTED_EDGE ( 'NONE', *, *, #296, .T. ) ;
#2324 = CARTESIAN_POINT ( 'NONE',  ( 4.430000000000000600, -5.539999999999967200, 0.1000000000000000100 ) ) ;
#2325 = EDGE_CURVE ( 'NONE', #2473, #4103, #3736, .T. ) ;
#2326 = DIRECTION ( 'NONE',  ( -1.000000000000000000, -0.0000000000000000000, 0.0000000000000000000 ) ) ;
#2327 = ORIENTED_EDGE ( 'NONE', *, *, #1688, .F. ) ;
#2328 = CARTESIAN_POINT ( 'NONE',  ( 0.0000000000000000000, -5.146255668237032000, 0.5000000000000000000 ) ) ;
#2329 = VECTOR ( 'NONE', #4090, 1000.000000000000000 ) ;
#2330 = DIRECTION ( 'NONE',  ( -0.0000000000000000000, 0.08715574274765466900, 0.9961946980917457700 ) ) ;
#2331 = AXIS2_PLACEMENT_3D ( 'NONE', #4732, #4366, #2924 ) ;
#2332 = VECTOR ( 'NONE', #3525, 1000.000000000000000 ) ;
#2333 = CARTESIAN_POINT ( 'NONE',  ( 4.599999999999997900, -4.189999999999934700, -0.0000000000000000000 ) ) ;
#2334 = CARTESIAN_POINT ( 'NONE',  ( 3.799999999999998000, -5.789999999999967200, 0.5000000000000000000 ) ) ;
#2335 = ORIENTED_EDGE ( 'NONE', *, *, #2152, .T. ) ;
#2336 = DIRECTION ( 'NONE',  ( 1.000000000000000000, -0.0000000000000000000, -0.0000000000000000000 ) ) ;
#2337 = ADVANCED_FACE ( 'NONE', ( #306 ), #2796, .F. ) ;
#2338 = LINE ( 'NONE', #2147, #4718 ) ;
#2339 = VECTOR ( 'NONE', #1729, 1000.000000000000000 ) ;
#2340 = ORIENTED_EDGE ( 'NONE', *, *, #480, .T. ) ;
#2341 = EDGE_CURVE ( 'NONE', #2441, #188, #1815, .T. ) ;
#2342 = ORIENTED_EDGE ( 'NONE', *, *, #2629, .T. ) ;
#2343 = VECTOR ( 'NONE', #148, 1000.000000000000000 ) ;
#2345 = DIRECTION ( 'NONE',  ( 1.409462824231158600E-014, 1.000000000000000000, 0.0000000000000000000 ) ) ;
#2344 = VECTOR ( 'NONE', #4763, 1000.000000000000000 ) ;
#2346 = ORIENTED_EDGE ( 'NONE', *, *, #3867, .F. ) ;
#2347 = EDGE_CURVE ( 'NONE', #2597, #3059, #4600, .T. ) ;
#2348 = ORIENTED_EDGE ( 'NONE', *, *, #3823, .T. ) ;
#2349 = VECTOR ( 'NONE', #706, 1000.000000000000000 ) ;
#2350 = ORIENTED_EDGE ( 'NONE', *, *, #1739, .F. ) ;
#2351 = EDGE_CURVE ( 'NONE', #3052, #1570, #845, .T. ) ;
#2352 = CARTESIAN_POINT ( 'NONE',  ( -2.030000000000000700, -5.540000000000022200, 0.1000000000000000100 ) ) ;
#2353 = ORIENTED_EDGE ( 'NONE', *, *, #3133, .F. ) ;
#2354 =( NAMED_UNIT ( * ) PLANE_ANGLE_UNIT ( ) SI_UNIT ( $, .RADIAN. ) );
#2355 = EDGE_LOOP ( 'NONE', ( #4077, #3460, #1217, #106 ) ) ;
#2356 = VECTOR ( 'NONE', #2897, 1000.000000000000000 ) ;
#2357 = VERTEX_POINT ( 'NONE', #1707 ) ;
#2358 = VERTEX_POINT ( 'NONE', #2079 ) ;
#2359 = EDGE_LOOP ( 'NONE', ( #978, #3497, #2576, #2819 ) ) ;
#2360 = LINE ( 'NONE', #2416, #224 ) ;
#2361 = LINE ( 'NONE', #1128, #4222 ) ;
#2362 = AXIS2_PLACEMENT_3D ( 'NONE', #1801, #710, #1462 ) ;
#2363 = CARTESIAN_POINT ( 'NONE',  ( 3.799999999999997600, -4.639999999999998800, 0.5000000000000000000 ) ) ;
#2364 = VECTOR ( 'NONE', #3793, 1000.000000000000000 ) ;
#2365 = EDGE_LOOP ( 'NONE', ( #57, #4789, #1043, #678, #2828, #2327, #2824, #3024 ) ) ;
#2366 = ADVANCED_FACE ( 'NONE', ( #3895 ), #2830, .F. ) ;
#2367 = DIRECTION ( 'NONE',  ( -1.000000000000000000, 0.0000000000000000000, -0.0000000000000000000 ) ) ;
#2368 = FACE_OUTER_BOUND ( 'NONE', #1207, .T. ) ;
#2369 = LINE ( 'NONE', #311, #4055 ) ;
#2370 = EDGE_LOOP ( 'NONE', ( #240, #2713, #3985, #1539 ) ) ;
#2371 = CARTESIAN_POINT ( 'NONE',  ( -4.757577536071976500, -1.158678132165061900, 2.199398826923511000 ) ) ;
#2372 = DIRECTION ( 'NONE',  ( 0.0000000000000000000, 1.000000000000000000, -0.0000000000000000000 ) ) ;
#2373 = CARTESIAN_POINT ( 'NONE',  ( 0.1999999999999985700, -4.639999999999997900, -0.0000000000000000000 ) ) ;
#2374 = ORIENTED_EDGE ( 'NONE', *, *, #3611, .F. ) ;
#2375 = VECTOR ( 'NONE', #2721, 1000.000000000000000 ) ;
#2376 = EDGE_CURVE ( 'NONE', #3406, #4464, #3041, .T. ) ;
#2377 = CARTESIAN_POINT ( 'NONE',  ( -4.430000000000000600, -5.540000000000045300, 0.0000000000000000000 ) ) ;
#2378 = VECTOR ( 'NONE', #4400, 1000.000000000000000 ) ;
#2379 = DIRECTION ( 'NONE',  ( 1.000000000000000000, -0.0000000000000000000, -0.0000000000000000000 ) ) ;
#2380 = CARTESIAN_POINT ( 'NONE',  ( 4.748776073890375900, 4.988776073890375300, 2.299999999999999800 ) ) ;
#2381 = AXIS2_PLACEMENT_3D ( 'NONE', #3370, #419, #834 ) ;
#2382 = ORIENTED_EDGE ( 'NONE', *, *, #4355, .F. ) ;
#2383 = DIRECTION ( 'NONE',  ( -3.469446951953611000E-015, -1.000000000000000000, 0.0000000000000000000 ) ) ;
#2384 = CARTESIAN_POINT ( 'NONE',  ( 4.430000000000000600, -5.539999999999967200, 0.1000000000000000100 ) ) ;
#2385 = ADVANCED_FACE ( 'NONE', ( #3260 ), #2918, .T. ) ;
#2386 = EDGE_CURVE ( 'NONE', #1554, #3797, #4488, .T. ) ;
#2387 = PRESENTATION_STYLE_ASSIGNMENT (( #361 ) ) ;
#2388 = VERTEX_POINT ( 'NONE', #4024 ) ;
#2389 = DIRECTION ( 'NONE',  ( 0.0000000000000000000, 1.000000000000000000, -0.0000000000000000000 ) ) ;
#2390 = DIRECTION ( 'NONE',  ( -3.469446951953611000E-015, -1.000000000000000000, 0.0000000000000000000 ) ) ;
#2391 = LINE ( 'NONE', #4552, #1470 ) ;
#2392 = ORIENTED_EDGE ( 'NONE', *, *, #480, .F. ) ;
#2393 = ORIENTED_EDGE ( 'NONE', *, *, #4408, .F. ) ;
#2394 = EDGE_CURVE ( 'NONE', #1954, #3440, #2155, .T. ) ;
#2395 = LINE ( 'NONE', #1216, #1602 ) ;
#2396 = LINE ( 'NONE', #591, #4553 ) ;
#2397 = DIRECTION ( 'NONE',  ( -0.0000000000000000000, -0.0000000000000000000, -1.000000000000000000 ) ) ;
#2398 = ORIENTED_EDGE ( 'NONE', *, *, #2615, .F. ) ;
#2399 = ORIENTED_EDGE ( 'NONE', *, *, #4185, .F. ) ;
#2400 = EDGE_CURVE ( 'NONE', #1095, #1389, #1192, .T. ) ;
#2401 = DIRECTION ( 'NONE',  ( -1.000000000000000000, -1.885568995626964500E-016, 0.0000000000000000000 ) ) ;
#2402 = VERTEX_POINT ( 'NONE', #4775 ) ;
#2403 = CARTESIAN_POINT ( 'NONE',  ( 2.770000000000000000, -5.789999999999978700, 0.1000000000000000100 ) ) ;
#2404 = PLANE ( 'NONE',  #341 ) ;
#2405 = DIRECTION ( 'NONE',  ( 1.000000000000000000, -1.409462824231158400E-014, 0.0000000000000000000 ) ) ;
#2406 = LINE ( 'NONE', #3140, #4030 ) ;
#2407 = ADVANCED_FACE ( 'NONE', ( #3610 ), #1390, .F. ) ;
#2408 = CARTESIAN_POINT ( 'NONE',  ( 4.050000000000000700, 5.146255668237032000, 0.5000000000000000000 ) ) ;
#2409 = ORIENTED_EDGE ( 'NONE', *, *, #3933, .T. ) ;
#2410 = EDGE_CURVE ( 'NONE', #1323, #2562, #2743, .T. ) ;
#2411 = VERTEX_POINT ( 'NONE', #1065 ) ;
#2412 = VERTEX_POINT ( 'NONE', #2901 ) ;
#2413 = VECTOR ( 'NONE', #2929, 1000.000000000000000 ) ;
#2414 = EDGE_CURVE ( 'NONE', #3440, #381, #4011, .T. ) ;
#2415 = LINE ( 'NONE', #2941, #1382 ) ;
#2416 = CARTESIAN_POINT ( 'NONE',  ( -4.949999999999999300, -5.190000000000000400, 0.0000000000000000000 ) ) ;
#2417 = ORIENTED_EDGE ( 'NONE', *, *, #2949, .F. ) ;
#2418 = EDGE_LOOP ( 'NONE', ( #2804, #3289, #2044, #2054 ) ) ;
#2419 = LINE ( 'NONE', #4175, #3017 ) ;
#2420 = FACE_OUTER_BOUND ( 'NONE', #2267, .T. ) ;
#2421 = ORIENTED_EDGE ( 'NONE', *, *, #1976, .F. ) ;
#2422 = DIRECTION ( 'NONE',  ( 3.469446951953611000E-015, 1.000000000000000000, 0.0000000000000000000 ) ) ;
#2423 = AXIS2_PLACEMENT_3D ( 'NONE', #3530, #4339, #3577 ) ;
#2424 = FILL_AREA_STYLE_COLOUR ( '', #3170 ) ;
#2425 = CARTESIAN_POINT ( 'NONE',  ( -3.969999999999999800, -5.790000000000045300, 0.1000000000000000100 ) ) ;
#2426 = VECTOR ( 'NONE', #4202, 1000.000000000000000 ) ;
#2427 = ORIENTED_EDGE ( 'NONE', *, *, #4402, .T. ) ;
#2428 = DIRECTION ( 'NONE',  ( 0.0000000000000000000, -0.0000000000000000000, -1.000000000000000000 ) ) ;
#2429 = EDGE_CURVE ( 'NONE', #4192, #1774, #2925, .T. ) ;
#2430 = MANIFOLD_SOLID_BREP ( 'Lead3-8', #1400 ) ;
#2431 = VERTEX_POINT ( 'NONE', #4333 ) ;
#2432 = DIRECTION ( 'NONE',  ( 1.000000000000000000, 4.336808689942021200E-016, -0.0000000000000000000 ) ) ;
#2433 = CARTESIAN_POINT ( 'NONE',  ( 4.429999999999999700, -5.789999999999967200, 0.1000000000000000100 ) ) ;
#2434 = ORIENTED_EDGE ( 'NONE', *, *, #4247, .F. ) ;
#2435 =( NAMED_UNIT ( * ) SI_UNIT ( $, .STERADIAN. ) SOLID_ANGLE_UNIT ( ) );
#2436 = CARTESIAN_POINT ( 'NONE',  ( -4.650000000000000400, -1.010000000000000500, 0.4000000000000000200 ) ) ;
#2437 = CARTESIAN_POINT ( 'NONE',  ( -4.450000000000001100, -1.010000000000000500, 0.4999999999999345000 ) ) ;
#2438 = ORIENTED_EDGE ( 'NONE', *, *, #1074, .F. ) ;
#2439 = VECTOR ( 'NONE', #4525, 1000.000000000000100 ) ;
#2440 = ORIENTED_EDGE ( 'NONE', *, *, #1905, .F. ) ;
#2441 = VERTEX_POINT ( 'NONE', #651 ) ;
#2442 = DIRECTION ( 'NONE',  ( -0.0000000000000000000, -1.000000000000000000, -0.0000000000000000000 ) ) ;
#2443 = CARTESIAN_POINT ( 'NONE',  ( 0.0000000000000000000, 0.0000000000000000000, 0.0000000000000000000 ) ) ;
#2444 = DIRECTION ( 'NONE',  ( -1.000000000000000000, -0.0000000000000000000, -0.0000000000000000000 ) ) ;
#2445 = CARTESIAN_POINT ( 'NONE',  ( 0.1999999999999985700, -4.639999999999997900, 0.5000000000000000000 ) ) ;
#2446 = LINE ( 'NONE', #49, #3740 ) ;
#2447 = VERTEX_POINT ( 'NONE', #1018 ) ;
#2448 = DIRECTION ( 'NONE',  ( -1.000000000000000000, 1.070816960479510600E-016, 0.0000000000000000000 ) ) ;
#2449 = ORIENTED_EDGE ( 'NONE', *, *, #4342, .F. ) ;
#2450 = LINE ( 'NONE', #488, #494 ) ;
#2451 = ADVANCED_FACE ( 'NONE', ( #722 ), #4349, .T. ) ;
#2452 = VECTOR ( 'NONE', #3721, 1000.000000000000000 ) ;
#2453 = VECTOR ( 'NONE', #1997, 1000.000000000000000 ) ;
#2454 = VERTEX_POINT ( 'NONE', #1755 ) ;
#2455 = EDGE_CURVE ( 'NONE', #823, #3457, #137, .T. ) ;
#2456 = DIRECTION ( 'NONE',  ( -1.000000000000000000, 1.409462824231158600E-014, 0.0000000000000000000 ) ) ;
#2457 = ORIENTED_EDGE ( 'NONE', *, *, #3379, .T. ) ;
#2458 = CARTESIAN_POINT ( 'NONE',  ( 3.399999999999998600, -5.789999999999999100, 0.5000000000000000000 ) ) ;
#2459 = CARTESIAN_POINT ( 'NONE',  ( -2.200000000000001100, -4.189999999999998600, 0.5000000000000000000 ) ) ;
#2460 = VERTEX_POINT ( 'NONE', #2499 ) ;
#2461 = EDGE_CURVE ( 'NONE', #2115, #2581, #1132, .T. ) ;
#2462 = VERTEX_POINT ( 'NONE', #662 ) ;
#2463 = ORIENTED_EDGE ( 'NONE', *, *, #4466, .T. ) ;
#2465 = PLANE ( 'NONE',  #2670 ) ;
#2464 = LINE ( 'NONE', #4067, #2413 ) ;
#2466 = CARTESIAN_POINT ( 'NONE',  ( 2.599999999999998300, -4.639999999999998800, 0.5000000000000000000 ) ) ;
#2467 = ORIENTED_EDGE ( 'NONE', *, *, #3654, .T. ) ;
#2468 = AXIS2_PLACEMENT_3D ( 'NONE', #794, #3748, #2992 ) ;
#2469 = CARTESIAN_POINT ( 'NONE',  ( 3.399999999999997700, -4.639999999999998800, 0.5000000000000000000 ) ) ;
#2470 = DIRECTION ( 'NONE',  ( 0.0000000000000000000, -0.0000000000000000000, 1.000000000000000000 ) ) ;
#2471 = EDGE_LOOP ( 'NONE', ( #2, #3873, #1599, #3351 ) ) ;
#2472 = CARTESIAN_POINT ( 'NONE',  ( 2.199999999999998400, -5.146255668237032000, 0.5000000000000000000 ) ) ;
#2473 = VERTEX_POINT ( 'NONE', #2883 ) ;
#2474 = LINE ( 'NONE', #2371, #461 ) ;
#2475 = VECTOR ( 'NONE', #348, 1000.000000000000000 ) ;
#2476 = FACE_OUTER_BOUND ( 'NONE', #672, .T. ) ;
#2477 = ORIENTED_EDGE ( 'NONE', *, *, #3096, .F. ) ;
#2478 = EDGE_CURVE ( 'NONE', #603, #1029, #1304, .T. ) ;
#2479 = LINE ( 'NONE', #1224, #4465 ) ;
#2480 = CARTESIAN_POINT ( 'NONE',  ( 0.0000000000000000000, 0.0000000000000000000, 0.4000000000000000200 ) ) ;
#2481 = DIRECTION ( 'NONE',  ( 1.000000000000000000, -0.0000000000000000000, -0.0000000000000000000 ) ) ;
#2482 = DIRECTION ( 'NONE',  ( -1.000000000000000000, 0.0000000000000000000, 0.0000000000000000000 ) ) ;
#2483 = LINE ( 'NONE', #2808, #4527 ) ;
#2484 = EDGE_LOOP ( 'NONE', ( #514, #4625, #1748, #2235 ) ) ;
#2485 = ADVANCED_FACE ( 'NONE', ( #4248 ), #4484, .T. ) ;
#2486 = SURFACE_SIDE_STYLE ('',( #1006 ) ) ;
#2487 = VERTEX_POINT ( 'NONE', #1456 ) ;
#2488 = CARTESIAN_POINT ( 'NONE',  ( 0.8300000000000008500, -5.540000000000000900, 0.1000000000000000100 ) ) ;
#2489 = FACE_OUTER_BOUND ( 'NONE', #2711, .T. ) ;
#2490 = DIRECTION ( 'NONE',  ( -0.0000000000000000000, -0.0000000000000000000, -1.000000000000000000 ) ) ;
#2491 = CARTESIAN_POINT ( 'NONE',  ( -3.399999999999999900, -4.189999999999999500, 0.5000000000000000000 ) ) ;
#2492 = CARTESIAN_POINT ( 'NONE',  ( -4.049999999999999800, -1.059999999999999400, 0.0000000000000000000 ) ) ;
#2493 = LINE ( 'NONE', #83, #3378 ) ;
#2494 = ORIENTED_EDGE ( 'NONE', *, *, #2121, .F. ) ;
#2495 = CARTESIAN_POINT ( 'NONE',  ( -4.600000000000000500, -4.988776073890375300, 2.299999999999999800 ) ) ;
#2496 = EDGE_CURVE ( 'NONE', #4159, #1546, #3955, .T. ) ;
#2497 = VERTEX_POINT ( 'NONE', #4416 ) ;
#2498 = AXIS2_PLACEMENT_3D ( 'NONE', #1790, #2536, #2912 ) ;
#2499 = CARTESIAN_POINT ( 'NONE',  ( 4.650000000000000400, -1.010000000000000500, 0.4000000000000000200 ) ) ;
#2500 = CARTESIAN_POINT ( 'NONE',  ( -4.949999999999999300, -5.190000000000000400, 0.0000000000000000000 ) ) ;
#2501 = CARTESIAN_POINT ( 'NONE',  ( 3.399999999999998100, -4.988776073890375300, 2.300000000000000300 ) ) ;
#2502 = EDGE_CURVE ( 'NONE', #3634, #1946, #900, .T. ) ;
#2503 = CARTESIAN_POINT ( 'NONE',  ( -1.569999999999998500, -5.540000000000022200, 0.0000000000000000000 ) ) ;
#2504 = CARTESIAN_POINT ( 'NONE',  ( -1.569999999999999400, -5.790000000000022200, 0.0000000000000000000 ) ) ;
#2505 =( NAMED_UNIT ( * ) PLANE_ANGLE_UNIT ( ) SI_UNIT ( $, .RADIAN. ) );
#2506 = FACE_OUTER_BOUND ( 'NONE', #943, .T. ) ;
#2507 = EDGE_CURVE ( 'NONE', #2497, #3426, #3490, .T. ) ;
#2508 = ADVANCED_FACE ( 'NONE', ( #2506 ), #411, .T. ) ;
#2509 = ORIENTED_EDGE ( 'NONE', *, *, #3122, .F. ) ;
#2510 = LINE ( 'NONE', #4404, #1696 ) ;
#2511 = PRODUCT ( 'TOLL', 'TOLL', '', ( #1270 ) ) ;
#2512 = CARTESIAN_POINT ( 'NONE',  ( -3.969999999999998900, -5.540000000000045300, 0.1000000000000000100 ) ) ;
#2513 = LINE ( 'NONE', #2272, #1010 ) ;
#2514 = PLANE ( 'NONE',  #2498 ) ;
#2515 = ORIENTED_EDGE ( 'NONE', *, *, #2534, .F. ) ;
#2516 = ORIENTED_EDGE ( 'NONE', *, *, #1764, .F. ) ;
#2517 = AXIS2_PLACEMENT_3D ( 'NONE', #3417, #3776, #434 ) ;
#2518 = LINE ( 'NONE', #2466, #3619 ) ;
#2519 = ORIENTED_EDGE ( 'NONE', *, *, #611, .F. ) ;
#2520 = EDGE_CURVE ( 'NONE', #3046, #4232, #4716, .T. ) ;
#2521 = DIRECTION ( 'NONE',  ( 1.000000000000000000, 8.673617379884042400E-016, 0.0000000000000000000 ) ) ;
#2522 = ORIENTED_EDGE ( 'NONE', *, *, #1931, .F. ) ;
#2523 = DIRECTION ( 'NONE',  ( 1.000000000000000000, -0.0000000000000000000, -0.0000000000000000000 ) ) ;
#2524 = ORIENTED_EDGE ( 'NONE', *, *, #236, .T. ) ;
#2525 = DIRECTION ( 'NONE',  ( 1.000000000000000000, 0.0000000000000000000, -0.0000000000000000000 ) ) ;
#2526 = VECTOR ( 'NONE', #3239, 1000.000000000000000 ) ;
#2527 = DIRECTION ( 'NONE',  ( 0.0000000000000000000, 0.0000000000000000000, 1.000000000000000000 ) ) ;
#2528 = ORIENTED_EDGE ( 'NONE', *, *, #4006, .F. ) ;
#2529 = MANIFOLD_SOLID_BREP ( 'Mold', #3569 ) ;
#2530 = PRESENTATION_LAYER_ASSIGNMENT (  '', '', ( #4768 ) ) ;
#2531 = LINE ( 'NONE', #3472, #262 ) ;
#2532 = PLANE ( 'NONE',  #4446 ) ;
#2533 = VERTEX_POINT ( 'NONE', #2956 ) ;
#2534 = EDGE_CURVE ( 'NONE', #3817, #1932, #1001, .T. ) ;
#2535 = DIRECTION ( 'NONE',  ( 0.0000000000000000000, 0.0000000000000000000, -1.000000000000000000 ) ) ;
#2536 = DIRECTION ( 'NONE',  ( 0.0000000000000000000, 0.0000000000000000000, -1.000000000000000000 ) ) ;
#2537 = CARTESIAN_POINT ( 'NONE',  ( 4.430000000000000600, -5.539999999999967200, 0.1000000000000000100 ) ) ;
#2538 = ORIENTED_EDGE ( 'NONE', *, *, #3650, .T. ) ;
#2539 = ORIENTED_EDGE ( 'NONE', *, *, #4408, .T. ) ;
#2540 = VECTOR ( 'NONE', #2196, 1000.000000000000000 ) ;
#2541 = LINE ( 'NONE', #2095, #630 ) ;
#2542 = ADVANCED_FACE ( 'NONE', ( #35 ), #2988, .T. ) ;
#2543 = DIRECTION ( 'NONE',  ( -0.0000000000000000000, -1.000000000000000000, -0.0000000000000000000 ) ) ;
#2544 = VERTEX_POINT ( 'NONE', #3021 ) ;
#2545 = VERTEX_POINT ( 'NONE', #1510 ) ;
#2546 = LINE ( 'NONE', #2192, #3237 ) ;
#2547 = PLANE ( 'NONE',  #3184 ) ;
#2548 = CARTESIAN_POINT ( 'NONE',  ( -2.200000000000001100, -5.789999999999998300, 0.0000000000000000000 ) ) ;
#2549 = DIRECTION ( 'NONE',  ( 5.656706986880892600E-016, -1.000000000000000000, -0.0000000000000000000 ) ) ;
#2550 = VECTOR ( 'NONE', #2482, 1000.000000000000000 ) ;
#2551 = ORIENTED_EDGE ( 'NONE', *, *, #1739, .T. ) ;
#2552 = CARTESIAN_POINT ( 'NONE',  ( 4.450000000000001100, -1.010000000000000500, 0.5000000000000000000 ) ) ;
#2553 = LINE ( 'NONE', #534, #2426 ) ;
#2554 = DIRECTION ( 'NONE',  ( 7.542275982507857100E-016, -1.000000000000000000, -0.0000000000000000000 ) ) ;
#2555 = DIRECTION ( 'NONE',  ( 0.0000000000000000000, 1.000000000000000000, 0.0000000000000000000 ) ) ;
#2556 = AXIS2_PLACEMENT_3D ( 'NONE', #4410, #1078, #2150 ) ;
#2557 = CARTESIAN_POINT ( 'NONE',  ( -4.950000000000000200, 5.146255668237032000, 0.5000000000000000000 ) ) ;
#2558 = VERTEX_POINT ( 'NONE', #757 ) ;
#2559 = VECTOR ( 'NONE', #1159, 1000.000000000000000 ) ;
#2560 = CARTESIAN_POINT ( 'NONE',  ( -4.049999999999999800, -1.059999999999999400, 0.5000000000000000000 ) ) ;
#2561 = CARTESIAN_POINT ( 'NONE',  ( -4.292520405653338100, -1.167479594346663200, 2.299999999999999800 ) ) ;
#2562 = VERTEX_POINT ( 'NONE', #789 ) ;
#2563 = DIRECTION ( 'NONE',  ( -1.885568995626964300E-016, 1.000000000000000000, -0.0000000000000000000 ) ) ;
#2564 = EDGE_CURVE ( 'NONE', #274, #1620, #1876, .T. ) ;
#2565 = ADVANCED_FACE ( 'NONE', ( #134 ), #4473, .T. ) ;
#2566 = ORIENTED_EDGE ( 'NONE', *, *, #3804, .F. ) ;
#2567 = CARTESIAN_POINT ( 'NONE',  ( 4.599999999999997900, -5.789999999999967200, 0.5000000000000000000 ) ) ;
#2568 = EDGE_CURVE ( 'NONE', #691, #1507, #2986, .T. ) ;
#2569 = DIRECTION ( 'NONE',  ( -1.000000000000000000, 0.0000000000000000000, 0.0000000000000000000 ) ) ;
#2570 = FILL_AREA_STYLE ('',( #774 ) ) ;
#2571 = DIRECTION ( 'NONE',  ( 0.0000000000000000000, 0.08715574274765951200, -0.9961946980917454300 ) ) ;
#2572 =( NAMED_UNIT ( * ) PLANE_ANGLE_UNIT ( ) SI_UNIT ( $, .RADIAN. ) );
#2573 = VECTOR ( 'NONE', #608, 1000.000000000000000 ) ;
#2574 = DIRECTION ( 'NONE',  ( 1.000000000000000000, -0.0000000000000000000, -0.0000000000000000000 ) ) ;
#2575 = DIRECTION ( 'NONE',  ( -0.0000000000000000000, -0.0000000000000000000, -1.000000000000000000 ) ) ;
#2576 = ORIENTED_EDGE ( 'NONE', *, *, #142, .F. ) ;
#2577 = ORIENTED_EDGE ( 'NONE', *, *, #3323, .T. ) ;
#2578 = CARTESIAN_POINT ( 'NONE',  ( 3.230000000000001300, -5.539999999999977800, 0.1000000000000000100 ) ) ;
#2579 = EDGE_CURVE ( 'NONE', #2388, #3177, #3842, .T. ) ;
#2580 = LINE ( 'NONE', #1709, #4258 ) ;
#2581 = VERTEX_POINT ( 'NONE', #2247 ) ;
#2582 = CARTESIAN_POINT ( 'NONE',  ( 0.5000000000000000000, 5.890000000000001500, 0.5000000000000000000 ) ) ;
#2583 = DIRECTION ( 'NONE',  ( -1.885568995626964300E-016, 1.000000000000000000, -0.0000000000000000000 ) ) ;
#2584 = DIRECTION ( 'NONE',  ( -1.000000000000000000, -3.469446951953611000E-015, 0.0000000000000000000 ) ) ;
#2585 = LINE ( 'NONE', #2891, #2452 ) ;
#2586 = EDGE_LOOP ( 'NONE', ( #4745, #3902, #3816, #256, #3165, #1611, #2892, #1549 ) ) ;
#2587 =( GEOMETRIC_REPRESENTATION_CONTEXT ( 3 ) GLOBAL_UNCERTAINTY_ASSIGNED_CONTEXT ( ( #1015 ) ) GLOBAL_UNIT_ASSIGNED_CONTEXT ( ( #940, #1676, #3904 ) ) REPRESENTATION_CONTEXT ( 'NONE', 'WORKASPACE' ) );
#2588 = VERTEX_POINT ( 'NONE', #2638 ) ;
#2589 =( NAMED_UNIT ( * ) SI_UNIT ( $, .STERADIAN. ) SOLID_ANGLE_UNIT ( ) );
#2590 = DIRECTION ( 'NONE',  ( -0.08682659386424407300, -0.08682659386424425300, 0.9924325091389677400 ) ) ;
#2591 = VECTOR ( 'NONE', #1096, 1000.000000000000000 ) ;
#2592 = DIRECTION ( 'NONE',  ( 0.0000000000000000000, 0.0000000000000000000, -1.000000000000000000 ) ) ;
#2593 = DIRECTION ( 'NONE',  ( -0.0000000000000000000, 1.000000000000000000, -0.0000000000000000000 ) ) ;
#2594 = ORIENTED_EDGE ( 'NONE', *, *, #4242, .T. ) ;
#2595 = MANIFOLD_SOLID_BREP ( 'Lead1', #2207 ) ;
#2596 = PLANE ( 'NONE',  #951 ) ;
#2597 = VERTEX_POINT ( 'NONE', #1158 ) ;
#2598 = CARTESIAN_POINT ( 'NONE',  ( 0.1999999999999987900, -5.789999999999998300, -0.0000000000000000000 ) ) ;
#2599 = EDGE_LOOP ( 'NONE', ( #1593, #4104, #968, #4303 ) ) ;
#2600 = VECTOR ( 'NONE', #3547, 1000.000000000000000 ) ;
#2601 = ORIENTED_EDGE ( 'NONE', *, *, #2665, .T. ) ;
#2602 = ORIENTED_EDGE ( 'NONE', *, *, #3355, .F. ) ;
#2603 = DIRECTION ( 'NONE',  ( 0.0000000000000000000, -1.000000000000000000, 0.0000000000000000000 ) ) ;
#2604 = ORIENTED_EDGE ( 'NONE', *, *, #3724, .T. ) ;
#2605 = CARTESIAN_POINT ( 'NONE',  ( 2.599999999999998300, -5.789999999999999100, 0.5000000000000000000 ) ) ;
#2606 = DIRECTION ( 'NONE',  ( 2.168404344971012800E-015, 1.000000000000000000, 0.0000000000000000000 ) ) ;
#2607 = LINE ( 'NONE', #1746, #2018 ) ;
#2608 = ORIENTED_EDGE ( 'NONE', *, *, #932, .F. ) ;
#2609 = LINE ( 'NONE', #2683, #3369 ) ;
#2610 = EDGE_CURVE ( 'NONE', #1888, #823, #596, .T. ) ;
#2611 = DIRECTION ( 'NONE',  ( 0.0000000000000000000, -1.000000000000000000, -0.0000000000000000000 ) ) ;
#2612 = CARTESIAN_POINT ( 'NONE',  ( 0.1999999999999987900, -5.789999999999998300, 0.5000000000000000000 ) ) ;
#2613 = VECTOR ( 'NONE', #2555, 1000.000000000000000 ) ;
#2614 = EDGE_LOOP ( 'NONE', ( #872, #251, #1977, #1674 ) ) ;
#2615 = EDGE_CURVE ( 'NONE', #1546, #234, #4713, .T. ) ;
#2616 = DIRECTION ( 'NONE',  ( 7.542275982507857100E-016, -1.000000000000000000, -0.0000000000000000000 ) ) ;
#2617 = DIRECTION ( 'NONE',  ( 1.000000000000000000, -1.301042606982603400E-014, 0.0000000000000000000 ) ) ;
#2618 = LINE ( 'NONE', #2736, #644 ) ;
#2619 = CARTESIAN_POINT ( 'NONE',  ( 2.199999999999998800, -5.789999999999999100, 0.5000000000000000000 ) ) ;
#2620 = FACE_OUTER_BOUND ( 'NONE', #716, .T. ) ;
#2621 = ORIENTED_EDGE ( 'NONE', *, *, #1074, .T. ) ;
#2622 = AXIS2_PLACEMENT_3D ( 'NONE', #1837, #1131, #2172 ) ;
#2623 = ORIENTED_EDGE ( 'NONE', *, *, #4489, .F. ) ;
#2624 = DIRECTION ( 'NONE',  ( 0.0000000000000000000, 0.0000000000000000000, -1.000000000000000000 ) ) ;
#2625 = CARTESIAN_POINT ( 'NONE',  ( 2.199999999999998800, -5.789999999999999100, -0.0000000000000000000 ) ) ;
#2626 = CARTESIAN_POINT ( 'NONE',  ( -2.600000000000000500, -5.789999999999998300, 0.5000000000000000000 ) ) ;
#2627 = DIRECTION ( 'NONE',  ( 0.0000000000000000000, -0.0000000000000000000, -1.000000000000000000 ) ) ;
#2628 = CARTESIAN_POINT ( 'NONE',  ( -0.2000000000000016500, -4.988776073890375300, 2.299999999999999800 ) ) ;
#2629 = EDGE_CURVE ( 'NONE', #3046, #2640, #3441, .T. ) ;
#2630 = DIRECTION ( 'NONE',  ( 1.000000000000000000, -0.0000000000000000000, -0.0000000000000000000 ) ) ;
#2631 = LINE ( 'NONE', #2812, #3087 ) ;
#2632 = CARTESIAN_POINT ( 'NONE',  ( -0.5000000000000000000, 5.890000000000001500, 0.5000000000000000000 ) ) ;
#2633 = ORIENTED_EDGE ( 'NONE', *, *, #2162, .F. ) ;
#2634 = LINE ( 'NONE', #4143, #1592 ) ;
#2635 = PRESENTATION_LAYER_ASSIGNMENT (  '', '', ( #3532 ) ) ;
#2636 = ADVANCED_FACE ( 'NONE', ( #1201 ), #3398, .T. ) ;
#2637 = LINE ( 'NONE', #15, #3211 ) ;
#2638 = CARTESIAN_POINT ( 'NONE',  ( 4.450000000000001100, 1.989999999999999100, 0.4000000000000000200 ) ) ;
#2639 = DIRECTION ( 'NONE',  ( -3.469446951953611000E-015, 1.000000000000000000, -0.0000000000000000000 ) ) ;
#2640 = VERTEX_POINT ( 'NONE', #1205 ) ;
#2641 = DIRECTION ( 'NONE',  ( -0.0000000000000000000, -0.0000000000000000000, 1.000000000000000000 ) ) ;
#2642 = SURFACE_STYLE_FILL_AREA ( #4665 ) ;
#2643 = DIRECTION ( 'NONE',  ( -3.469446951953611000E-015, -1.000000000000000000, 0.0000000000000000000 ) ) ;
#2644 = LINE ( 'NONE', #3932, #4308 ) ;
#2645 = ORIENTED_EDGE ( 'NONE', *, *, #3599, .T. ) ;
#2646 = EDGE_CURVE ( 'NONE', #1313, #3796, #1968, .T. ) ;
#2647 = EDGE_LOOP ( 'NONE', ( #2621, #2467, #1495, #3119 ) ) ;
#2648 = FACE_OUTER_BOUND ( 'NONE', #346, .T. ) ;
#2649 = ORIENTED_EDGE ( 'NONE', *, *, #484, .F. ) ;
#2650 = CARTESIAN_POINT ( 'NONE',  ( -0.3699999999999987700, -5.540000000000011600, 0.1000000000000000100 ) ) ;
#2651 = VECTOR ( 'NONE', #880, 1000.000000000000000 ) ;
#2652 = ORIENTED_EDGE ( 'NONE', *, *, #2520, .F. ) ;
#2653 =( NAMED_UNIT ( * ) PLANE_ANGLE_UNIT ( ) SI_UNIT ( $, .RADIAN. ) );
#2654 = CARTESIAN_POINT ( 'NONE',  ( 0.9999999999999981100, -4.639999999999997900, 0.5000000000000000000 ) ) ;
#2655 = SURFACE_SIDE_STYLE ('',( #2904 ) ) ;
#2656 = ORIENTED_EDGE ( 'NONE', *, *, #4804, .F. ) ;
#2657 = DIRECTION ( 'NONE',  ( 1.000000000000000000, 7.542275982507858100E-016, 0.0000000000000000000 ) ) ;
#2658 = ORIENTED_EDGE ( 'NONE', *, *, #3080, .T. ) ;
#2659 = VECTOR ( 'NONE', #2997, 1000.000000000000100 ) ;
#2660 = FACE_OUTER_BOUND ( 'NONE', #622, .T. ) ;
#2661 = EDGE_CURVE ( 'NONE', #3060, #3063, #1508, .T. ) ;
#2662 = CARTESIAN_POINT ( 'NONE',  ( -1.569999999999998500, -5.540000000000022200, 0.1000000000000000100 ) ) ;
#2663 = VERTEX_POINT ( 'NONE', #452 ) ;
#2664 = VECTOR ( 'NONE', #3683, 1000.000000000000000 ) ;
#2665 = EDGE_CURVE ( 'NONE', #1959, #3681, #979, .T. ) ;
#2666 = CARTESIAN_POINT ( 'NONE',  ( 1.399999999999998400, -4.639999999999998800, 0.5000000000000000000 ) ) ;
#2667 = VECTOR ( 'NONE', #3281, 1000.000000000000000 ) ;
#2668 = ORIENTED_EDGE ( 'NONE', *, *, #1531, .F. ) ;
#2669 = DIRECTION ( 'NONE',  ( -1.000000000000000000, 2.168404344971008100E-015, -0.0000000000000000000 ) ) ;
#2670 = AXIS2_PLACEMENT_3D ( 'NONE', #2443, #2788, #3151 ) ;
#2671 = VECTOR ( 'NONE', #3953, 1000.000000000000000 ) ;
#2672 = EDGE_CURVE ( 'NONE', #4503, #3315, #2479, .T. ) ;
#2673 = DIRECTION ( 'NONE',  ( 0.0000000000000000000, -1.000000000000000000, 0.0000000000000000000 ) ) ;
#2674 = CARTESIAN_POINT ( 'NONE',  ( -4.650000000000000400, 1.989999999999999100, 0.4000000000000000200 ) ) ;
#2675 = LINE ( 'NONE', #4453, #1681 ) ;
#2676 = EDGE_CURVE ( 'NONE', #1108, #2562, #523, .T. ) ;
#2677 = DIRECTION ( 'NONE',  ( -8.131516293641294100E-016, 1.000000000000000000, 0.0000000000000000000 ) ) ;
#2678 = VERTEX_POINT ( 'NONE', #1557 ) ;
#2679 = CARTESIAN_POINT ( 'NONE',  ( 4.996411133613503500, -0.9198445346235359900, -0.5304816846328870300 ) ) ;
#2680 = UNCERTAINTY_MEASURE_WITH_UNIT (LENGTH_MEASURE( 1.000000000000000100E-005 ), #1141, 'distance_accuracy_value', 'NONE');
#2681 = ORIENTED_EDGE ( 'NONE', *, *, #2015, .F. ) ;
#2682 = ADVANCED_FACE ( 'NONE', ( #1566 ), #4031, .T. ) ;
#2683 = CARTESIAN_POINT ( 'NONE',  ( 3.799999999999997600, -4.639999999999998800, -0.0000000000000000000 ) ) ;
#2684 = DIRECTION ( 'NONE',  ( -1.885568995626964300E-016, 1.000000000000000000, -0.0000000000000000000 ) ) ;
#2685 = CARTESIAN_POINT ( 'NONE',  ( -3.800000000000000300, -5.789999999999998300, 0.0000000000000000000 ) ) ;
#2686 = ADVANCED_FACE ( 'NONE', ( #3582 ), #2218, .T. ) ;
#2687 = DIRECTION ( 'NONE',  ( -0.0000000000000000000, 0.0000000000000000000, 1.000000000000000000 ) ) ;
#2688 = AXIS2_PLACEMENT_3D ( 'NONE', #2836, #1360, #1732 ) ;
#2689 = ORIENTED_EDGE ( 'NONE', *, *, #2749, .F. ) ;
#2690 = EDGE_CURVE ( 'NONE', #4709, #778, #571, .T. ) ;
#2691 = FACE_OUTER_BOUND ( 'NONE', #4580, .T. ) ;
#2692 = ORIENTED_EDGE ( 'NONE', *, *, #3661, .T. ) ;
#2693 = VERTEX_POINT ( 'NONE', #1450 ) ;
#2694 = DIRECTION ( 'NONE',  ( 1.000000000000000000, -0.0000000000000000000, -0.0000000000000000000 ) ) ;
#2695 = CARTESIAN_POINT ( 'NONE',  ( -2.769999999999999100, -5.540000000000033800, 0.1000000000000000100 ) ) ;
#2696 = LINE ( 'NONE', #665, #4782 ) ;
#2697 = VECTOR ( 'NONE', #987, 1000.000000000000000 ) ;
#2698 = ORIENTED_EDGE ( 'NONE', *, *, #3311, .T. ) ;
#2699 = ORIENTED_EDGE ( 'NONE', *, *, #239, .T. ) ;
#2700 = ORIENTED_EDGE ( 'NONE', *, *, #3696, .T. ) ;
#2701 = VECTOR ( 'NONE', #902, 1000.000000000000000 ) ;
#2702 = PLANE ( 'NONE',  #225 ) ;
#2703 = LINE ( 'NONE', #4434, #1256 ) ;
#2704 = DIRECTION ( 'NONE',  ( -0.0000000000000000000, -0.0000000000000000000, 1.000000000000000000 ) ) ;
#2705 = FILL_AREA_STYLE_COLOUR ( '', #1887 ) ;
#2706 = ORIENTED_EDGE ( 'NONE', *, *, #1720, .T. ) ;
#2707 = CARTESIAN_POINT ( 'NONE',  ( -3.400000000000000400, -5.189999999999992400, 0.0000000000000000000 ) ) ;
#2708 = EDGE_LOOP ( 'NONE', ( #1084, #3866, #3578, #4293 ) ) ;
#2709 = ORIENTED_EDGE ( 'NONE', *, *, #2786, .F. ) ;
#2710 = AXIS2_PLACEMENT_3D ( 'NONE', #388, #2611, #1488 ) ;
#2711 = EDGE_LOOP ( 'NONE', ( #3352, #2105, #2191, #4253 ) ) ;
#2712 = DIRECTION ( 'NONE',  ( 7.542275982507857100E-016, -1.000000000000000000, -0.0000000000000000000 ) ) ;
#2713 = ORIENTED_EDGE ( 'NONE', *, *, #4771, .F. ) ;
#2714 = FACE_OUTER_BOUND ( 'NONE', #2124, .T. ) ;
#2715 = ORIENTED_EDGE ( 'NONE', *, *, #4738, .F. ) ;
#2716 = ORIENTED_EDGE ( 'NONE', *, *, #2347, .T. ) ;
#2717 = ORIENTED_EDGE ( 'NONE', *, *, #3442, .T. ) ;
#2718 = VECTOR ( 'NONE', #4644, 1000.000000000000000 ) ;
#2719 = DIRECTION ( 'NONE',  ( 0.0000000000000000000, 0.0000000000000000000, -1.000000000000000000 ) ) ;
#2720 = DIRECTION ( 'NONE',  ( -1.000000000000000000, 0.0000000000000000000, 0.0000000000000000000 ) ) ;
#2721 = DIRECTION ( 'NONE',  ( 5.656706986880892600E-016, -1.000000000000000000, -0.0000000000000000000 ) ) ;
#2722 =( LENGTH_UNIT ( ) NAMED_UNIT ( * ) SI_UNIT ( .MILLI., .METRE. ) );
#2723 = VECTOR ( 'NONE', #4729, 1000.000000000000000 ) ;
#2724 = ORIENTED_EDGE ( 'NONE', *, *, #3724, .F. ) ;
#2725 = LINE ( 'NONE', #2312, #767 ) ;
#2726 = EDGE_CURVE ( 'NONE', #1608, #1888, #2967, .T. ) ;
#2727 = FACE_OUTER_BOUND ( 'NONE', #2185, .T. ) ;
#2728 = ORIENTED_EDGE ( 'NONE', *, *, #3487, .F. ) ;
#2729 = VERTEX_POINT ( 'NONE', #3725 ) ;
#2730 = DIRECTION ( 'NONE',  ( -1.000000000000000000, 0.0000000000000000000, -0.0000000000000000000 ) ) ;
#2731 = VECTOR ( 'NONE', #1983, 1000.000000000000000 ) ;
#2732 = COLOUR_RGB ( '',1.000000000000000000, 1.000000000000000000, 1.000000000000000000 ) ;
#2733 = DIRECTION ( 'NONE',  ( -1.885568995626964300E-016, 1.000000000000000000, -0.0000000000000000000 ) ) ;
#2734 = ORIENTED_EDGE ( 'NONE', *, *, #2478, .T. ) ;
#2735 = CARTESIAN_POINT ( 'NONE',  ( 4.599999999999997900, -4.189999999999934700, 0.5000000000000000000 ) ) ;
#2736 = CARTESIAN_POINT ( 'NONE',  ( -2.200000000000001100, -4.189999999999998600, 0.0000000000000000000 ) ) ;
#2737 = ADVANCED_FACE ( 'NONE', ( #931 ), #2947, .F. ) ;
#2738 = EDGE_CURVE ( 'NONE', #1171, #3864, #2546, .T. ) ;
#2739 = VERTEX_POINT ( 'NONE', #4786 ) ;
#2740 = DIRECTION ( 'NONE',  ( 1.000000000000000000, 0.0000000000000000000, 0.0000000000000000000 ) ) ;
#2741 = SURFACE_STYLE_USAGE ( .BOTH. , #2777 ) ;
#2742 = AXIS2_PLACEMENT_3D ( 'NONE', #2480, #3583, #4017 ) ;
#2743 = LINE ( 'NONE', #3978, #661 ) ;
#2744 = CARTESIAN_POINT ( 'NONE',  ( -3.800000000000002000, -4.189999999999999500, 0.5000000000000000000 ) ) ;
#2745 = DIRECTION ( 'NONE',  ( 3.469446951953611000E-015, 1.000000000000000000, 0.0000000000000000000 ) ) ;
#2746 = ORIENTED_EDGE ( 'NONE', *, *, #980, .F. ) ;
#2747 = CARTESIAN_POINT ( 'NONE',  ( 4.050000000000000700, 5.146255668237037300, 0.4999999999999997800 ) ) ;
#2748 = VECTOR ( 'NONE', #4382, 1000.000000000000000 ) ;
#2749 = EDGE_CURVE ( 'NONE', #4385, #3682, #4337, .T. ) ;
#2750 = ORIENTED_EDGE ( 'NONE', *, *, #4271, .F. ) ;
#2751 = DIRECTION ( 'NONE',  ( -0.0000000000000000000, -0.0000000000000000000, -1.000000000000000000 ) ) ;
#2752 = FACE_OUTER_BOUND ( 'NONE', #247, .T. ) ;
#2753 = AXIS2_PLACEMENT_3D ( 'NONE', #2087, #4706, #3972 ) ;
#2754 = VECTOR ( 'NONE', #4100, 1000.000000000000000 ) ;
#2755 = ORIENTED_EDGE ( 'NONE', *, *, #3404, .F. ) ;
#2756 =( LENGTH_UNIT ( ) NAMED_UNIT ( * ) SI_UNIT ( .MILLI., .METRE. ) );
#2757 = CARTESIAN_POINT ( 'NONE',  ( -4.950000000000000200, 1.989999999999999500, 0.5000000000000000000 ) ) ;
#2758 = LINE ( 'NONE', #3005, #1137 ) ;
#2759 = ORIENTED_EDGE ( 'NONE', *, *, #852, .T. ) ;
#2760 = ADVANCED_FACE ( 'NONE', ( #1671 ), #4014, .T. ) ;
#2761 = CARTESIAN_POINT ( 'NONE',  ( -1.400000000000001000, -5.789999999999998300, 0.5000000000000000000 ) ) ;
#2762 = EDGE_CURVE ( 'NONE', #3455, #2809, #3824, .T. ) ;
#2763 = EDGE_LOOP ( 'NONE', ( #527, #4617, #399, #431 ) ) ;
#2764 = LINE ( 'NONE', #1363, #809 ) ;
#2765 = ORIENTED_EDGE ( 'NONE', *, *, #1614, .T. ) ;
#2766 = EDGE_CURVE ( 'NONE', #2454, #1804, #2778, .T. ) ;
#2767 = CARTESIAN_POINT ( 'NONE',  ( 3.399999999999998600, -5.789999999999999100, -0.0000000000000000000 ) ) ;
#2768 = DIRECTION ( 'NONE',  ( -0.0000000000000000000, 1.000000000000000000, 0.0000000000000000000 ) ) ;
#2769 = VERTEX_POINT ( 'NONE', #4770 ) ;
#2770 = ORIENTED_EDGE ( 'NONE', *, *, #2949, .T. ) ;
#2771 = ORIENTED_EDGE ( 'NONE', *, *, #3988, .T. ) ;
#2772 = VECTOR ( 'NONE', #4084, 1000.000000000000000 ) ;
#2773 = PLANE ( 'NONE',  #1915 ) ;
#2774 = FACE_OUTER_BOUND ( 'NONE', #1183, .T. ) ;
#2775 = CARTESIAN_POINT ( 'NONE',  ( -1.000000000000001100, -5.789999999999998300, 0.5000000000000000000 ) ) ;
#2776 = ORIENTED_EDGE ( 'NONE', *, *, #2850, .F. ) ;
#2777 = SURFACE_SIDE_STYLE ('',( #3758 ) ) ;
#2778 = LINE ( 'NONE', #4390, #2834 ) ;
#2779 = VECTOR ( 'NONE', #3847, 1000.000000000000000 ) ;
#2780 = EDGE_LOOP ( 'NONE', ( #4034, #4228, #2750, #3907 ) ) ;
#2781 = DIRECTION ( 'NONE',  ( 0.0000000000000000000, 0.0000000000000000000, -1.000000000000000000 ) ) ;
#2782 = DIRECTION ( 'NONE',  ( -3.469446951953611000E-015, -1.000000000000000000, 0.0000000000000000000 ) ) ;
#2783 = STYLED_ITEM ( 'NONE', ( #1293 ), #329 ) ;
#2784 = ADVANCED_FACE ( 'NONE', ( #3415 ), #354, .F. ) ;
#2785 = VECTOR ( 'NONE', #2397, 1000.000000000000000 ) ;
#2786 = EDGE_CURVE ( 'NONE', #344, #580, #3473, .T. ) ;
#2787 = CARTESIAN_POINT ( 'NONE',  ( 0.0000000000000000000, 0.0000000000000000000, 0.5000000000000000000 ) ) ;
#2788 = DIRECTION ( 'NONE',  ( 0.0000000000000000000, 0.0000000000000000000, -1.000000000000000000 ) ) ;
#2789 = CARTESIAN_POINT ( 'NONE',  ( 2.030000000000001100, -5.539999999999989400, 0.1000000000000000100 ) ) ;
#2790 = DIRECTION ( 'NONE',  ( 1.000000000000000000, -3.469446951953611000E-015, 0.0000000000000000000 ) ) ;
#2791 = AXIS2_PLACEMENT_3D ( 'NONE', #999, #1346, #1691 ) ;
#2792 = ORIENTED_EDGE ( 'NONE', *, *, #4425, .F. ) ;
#2793 = PLANE ( 'NONE',  #892 ) ;
#2794 = PLANE ( 'NONE',  #2067 ) ;
#2795 = VERTEX_POINT ( 'NONE', #2567 ) ;
#2796 = PLANE ( 'NONE',  #3290 ) ;
#2797 = CARTESIAN_POINT ( 'NONE',  ( 1.399999999999998400, -4.639999999999998800, 0.5000000000000000000 ) ) ;
#2798 = SURFACE_SIDE_STYLE ('',( #2642 ) ) ;
#2799 = ADVANCED_FACE ( 'NONE', ( #4691 ), #2532, .F. ) ;
#2800 = ORIENTED_EDGE ( 'NONE', *, *, #2875, .T. ) ;
#2801 = AXIS2_PLACEMENT_3D ( 'NONE', #1984, #498, #160 ) ;
#2802 = LINE ( 'NONE', #1494, #1936 ) ;
#2803 = VERTEX_POINT ( 'NONE', #1060 ) ;
#2804 = ORIENTED_EDGE ( 'NONE', *, *, #575, .T. ) ;
#2805 = EDGE_CURVE ( 'NONE', #4019, #1888, #409, .T. ) ;
#2806 = FACE_OUTER_BOUND ( 'NONE', #4243, .T. ) ;
#2807 = VECTOR ( 'NONE', #3267, 1000.000000000000000 ) ;
#2808 = CARTESIAN_POINT ( 'NONE',  ( 4.599999999999997900, -5.789999999999967200, 0.5000000000000000000 ) ) ;
#2809 = VERTEX_POINT ( 'NONE', #2552 ) ;
#2810 = EDGE_CURVE ( 'NONE', #1544, #2115, #68, .T. ) ;
#2811 = FACE_OUTER_BOUND ( 'NONE', #3504, .T. ) ;
#2812 = CARTESIAN_POINT ( 'NONE',  ( -2.200000000000001100, -5.789999999999998300, 0.0000000000000000000 ) ) ;
#2813 = ORIENTED_EDGE ( 'NONE', *, *, #1326, .F. ) ;
#2814 = CARTESIAN_POINT ( 'NONE',  ( -4.430000000000000600, -5.540000000000045300, 0.1000000000000000100 ) ) ;
#2815 = DIRECTION ( 'NONE',  ( 1.885568995626964500E-016, -1.000000000000000000, 0.0000000000000000000 ) ) ;
#2816 = VECTOR ( 'NONE', #476, 1000.000000000000000 ) ;
#2817 = DIRECTION ( 'NONE',  ( -1.000000000000000000, 1.885568995626964500E-016, 0.0000000000000000000 ) ) ;
#2818 = VERTEX_POINT ( 'NONE', #3949 ) ;
#2819 = ORIENTED_EDGE ( 'NONE', *, *, #3654, .F. ) ;
#2820 = ORIENTED_EDGE ( 'NONE', *, *, #980, .T. ) ;
#2821 = ORIENTED_EDGE ( 'NONE', *, *, #4161, .T. ) ;
#2822 = LINE ( 'NONE', #673, #1324 ) ;
#2823 = EDGE_CURVE ( 'NONE', #1244, #2693, #1730, .T. ) ;
#2824 = ORIENTED_EDGE ( 'NONE', *, *, #1834, .F. ) ;
#2825 = CARTESIAN_POINT ( 'NONE',  ( -4.049999999999999800, 5.190000000000000400, 0.0000000000000000000 ) ) ;
#2826 = CARTESIAN_POINT ( 'NONE',  ( 0.0000000000000000000, -4.988776073890375300, 2.299999999999999800 ) ) ;
#2827 = ORIENTED_EDGE ( 'NONE', *, *, #4015, .F. ) ;
#2828 = ORIENTED_EDGE ( 'NONE', *, *, #4550, .T. ) ;
#2829 = VECTOR ( 'NONE', #4282, 1000.000000000000000 ) ;
#2830 = PLANE ( 'NONE',  #3450 ) ;
#2831 = VECTOR ( 'NONE', #406, 1000.000000000000000 ) ;
#2832 = ORIENTED_EDGE ( 'NONE', *, *, #2325, .T. ) ;
#2833 = DIRECTION ( 'NONE',  ( -1.885568995626964500E-016, -1.000000000000000000, 0.0000000000000000000 ) ) ;
#2834 = VECTOR ( 'NONE', #1429, 1000.000000000000000 ) ;
#2835 = PRESENTATION_LAYER_ASSIGNMENT (  '', '', ( #113 ) ) ;
#2836 = CARTESIAN_POINT ( 'NONE',  ( -1.400000000000001000, -5.789999999999998300, 0.5000000000000000000 ) ) ;
#2837 = CARTESIAN_POINT ( 'NONE',  ( -4.292520405653338100, 0.0000000000000000000, 2.299999999999999800 ) ) ;
#2838 = DIRECTION ( 'NONE',  ( -0.0000000000000000000, -0.0000000000000000000, -1.000000000000000000 ) ) ;
#2839 = VECTOR ( 'NONE', #1033, 1000.000000000000000 ) ;
#2840 = ORIENTED_EDGE ( 'NONE', *, *, #4425, .T. ) ;
#2841 = ORIENTED_EDGE ( 'NONE', *, *, #400, .T. ) ;
#2842 = VECTOR ( 'NONE', #1239, 1000.000000000000100 ) ;
#2843 = DIRECTION ( 'NONE',  ( -1.000000000000000000, 4.336808689942021200E-016, 0.0000000000000000000 ) ) ;
#2844 = PLANE ( 'NONE',  #264 ) ;
#2845 = LINE ( 'NONE', #1532, #4005 ) ;
#2846 = ORIENTED_EDGE ( 'NONE', *, *, #4290, .F. ) ;
#2847 = CARTESIAN_POINT ( 'NONE',  ( -1.862641633247151000E-015, 2.147479594346658200, 2.299999999999999800 ) ) ;
#2848 = CARTESIAN_POINT ( 'NONE',  ( 0.8299999999999999600, -5.790000000000000900, 0.0000000000000000000 ) ) ;
#2849 = PLANE ( 'NONE',  #4047 ) ;
#2850 = EDGE_CURVE ( 'NONE', #2877, #214, #1857, .T. ) ;
#2851 = ORIENTED_EDGE ( 'NONE', *, *, #4556, .F. ) ;
#2852 = FILL_AREA_STYLE ('',( #3962 ) ) ;
#2853 = SURFACE_STYLE_USAGE ( .BOTH. , #2906 ) ;
#2854 = EDGE_CURVE ( 'NONE', #4722, #1328, #2725, .T. ) ;
#2855 = ORIENTED_EDGE ( 'NONE', *, *, #1411, .T. ) ;
#2856 = ADVANCED_FACE ( 'NONE', ( #1045 ), #3742, .T. ) ;
#2857 = VECTOR ( 'NONE', #1176, 1000.000000000000000 ) ;
#2858 = DIRECTION ( 'NONE',  ( 1.000000000000000000, -1.409462824231158400E-014, 0.0000000000000000000 ) ) ;
#2859 = CARTESIAN_POINT ( 'NONE',  ( -0.3699999999999996600, -5.790000000000012500, 0.1000000000000000100 ) ) ;
#2860 = CARTESIAN_POINT ( 'NONE',  ( 4.950000000000001100, -5.190000000000000400, 0.0000000000000000000 ) ) ;
#2861 = SURFACE_STYLE_FILL_AREA ( #2570 ) ;
#2862 = AXIS2_PLACEMENT_3D ( 'NONE', #3333, #27, #1877 ) ;
#2863 = DIRECTION ( 'NONE',  ( -1.000000000000000000, 0.0000000000000000000, -0.0000000000000000000 ) ) ;
#2864 = DIRECTION ( 'NONE',  ( 0.0000000000000000000, 0.0000000000000000000, -1.000000000000000000 ) ) ;
#2865 = PLANE ( 'NONE',  #81 ) ;
#2866 = PRESENTATION_STYLE_ASSIGNMENT (( #2853 ) ) ;
#2867 = FACE_OUTER_BOUND ( 'NONE', #2250, .T. ) ;
#2868 = CARTESIAN_POINT ( 'NONE',  ( 4.748776073890375900, 5.190000000000000400, 2.299999999999999800 ) ) ;
#2869 = CARTESIAN_POINT ( 'NONE',  ( 1.569999999999999000, -5.539999999999989400, 0.1000000000000000100 ) ) ;
#2870 = EDGE_LOOP ( 'NONE', ( #3545, #4321, #1362, #3919 ) ) ;
#2871 = CARTESIAN_POINT ( 'NONE',  ( -3.849999999999999600, 5.690000000000001300, 0.5000000000000000000 ) ) ;
#2872 = LINE ( 'NONE', #2666, #440 ) ;
#2873 = VECTOR ( 'NONE', #2938, 1000.000000000000000 ) ;
#2874 = VECTOR ( 'NONE', #828, 1000.000000000000000 ) ;
#2875 = EDGE_CURVE ( 'NONE', #1632, #188, #1788, .T. ) ;
#2876 = DIRECTION ( 'NONE',  ( -0.0000000000000000000, -0.0000000000000000000, 1.000000000000000000 ) ) ;
#2877 = VERTEX_POINT ( 'NONE', #3399 ) ;
#2878 = DIRECTION ( 'NONE',  ( -4.724722281579748000E-017, -0.08715574274765466900, -0.9961946980917457700 ) ) ;
#2879 = LINE ( 'NONE', #4685, #4673 ) ;
#2880 = ORIENTED_EDGE ( 'NONE', *, *, #1923, .T. ) ;
#2881 = ADVANCED_FACE ( 'NONE', ( #1622 ), #76, .F. ) ;
#2882 = VERTEX_POINT ( 'NONE', #4138 ) ;
#2883 = CARTESIAN_POINT ( 'NONE',  ( -0.5000000000000000000, 5.690000000000001300, 0.5000000000000000000 ) ) ;
#2884 = VECTOR ( 'NONE', #1967, 1000.000000000000000 ) ;
#2885 = DIRECTION ( 'NONE',  ( 1.000000000000000000, -0.0000000000000000000, -0.0000000000000000000 ) ) ;
#2886 = ORIENTED_EDGE ( 'NONE', *, *, #127, .F. ) ;
#2887 = AXIS2_PLACEMENT_3D ( 'NONE', #1129, #4478, #377 ) ;
#2888 = CARTESIAN_POINT ( 'NONE',  ( -3.230000000000001300, -5.540000000000033800, 0.1000000000000000100 ) ) ;
#2889 = CARTESIAN_POINT ( 'NONE',  ( 3.850000000000000500, 5.890000000000000600, 0.5000000000000000000 ) ) ;
#2890 = ORIENTED_EDGE ( 'NONE', *, *, #69, .T. ) ;
#2891 = CARTESIAN_POINT ( 'NONE',  ( 0.3699999999999987700, -5.540000000000000900, 0.1000000000000000100 ) ) ;
#2892 = ORIENTED_EDGE ( 'NONE', *, *, #335, .T. ) ;
#2893 = LINE ( 'NONE', #2503, #3641 ) ;
#2894 = ORIENTED_EDGE ( 'NONE', *, *, #1187, .F. ) ;
#2895 = EDGE_CURVE ( 'NONE', #868, #3797, #1168, .T. ) ;
#2896 = VECTOR ( 'NONE', #4295, 1000.000000000000000 ) ;
#2897 = DIRECTION ( 'NONE',  ( 0.0000000000000000000, 0.0000000000000000000, -1.000000000000000000 ) ) ;
#2898 = CARTESIAN_POINT ( 'NONE',  ( -4.650000000000000400, -1.010000000000000500, 0.4000000000000000200 ) ) ;
#2899 = LINE ( 'NONE', #1387, #1965 ) ;
#2900 = ORIENTED_EDGE ( 'NONE', *, *, #4704, .T. ) ;
#2901 = CARTESIAN_POINT ( 'NONE',  ( -3.230000000000001300, -5.540000000000033800, 0.0000000000000000000 ) ) ;
#2902 = ORIENTED_EDGE ( 'NONE', *, *, #2216, .T. ) ;
#2903 = CARTESIAN_POINT ( 'NONE',  ( 4.950000000000000200, 5.190000000000000400, -9.194034422677077600E-014 ) ) ;
#2904 = SURFACE_STYLE_FILL_AREA ( #1226 ) ;
#2905 = DIRECTION ( 'NONE',  ( -0.0000000000000000000, -0.0000000000000000000, -1.000000000000000000 ) ) ;
#2906 = SURFACE_SIDE_STYLE ('',( #4430 ) ) ;
#2907 = CARTESIAN_POINT ( 'NONE',  ( -4.900000000000000400, 5.890000000000001500, 0.0000000000000000000 ) ) ;
#2908 = EDGE_CURVE ( 'NONE', #3019, #2877, #2609, .T. ) ;
#2909 = ADVANCED_FACE ( 'NONE', ( #2368 ), #3044, .F. ) ;
#2910 = CARTESIAN_POINT ( 'NONE',  ( 4.650000000000000400, 1.989999999999999100, 0.4000000000000000200 ) ) ;
#2911 = DIRECTION ( 'NONE',  ( -1.000000000000000000, -0.0000000000000000000, -0.0000000000000000000 ) ) ;
#2912 = DIRECTION ( 'NONE',  ( -1.000000000000000000, 0.0000000000000000000, -0.0000000000000000000 ) ) ;
#2913 = EDGE_CURVE ( 'NONE', #1762, #580, #4111, .T. ) ;
#2914 = ORIENTED_EDGE ( 'NONE', *, *, #2672, .T. ) ;
#2915 = PLANE ( 'NONE',  #1416 ) ;
#2916 = AXIS2_PLACEMENT_3D ( 'NONE', #4357, #314, #4740 ) ;
#2917 = ORIENTED_EDGE ( 'NONE', *, *, #2564, .F. ) ;
#2918 = PLANE ( 'NONE',  #1133 ) ;
#2919 = DIRECTION ( 'NONE',  ( -1.000000000000000000, 0.0000000000000000000, 0.0000000000000000000 ) ) ;
#2920 = PLANE ( 'NONE',  #4483 ) ;
#2921 = EDGE_CURVE ( 'NONE', #4784, #2013, #1385, .T. ) ;
#2922 = CARTESIAN_POINT ( 'NONE',  ( -4.949999999999999300, -5.190000000000000400, 0.0000000000000000000 ) ) ;
#2923 = DIRECTION ( 'NONE',  ( -0.0000000000000000000, -0.0000000000000000000, -1.000000000000000000 ) ) ;
#2924 = DIRECTION ( 'NONE',  ( -1.000000000000000000, 0.0000000000000000000, 0.0000000000000000000 ) ) ;
#2925 = LINE ( 'NONE', #2560, #1933 ) ;
#2926 = EDGE_CURVE ( 'NONE', #4322, #560, #3121, .T. ) ;
#2927 = ORIENTED_EDGE ( 'NONE', *, *, #3690, .F. ) ;
#2928 = FACE_OUTER_BOUND ( 'NONE', #1233, .T. ) ;
#2929 = DIRECTION ( 'NONE',  ( 0.0000000000000000000, 0.0000000000000000000, -1.000000000000000000 ) ) ;
#2930 = CARTESIAN_POINT ( 'NONE',  ( 4.430000000000000600, -5.539999999999967200, 0.1000000000000000100 ) ) ;
#2931 = VERTEX_POINT ( 'NONE', #469 ) ;
#2932 = ORIENTED_EDGE ( 'NONE', *, *, #645, .T. ) ;
#2933 = AXIS2_PLACEMENT_3D ( 'NONE', #1505, #3327, #404 ) ;
#2934 = LINE ( 'NONE', #2628, #3092 ) ;
#2935 = ADVANCED_FACE ( 'NONE', ( #2259 ), #423, .T. ) ;
#2936 = LINE ( 'NONE', #1055, #2697 ) ;
#2937 = DIRECTION ( 'NONE',  ( -1.000000000000000000, 0.0000000000000000000, -0.0000000000000000000 ) ) ;
#2938 = DIRECTION ( 'NONE',  ( 7.542275982507857100E-016, -1.000000000000000000, -0.0000000000000000000 ) ) ;
#2939 = ORIENTED_EDGE ( 'NONE', *, *, #833, .F. ) ;
#2940 = DIRECTION ( 'NONE',  ( 0.0000000000000000000, -1.000000000000000000, 0.0000000000000000000 ) ) ;
#2941 = CARTESIAN_POINT ( 'NONE',  ( -3.230000000000001300, -5.540000000000033800, 0.1000000000000000100 ) ) ;
#2942 = DIRECTION ( 'NONE',  ( 3.286763326316437100E-017, -0.08715574274765466900, -0.9961946980917457700 ) ) ;
#2943 = FILL_AREA_STYLE_COLOUR ( '', #1369 ) ;
#2944 = ORIENTED_EDGE ( 'NONE', *, *, #813, .F. ) ;
#2945 = AXIS2_PLACEMENT_3D ( 'NONE', #4048, #1812, #2981 ) ;
#2946 = VECTOR ( 'NONE', #553, 1000.000000000000000 ) ;
#2947 = PLANE ( 'NONE',  #2556 ) ;
#2948 = ORIENTED_EDGE ( 'NONE', *, *, #2810, .T. ) ;
#2949 = EDGE_CURVE ( 'NONE', #2678, #2089, #174, .T. ) ;
#2950 = ORIENTED_EDGE ( 'NONE', *, *, #749, .T. ) ;
#2951 = PLANE ( 'NONE',  #4086 ) ;
#2952 = ORIENTED_EDGE ( 'NONE', *, *, #1927, .T. ) ;
#2953 = ORIENTED_EDGE ( 'NONE', *, *, #86, .F. ) ;
#2954 = FACE_OUTER_BOUND ( 'NONE', #2471, .T. ) ;
#2955 = ORIENTED_EDGE ( 'NONE', *, *, #833, .T. ) ;
#2956 = CARTESIAN_POINT ( 'NONE',  ( -3.399999999999999900, -4.189999999999999500, 0.0000000000000000000 ) ) ;
#2957 = CARTESIAN_POINT ( 'NONE',  ( -4.049999999999999800, 5.190000000000000400, 0.0000000000000000000 ) ) ;
#2958 = ORIENTED_EDGE ( 'NONE', *, *, #142, .T. ) ;
#2959 = CARTESIAN_POINT ( 'NONE',  ( -4.950000000000000200, 1.989999999999999500, 0.4999999999999345000 ) ) ;
#2960 = ORIENTED_EDGE ( 'NONE', *, *, #559, .T. ) ;
#2961 = FACE_OUTER_BOUND ( 'NONE', #2355, .T. ) ;
#2962 = CARTESIAN_POINT ( 'NONE',  ( 4.049999999999999800, -1.060000000000000300, 0.5000000000000000000 ) ) ;
#2963 = CARTESIAN_POINT ( 'NONE',  ( -2.769999999999999100, -5.540000000000033800, 0.0000000000000000000 ) ) ;
#2964 = CARTESIAN_POINT ( 'NONE',  ( 2.030000000000001100, -5.539999999999989400, 0.1000000000000000100 ) ) ;
#2965 = LINE ( 'NONE', #285, #1673 ) ;
#2966 = ORIENTED_EDGE ( 'NONE', *, *, #4504, .T. ) ;
#2967 = LINE ( 'NONE', #3276, #10 ) ;
#2968 = ADVANCED_FACE ( 'NONE', ( #1914 ), #1878, .F. ) ;
#2969 = DIRECTION ( 'NONE',  ( 0.0000000000000000000, 0.0000000000000000000, -1.000000000000000000 ) ) ;
#2970 = LINE ( 'NONE', #2495, #4340 ) ;
#2971 = CARTESIAN_POINT ( 'NONE',  ( 3.850000000000000100, 5.690000000000000400, 0.0000000000000000000 ) ) ;
#2972 = STYLED_ITEM ( 'NONE', ( #2387 ), #2529 ) ;
#2973 = CARTESIAN_POINT ( 'NONE',  ( -4.748776073890374100, -1.167479594346663800, 2.299999999999999800 ) ) ;
#2974 = EDGE_LOOP ( 'NONE', ( #3410, #206, #2953, #729 ) ) ;
#2975 = VECTOR ( 'NONE', #558, 1000.000000000000100 ) ;
#2976 = DIRECTION ( 'NONE',  ( 0.08682659386424430900, 0.08682659386424422500, 0.9924325091389677400 ) ) ;
#2977 = CARTESIAN_POINT ( 'NONE',  ( -2.200000000000001100, -5.789999999999998300, 0.5000000000000000000 ) ) ;
#2978 = AXIS2_PLACEMENT_3D ( 'NONE', #318, #3733, #4285 ) ;
#2979 = VECTOR ( 'NONE', #2574, 1000.000000000000000 ) ;
#2980 = ORIENTED_EDGE ( 'NONE', *, *, #1481, .F. ) ;
#2981 = DIRECTION ( 'NONE',  ( -1.000000000000000000, 0.0000000000000000000, 0.0000000000000000000 ) ) ;
#2982 = DIRECTION ( 'NONE',  ( -3.469446951953611000E-015, 1.000000000000000000, -0.0000000000000000000 ) ) ;
#2983 = CARTESIAN_POINT ( 'NONE',  ( -3.548090081228326000, 5.146255668237037300, 0.4999999999999997800 ) ) ;
#2984 = EDGE_CURVE ( 'NONE', #4742, #4741, #1281, .T. ) ;
#2985 = ORIENTED_EDGE ( 'NONE', *, *, #4064, .F. ) ;
#2986 = LINE ( 'NONE', #41, #4191 ) ;
#2987 = AXIS2_PLACEMENT_3D ( 'NONE', #4149, #1583, #4105 ) ;
#2988 = PLANE ( 'NONE',  #631 ) ;
#2989 = CARTESIAN_POINT ( 'NONE',  ( -4.748776073890374100, -3.968118178003181600E-016, 2.299999999999999800 ) ) ;
#2990 = SURFACE_SIDE_STYLE ('',( #1578 ) ) ;
#2991 = CARTESIAN_POINT ( 'NONE',  ( 1.399999999999998600, -5.789999999999999100, 0.5000000000000000000 ) ) ;
#2992 = DIRECTION ( 'NONE',  ( 1.885568995626964500E-016, -1.000000000000000000, 0.0000000000000000000 ) ) ;
#2993 = EDGE_CURVE ( 'NONE', #417, #1717, #3770, .T. ) ;
#2994 = VECTOR ( 'NONE', #4538, 1000.000000000000000 ) ;
#2995 = ORIENTED_EDGE ( 'NONE', *, *, #4129, .T. ) ;
#2996 = CARTESIAN_POINT ( 'NONE',  ( -4.600000000000001400, -5.789999999999987600, 0.5000000000000000000 ) ) ;
#2997 = DIRECTION ( 'NONE',  ( -1.643381663158173200E-017, -0.08715574274765466900, -0.9961946980917457700 ) ) ;
#2998 = FACE_OUTER_BOUND ( 'NONE', #1308, .T. ) ;
#2999 = CARTESIAN_POINT ( 'NONE',  ( 4.050000000000000700, 5.190000000000000400, -9.183190086144139400E-014 ) ) ;
#3000 = VECTOR ( 'NONE', #4378, 1000.000000000000000 ) ;
#3001 = LINE ( 'NONE', #3385, #547 ) ;
#3002 = AXIS2_PLACEMENT_3D ( 'NONE', #2695, #4132, #80 ) ;
#3003 = ORIENTED_EDGE ( 'NONE', *, *, #2320, .T. ) ;
#3004 = PRESENTATION_STYLE_ASSIGNMENT (( #1026 ) ) ;
#3005 = CARTESIAN_POINT ( 'NONE',  ( -2.200000000000001100, -4.189999999999998600, 0.5000000000000000000 ) ) ;
#3006 = VERTEX_POINT ( 'NONE', #2735 ) ;
#3007 = DIRECTION ( 'NONE',  ( 7.542275982507857100E-016, -1.000000000000000000, -0.0000000000000000000 ) ) ;
#3008 = DIRECTION ( 'NONE',  ( -4.930144989474518500E-017, 0.08715574274765466900, 0.9961946980917457700 ) ) ;
#3009 = ORIENTED_EDGE ( 'NONE', *, *, #4683, .T. ) ;
#3010 = VECTOR ( 'NONE', #894, 1000.000000000000000 ) ;
#3011 = ORIENTED_EDGE ( 'NONE', *, *, #1452, .T. ) ;
#3012 = ADVANCED_FACE ( 'NONE', ( #628 ), #2281, .T. ) ;
#3013 = EDGE_CURVE ( 'NONE', #3508, #1222, #4166, .T. ) ;
#3014 = VERTEX_POINT ( 'NONE', #4565 ) ;
#3015 = DIRECTION ( 'NONE',  ( -1.000000000000000000, 1.301042606982603400E-014, -0.0000000000000000000 ) ) ;
#3016 = ORIENTED_EDGE ( 'NONE', *, *, #4510, .F. ) ;
#3017 = VECTOR ( 'NONE', #3099, 1000.000000000000000 ) ;
#3018 = VECTOR ( 'NONE', #7, 1000.000000000000000 ) ;
#3019 = VERTEX_POINT ( 'NONE', #138 ) ;
#3020 = EDGE_CURVE ( 'NONE', #603, #3808, #4457, .T. ) ;
#3021 = CARTESIAN_POINT ( 'NONE',  ( -1.000000000000000900, -4.639999999999997900, 0.5000000000000000000 ) ) ;
#3022 = DIRECTION ( 'NONE',  ( 1.000000000000000000, 9.311383363699040200E-015, -0.0000000000000000000 ) ) ;
#3023 = FACE_OUTER_BOUND ( 'NONE', #4573, .T. ) ;
#3024 = ORIENTED_EDGE ( 'NONE', *, *, #1864, .F. ) ;
#3025 = EDGE_CURVE ( 'NONE', #2053, #299, #2419, .T. ) ;
#3026 = VERTEX_POINT ( 'NONE', #495 ) ;
#3027 = VECTOR ( 'NONE', #4205, 1000.000000000000000 ) ;
#3028 = CARTESIAN_POINT ( 'NONE',  ( -3.400000000000000800, -5.789999999999998300, 0.5000000000000000000 ) ) ;
#3029 = PLANE ( 'NONE',  #1002 ) ;
#3030 = VECTOR ( 'NONE', #4765, 1000.000000000000000 ) ;
#3031 = AXIS2_PLACEMENT_3D ( 'NONE', #3246, #3278, #623 ) ;
#3032 = EDGE_CURVE ( 'NONE', #3026, #2388, #3069, .T. ) ;
#3033 = EDGE_LOOP ( 'NONE', ( #1953, #1347, #3980, #72 ) ) ;
#3034 = DIRECTION ( 'NONE',  ( -1.000000000000000000, 0.0000000000000000000, 0.0000000000000000000 ) ) ;
#3035 =( LENGTH_UNIT ( ) NAMED_UNIT ( * ) SI_UNIT ( .MILLI., .METRE. ) );
#3036 = DIRECTION ( 'NONE',  ( -1.000000000000000000, 0.0000000000000000000, 0.0000000000000000000 ) ) ;
#3037 = DIRECTION ( 'NONE',  ( -1.000000000000000000, 2.168404344971008100E-015, -0.0000000000000000000 ) ) ;
#3038 = AXIS2_PLACEMENT_3D ( 'NONE', #4093, #2592, #4486 ) ;
#3039 = EDGE_CURVE ( 'NONE', #1228, #2597, #2474, .T. ) ;
#3040 = CARTESIAN_POINT ( 'NONE',  ( -1.400000000000001000, -4.639999999999997900, 0.5000000000000000000 ) ) ;
#3041 = LINE ( 'NONE', #3998, #4131 ) ;
#3042 = VECTOR ( 'NONE', #2442, 1000.000000000000000 ) ;
#3043 = CARTESIAN_POINT ( 'NONE',  ( -4.600000000000000500, -4.189999999999988000, 0.5000000000000000000 ) ) ;
#3044 = PLANE ( 'NONE',  #1567 ) ;
#3045 = EDGE_LOOP ( 'NONE', ( #2204, #4495, #1140, #4702, #1827, #955, #3677, #144 ) ) ;
#3046 = VERTEX_POINT ( 'NONE', #1633 ) ;
#3047 = CARTESIAN_POINT ( 'NONE',  ( 2.199999999999998800, -5.789999999999999100, 0.5000000000000000000 ) ) ;
#3048 = LINE ( 'NONE', #349, #2047 ) ;
#3049 = DIRECTION ( 'NONE',  ( -1.000000000000000000, -0.0000000000000000000, -0.0000000000000000000 ) ) ;
#3050 = FACE_OUTER_BOUND ( 'NONE', #3156, .T. ) ;
#3051 = EDGE_LOOP ( 'NONE', ( #1458, #337, #19, #2289 ) ) ;
#3052 = VERTEX_POINT ( 'NONE', #3477 ) ;
#3053 = VERTEX_POINT ( 'NONE', #3116 ) ;
#3054 =( GEOMETRIC_REPRESENTATION_CONTEXT ( 3 ) GLOBAL_UNCERTAINTY_ASSIGNED_CONTEXT ( ( #4608 ) ) GLOBAL_UNIT_ASSIGNED_CONTEXT ( ( #4520, #2653, #82 ) ) REPRESENTATION_CONTEXT ( 'NONE', 'WORKASPACE' ) );
#3055 = VECTOR ( 'NONE', #34, 1000.000000000000000 ) ;
#3056 = DIRECTION ( 'NONE',  ( -0.0000000000000000000, -0.0000000000000000000, -1.000000000000000000 ) ) ;
#3057 = ORIENTED_EDGE ( 'NONE', *, *, #433, .F. ) ;
#3058 = LINE ( 'NONE', #3393, #3914 ) ;
#3059 = VERTEX_POINT ( 'NONE', #1238 ) ;
#3060 = VERTEX_POINT ( 'NONE', #3084 ) ;
#3061 = CARTESIAN_POINT ( 'NONE',  ( 3.799999999999998000, -5.789999999999967200, -0.0000000000000000000 ) ) ;
#3062 = DIRECTION ( 'NONE',  ( -0.0000000000000000000, -0.0000000000000000000, -1.000000000000000000 ) ) ;
#3063 = VERTEX_POINT ( 'NONE', #4224 ) ;
#3064 = ORIENTED_EDGE ( 'NONE', *, *, #2429, .F. ) ;
#3065 = LINE ( 'NONE', #2082, #2066 ) ;
#3066 = EDGE_CURVE ( 'NONE', #4784, #2882, #515, .T. ) ;
#3067 = ORIENTED_EDGE ( 'NONE', *, *, #3993, .F. ) ;
#3068 = ORIENTED_EDGE ( 'NONE', *, *, #1975, .T. ) ;
#3069 = LINE ( 'NONE', #1225, #1104 ) ;
#3070 = EDGE_CURVE ( 'NONE', #3754, #4502, #3299, .T. ) ;
#3071 = LINE ( 'NONE', #1875, #2831 ) ;
#3072 = VERTEX_POINT ( 'NONE', #2744 ) ;
#3073 = CARTESIAN_POINT ( 'NONE',  ( 1.569999999999999000, -5.539999999999989400, 0.1000000000000000100 ) ) ;
#3074 = AXIS2_PLACEMENT_3D ( 'NONE', #4075, #3589, #4130 ) ;
#3075 = LINE ( 'NONE', #221, #936 ) ;
#3076 = PLANE ( 'NONE',  #2156 ) ;
#3077 = DIRECTION ( 'NONE',  ( -3.469446951953611000E-015, -1.000000000000000000, 0.0000000000000000000 ) ) ;
#3078 = DIRECTION ( 'NONE',  ( 0.0000000000000000000, 0.9961946980917458800, -0.08715574274765468300 ) ) ;
#3079 = ORIENTED_EDGE ( 'NONE', *, *, #3164, .T. ) ;
#3080 = EDGE_CURVE ( 'NONE', #2729, #4503, #1851, .T. ) ;
#3081 = ORIENTED_EDGE ( 'NONE', *, *, #3465, .F. ) ;
#3082 = CARTESIAN_POINT ( 'NONE',  ( 0.8299999999999999600, -5.790000000000000900, 0.1000000000000000100 ) ) ;
#3083 = VERTEX_POINT ( 'NONE', #886 ) ;
#3084 = CARTESIAN_POINT ( 'NONE',  ( -2.600000000000001400, -4.190000000000000400, 0.0000000000000000000 ) ) ;
#3085 = CARTESIAN_POINT ( 'NONE',  ( 0.1999999999999987900, -5.789999999999998300, 0.5000000000000000000 ) ) ;
#3086 = ORIENTED_EDGE ( 'NONE', *, *, #1122, .F. ) ;
#3087 = VECTOR ( 'NONE', #3210, 1000.000000000000000 ) ;
#3088 = ORIENTED_EDGE ( 'NONE', *, *, #89, .T. ) ;
#3089 = CARTESIAN_POINT ( 'NONE',  ( 4.050000000000000700, 5.190000000000000400, 0.5000000000000000000 ) ) ;
#3090 = ADVANCED_FACE ( 'NONE', ( #2311 ), #2702, .T. ) ;
#3091 = CARTESIAN_POINT ( 'NONE',  ( -4.049999999999999800, 5.146255668237032000, 0.5000000000000000000 ) ) ;
#3092 = VECTOR ( 'NONE', #3008, 1000.000000000000100 ) ;
#3093 = EDGE_CURVE ( 'NONE', #2544, #2431, #4687, .T. ) ;
#3094 = FACE_OUTER_BOUND ( 'NONE', #1900, .T. ) ;
#3095 = ORIENTED_EDGE ( 'NONE', *, *, #2075, .T. ) ;
#3096 = EDGE_CURVE ( 'NONE', #1317, #3315, #4278, .T. ) ;
#3097 = DIRECTION ( 'NONE',  ( -1.387778780781445700E-016, -1.000000000000000000, -0.0000000000000000000 ) ) ;
#3098 = VECTOR ( 'NONE', #3437, 1000.000000000000000 ) ;
#3099 = DIRECTION ( 'NONE',  ( 1.000000000000000000, 8.673617379884042400E-016, 0.0000000000000000000 ) ) ;
#3100 = VECTOR ( 'NONE', #1066, 1000.000000000000000 ) ;
#3101 = DIRECTION ( 'NONE',  ( 1.000000000000000000, -1.084202172485507000E-015, 0.0000000000000000000 ) ) ;
#3102 = SHAPE_DEFINITION_REPRESENTATION ( #4193, #367 ) ;
#3103 = ORIENTED_EDGE ( 'NONE', *, *, #1099, .F. ) ;
#3104 = VECTOR ( 'NONE', #2549, 1000.000000000000000 ) ;
#3105 = ORIENTED_EDGE ( 'NONE', *, *, #2672, .F. ) ;
#3106 = AXIS2_PLACEMENT_3D ( 'NONE', #3325, #1479, #4066 ) ;
#3107 = EDGE_LOOP ( 'NONE', ( #2399, #3666, #1883, #4264 ) ) ;
#3108 = CARTESIAN_POINT ( 'NONE',  ( -4.430000000000000600, -5.540000000000045300, 0.1000000000000000100 ) ) ;
#3109 = EDGE_LOOP ( 'NONE', ( #2515, #3124, #4509, #2715, #1503 ) ) ;
#3110 = VECTOR ( 'NONE', #1653, 1000.000000000000000 ) ;
#3111 = VERTEX_POINT ( 'NONE', #1618 ) ;
#3112 = ORIENTED_EDGE ( 'NONE', *, *, #4635, .T. ) ;
#3113 = ORIENTED_EDGE ( 'NONE', *, *, #1285, .F. ) ;
#3114 = LINE ( 'NONE', #3536, #168 ) ;
#3115 = DIRECTION ( 'NONE',  ( -0.0000000000000000000, -0.0000000000000000000, 1.000000000000000000 ) ) ;
#3116 = CARTESIAN_POINT ( 'NONE',  ( 4.599999999999997900, -5.189999999999992400, 0.0000000000000000000 ) ) ;
#3117 = CARTESIAN_POINT ( 'NONE',  ( -3.399999999999999900, -4.189999999999999500, 0.0000000000000000000 ) ) ;
#3118 = FACE_OUTER_BOUND ( 'NONE', #552, .T. ) ;
#3119 = ORIENTED_EDGE ( 'NONE', *, *, #4053, .T. ) ;
#3120 = ADVANCED_FACE ( 'NONE', ( #2194 ), #3819, .T. ) ;
#3121 = LINE ( 'NONE', #1528, #824 ) ;
#3122 = EDGE_CURVE ( 'NONE', #3006, #2795, #347, .T. ) ;
#3123 = FACE_OUTER_BOUND ( 'NONE', #3388, .T. ) ;
#3124 = ORIENTED_EDGE ( 'NONE', *, *, #1675, .F. ) ;
#3125 = CARTESIAN_POINT ( 'NONE',  ( -4.650000000000000400, -1.010000000000000500, 0.4000000000000000200 ) ) ;
#3126 = DIRECTION ( 'NONE',  ( -1.000000000000000000, 8.673617379884042400E-016, -0.0000000000000000000 ) ) ;
#3127 = ORIENTED_EDGE ( 'NONE', *, *, #682, .T. ) ;
#3128 = CARTESIAN_POINT ( 'NONE',  ( 0.5000000000000000000, 5.890000000000001500, 0.5000000000000000000 ) ) ;
#3129 = VECTOR ( 'NONE', #3007, 1000.000000000000000 ) ;
#3130 = CARTESIAN_POINT ( 'NONE',  ( -0.3699999999999996600, -5.790000000000012500, 0.1000000000000000100 ) ) ;
#3131 = CARTESIAN_POINT ( 'NONE',  ( -3.969999999999998900, -5.540000000000045300, 0.1000000000000000100 ) ) ;
#3132 = CARTESIAN_POINT ( 'NONE',  ( 2.030000000000001100, -5.539999999999989400, 0.0000000000000000000 ) ) ;
#3133 = EDGE_CURVE ( 'NONE', #2193, #3864, #1331, .T. ) ;
#3134 = EDGE_LOOP ( 'NONE', ( #1609, #2242, #218, #863 ) ) ;
#3135 = CARTESIAN_POINT ( 'NONE',  ( 4.650000000000000400, 1.989999999999999100, 0.5000000000000000000 ) ) ;
#3136 = CARTESIAN_POINT ( 'NONE',  ( 1.569999999999999800, -5.789999999999989400, 0.1000000000000000100 ) ) ;
#3137 = DIRECTION ( 'NONE',  ( 0.0000000000000000000, 0.0000000000000000000, 1.000000000000000000 ) ) ;
#3138 = DIRECTION ( 'NONE',  ( 0.0000000000000000000, 1.000000000000000000, 0.0000000000000000000 ) ) ;
#3139 = ADVANCED_FACE ( 'NONE', ( #1162 ), #2793, .F. ) ;
#3140 = CARTESIAN_POINT ( 'NONE',  ( 4.049999999999999800, -1.060000000000000300, 0.5000000000000000000 ) ) ;
#3141 = AXIS2_PLACEMENT_3D ( 'NONE', #2959, #30, #3672 ) ;
#3142 = VECTOR ( 'NONE', #210, 1000.000000000000000 ) ;
#3143 = EDGE_CURVE ( 'NONE', #870, #2431, #3114, .T. ) ;
#3144 = FILL_AREA_STYLE ('',( #1700 ) ) ;
#3145 = CARTESIAN_POINT ( 'NONE',  ( -4.049999999999999800, -1.059999999999999400, 0.0000000000000000000 ) ) ;
#3146 = LINE ( 'NONE', #3510, #2439 ) ;
#3147 = EDGE_CURVE ( 'NONE', #1263, #1939, #2072, .T. ) ;
#3148 = ORIENTED_EDGE ( 'NONE', *, *, #295, .F. ) ;
#3149 = ORIENTED_EDGE ( 'NONE', *, *, #2502, .T. ) ;
#3150 = CARTESIAN_POINT ( 'NONE',  ( -1.400000000000001000, -4.639999999999997900, 0.5000000000000000000 ) ) ;
#3151 = DIRECTION ( 'NONE',  ( -1.000000000000000000, 0.0000000000000000000, -0.0000000000000000000 ) ) ;
#3152 = DIRECTION ( 'NONE',  ( 1.000000000000000000, 0.0000000000000000000, 0.0000000000000000000 ) ) ;
#3153 = LINE ( 'NONE', #4049, #2168 ) ;
#3154 = AXIS2_PLACEMENT_3D ( 'NONE', #1981, #155, #1631 ) ;
#3155 = VECTOR ( 'NONE', #3152, 1000.000000000000000 ) ;
#3156 = EDGE_LOOP ( 'NONE', ( #161, #589, #1555, #4686 ) ) ;
#3157 = CARTESIAN_POINT ( 'NONE',  ( 3.399999999999997700, -4.639999999999998800, -0.0000000000000000000 ) ) ;
#3158 = EDGE_LOOP ( 'NONE', ( #4730, #616, #3826, #2409 ) ) ;
#3159 = DIRECTION ( 'NONE',  ( 0.0000000000000000000, -0.0000000000000000000, -1.000000000000000000 ) ) ;
#3160 = EDGE_CURVE ( 'NONE', #258, #2441, #2253, .T. ) ;
#3161 = ORIENTED_EDGE ( 'NONE', *, *, #2149, .T. ) ;
#3162 = LINE ( 'NONE', #372, #1146 ) ;
#3163 = ORIENTED_EDGE ( 'NONE', *, *, #3993, .T. ) ;
#3164 = EDGE_CURVE ( 'NONE', #177, #4322, #1223, .T. ) ;
#3165 = ORIENTED_EDGE ( 'NONE', *, *, #2410, .T. ) ;
#3166 = CARTESIAN_POINT ( 'NONE',  ( 0.5000000000000000000, 5.690000000000001300, 0.0000000000000000000 ) ) ;
#3167 = FACE_OUTER_BOUND ( 'NONE', #4210, .T. ) ;
#3168 = ADVANCED_FACE ( 'NONE', ( #1381 ), #929, .T. ) ;
#3169 = VERTEX_POINT ( 'NONE', #245 ) ;
#3170 = COLOUR_RGB ( '',1.000000000000000000, 1.000000000000000000, 1.000000000000000000 ) ;
#3171 = ORIENTED_EDGE ( 'NONE', *, *, #127, .T. ) ;
#3172 = CARTESIAN_POINT ( 'NONE',  ( -4.450000000000001100, -1.010000000000000500, 0.5000000000000000000 ) ) ;
#3173 = ORIENTED_EDGE ( 'NONE', *, *, #2400, .T. ) ;
#3174 = VECTOR ( 'NONE', #770, 1000.000000000000000 ) ;
#3175 = DIRECTION ( 'NONE',  ( -0.0000000000000000000, -0.0000000000000000000, -1.000000000000000000 ) ) ;
#3176 = VECTOR ( 'NONE', #1916, 1000.000000000000100 ) ;
#3177 = VERTEX_POINT ( 'NONE', #1658 ) ;
#3178 = DIRECTION ( 'NONE',  ( 5.421010862427526100E-016, 1.000000000000000000, 0.0000000000000000000 ) ) ;
#3179 = EDGE_LOOP ( 'NONE', ( #2955, #619, #3925, #3759 ) ) ;
#3180 = FACE_OUTER_BOUND ( 'NONE', #2365, .T. ) ;
#3181 = ORIENTED_EDGE ( 'NONE', *, *, #2520, .T. ) ;
#3182 = CARTESIAN_POINT ( 'NONE',  ( -4.049999999999999800, -1.059999999999999400, 0.5000000000000000000 ) ) ;
#3183 = PLANE ( 'NONE',  #3317 ) ;
#3184 = AXIS2_PLACEMENT_3D ( 'NONE', #3663, #1444, #322 ) ;
#3185 = VECTOR ( 'NONE', #4656, 1000.000000000000000 ) ;
#3186 = EDGE_CURVE ( 'NONE', #2089, #2533, #3706, .T. ) ;
#3187 = PLANE ( 'NONE',  #2038 ) ;
#3188 = ORIENTED_EDGE ( 'NONE', *, *, #128, .T. ) ;
#3189 = CARTESIAN_POINT ( 'NONE',  ( -0.8299999999999999600, -5.790000000000012500, 0.1000000000000000100 ) ) ;
#3190 = DIRECTION ( 'NONE',  ( -1.000000000000000000, -3.469446951953611000E-015, 0.0000000000000000000 ) ) ;
#3191 = CARTESIAN_POINT ( 'NONE',  ( 0.0000000000000000000, 0.0000000000000000000, 0.5000000000000000000 ) ) ;
#3192 = EDGE_CURVE ( 'NONE', #3063, #2640, #2360, .T. ) ;
#3193 = ORIENTED_EDGE ( 'NONE', *, *, #1099, .T. ) ;
#3194 = DIRECTION ( 'NONE',  ( 1.000000000000000000, 4.336808689942021200E-016, 0.0000000000000000000 ) ) ;
#3195 = ORIENTED_EDGE ( 'NONE', *, *, #3499, .T. ) ;
#3196 = DIRECTION ( 'NONE',  ( 0.0000000000000000000, 0.0000000000000000000, -1.000000000000000000 ) ) ;
#3197 = CARTESIAN_POINT ( 'NONE',  ( 2.030000000000001100, -5.539999999999989400, 0.1000000000000000100 ) ) ;
#3198 = CARTESIAN_POINT ( 'NONE',  ( 0.8300000000000008500, -5.540000000000000900, 0.0000000000000000000 ) ) ;
#3199 = SURFACE_STYLE_FILL_AREA ( #99 ) ;
#3200 = AXIS2_PLACEMENT_3D ( 'NONE', #4698, #636, #1402 ) ;
#3201 = LINE ( 'NONE', #3570, #198 ) ;
#3202 = ORIENTED_EDGE ( 'NONE', *, *, #4013, .T. ) ;
#3203 = EDGE_CURVE ( 'NONE', #1774, #855, #3818, .T. ) ;
#3204 = VECTOR ( 'NONE', #3217, 1000.000000000000000 ) ;
#3205 = CARTESIAN_POINT ( 'NONE',  ( 4.450000000000001100, -1.010000000000000500, 0.5000000000000000000 ) ) ;
#3206 = LINE ( 'NONE', #3645, #1252 ) ;
#3207 = ORIENTED_EDGE ( 'NONE', *, *, #1657, .F. ) ;
#3208 = LINE ( 'NONE', #783, #3686 ) ;
#3209 = ADVANCED_FACE ( 'NONE', ( #2961 ), #237, .F. ) ;
#3210 = DIRECTION ( 'NONE',  ( 0.0000000000000000000, 1.000000000000000000, 0.0000000000000000000 ) ) ;
#3211 = VECTOR ( 'NONE', #2593, 1000.000000000000000 ) ;
#3212 = CARTESIAN_POINT ( 'NONE',  ( -0.5000000000000000000, 5.890000000000001500, 0.5000000000000000000 ) ) ;
#3213 = ORIENTED_EDGE ( 'NONE', *, *, #816, .F. ) ;
#3214 = DIRECTION ( 'NONE',  ( 0.9961946980917458800, 8.324288677376585800E-017, 0.08715574274765450200 ) ) ;
#3215 = AXIS2_PLACEMENT_3D ( 'NONE', #1988, #4602, #4183 ) ;
#3216 = CARTESIAN_POINT ( 'NONE',  ( -4.049999999999999800, -1.059999999999999400, 0.0000000000000000000 ) ) ;
#3217 = DIRECTION ( 'NONE',  ( 1.000000000000000000, -1.084202172485507000E-015, 0.0000000000000000000 ) ) ;
#3218 = LINE ( 'NONE', #1319, #4618 ) ;
#3219 = CARTESIAN_POINT ( 'NONE',  ( 3.230000000000000400, -5.789999999999978700, 0.0000000000000000000 ) ) ;
#3220 = VERTEX_POINT ( 'NONE', #1298 ) ;
#3221 = ORIENTED_EDGE ( 'NONE', *, *, #1690, .F. ) ;
#3222 = ORIENTED_EDGE ( 'NONE', *, *, #1672, .F. ) ;
#3223 = VECTOR ( 'NONE', #2277, 1000.000000000000000 ) ;
#3224 = EDGE_CURVE ( 'NONE', #3440, #1244, #116, .T. ) ;
#3225 = ORIENTED_EDGE ( 'NONE', *, *, #2269, .F. ) ;
#3226 = CARTESIAN_POINT ( 'NONE',  ( -1.400000000000001000, -4.639999999999997900, 0.0000000000000000000 ) ) ;
#3227 = CARTESIAN_POINT ( 'NONE',  ( 4.308709948088965000, 2.131290051911035400, 2.114952683203002800 ) ) ;
#3228 = CARTESIAN_POINT ( 'NONE',  ( 4.450000000000001100, 1.989999999999999100, 0.4000000000000000200 ) ) ;
#3229 = ORIENTED_EDGE ( 'NONE', *, *, #4294, .F. ) ;
#3230 = ORIENTED_EDGE ( 'NONE', *, *, #4096, .F. ) ;
#3231 = SURFACE_STYLE_FILL_AREA ( #3144 ) ;
#3232 =( NAMED_UNIT ( * ) PLANE_ANGLE_UNIT ( ) SI_UNIT ( $, .RADIAN. ) );
#3233 = VECTOR ( 'NONE', #3958, 1000.000000000000000 ) ;
#3234 = DIRECTION ( 'NONE',  ( 1.000000000000000000, 0.0000000000000000000, 0.0000000000000000000 ) ) ;
#3235 = ORIENTED_EDGE ( 'NONE', *, *, #86, .T. ) ;
#3236 = CARTESIAN_POINT ( 'NONE',  ( 3.969999999999998900, -5.539999999999967200, 0.1000000000000000100 ) ) ;
#3237 = VECTOR ( 'NONE', #745, 1000.000000000000000 ) ;
#3238 = CARTESIAN_POINT ( 'NONE',  ( -4.292520405653338100, 2.147479594346662200, 2.299999999999999800 ) ) ;
#3239 = DIRECTION ( 'NONE',  ( 1.000000000000000000, -0.0000000000000000000, -0.0000000000000000000 ) ) ;
#3240 = VECTOR ( 'NONE', #4168, 1000.000000000000000 ) ;
#3241 = VERTEX_POINT ( 'NONE', #2825 ) ;
#3242 = EDGE_CURVE ( 'NONE', #2115, #3455, #876, .T. ) ;
#3243 = ADVANCED_FACE ( 'NONE', ( #1724 ), #949, .T. ) ;
#3244 = ORIENTED_EDGE ( 'NONE', *, *, #2075, .F. ) ;
#3245 = VECTOR ( 'NONE', #3077, 1000.000000000000000 ) ;
#3246 = CARTESIAN_POINT ( 'NONE',  ( -4.450000000000001100, 1.989999999999999100, 0.4999999999999345000 ) ) ;
#3247 = CARTESIAN_POINT ( 'NONE',  ( -1.000000000000000900, -5.189999999999992400, 0.0000000000000000000 ) ) ;
#3248 = EDGE_CURVE ( 'NONE', #1735, #912, #456, .T. ) ;
#3249 = LINE ( 'NONE', #2163, #4759 ) ;
#3250 = AXIS2_PLACEMENT_3D ( 'NONE', #4326, #1687, #2428 ) ;
#3251 = DIRECTION ( 'NONE',  ( -1.000000000000000000, 1.885568995626964500E-016, 0.0000000000000000000 ) ) ;
#3252 = EDGE_CURVE ( 'NONE', #299, #2581, #1612, .T. ) ;
#3253 = ORIENTED_EDGE ( 'NONE', *, *, #2167, .F. ) ;
#3254 = DIRECTION ( 'NONE',  ( 0.0000000000000000000, 0.0000000000000000000, -1.000000000000000000 ) ) ;
#3255 = DIRECTION ( 'NONE',  ( -0.0000000000000000000, -0.0000000000000000000, -1.000000000000000000 ) ) ;
#3256 = PLANE ( 'NONE',  #4134 ) ;
#3257 = EDGE_CURVE ( 'NONE', #1328, #3392, #563, .T. ) ;
#3258 = DIRECTION ( 'NONE',  ( 3.771137991254033600E-016, -1.000000000000000000, 0.0000000000000000000 ) ) ;
#3259 = CARTESIAN_POINT ( 'NONE',  ( 2.199999999999998000, -4.639999999999998800, -0.0000000000000000000 ) ) ;
#3260 = FACE_OUTER_BOUND ( 'NONE', #402, .T. ) ;
#3261 = PRESENTATION_LAYER_ASSIGNMENT (  '', '', ( #1109 ) ) ;
#3262 = ADVANCED_FACE ( 'NONE', ( #3353 ), #646, .T. ) ;
#3263 = EDGE_CURVE ( 'NONE', #9, #3455, #4743, .T. ) ;
#3264 = VERTEX_POINT ( 'NONE', #4371 ) ;
#3265 = FILL_AREA_STYLE ('',( #3305 ) ) ;
#3266 = DIRECTION ( 'NONE',  ( 0.0000000000000000000, -0.0000000000000000000, -1.000000000000000000 ) ) ;
#3267 = DIRECTION ( 'NONE',  ( -1.000000000000000000, -0.0000000000000000000, -0.0000000000000000000 ) ) ;
#3268 = LINE ( 'NONE', #1094, #2288 ) ;
#3269 = CARTESIAN_POINT ( 'NONE',  ( -2.200000000000001100, -5.789999999999998300, 0.5000000000000000000 ) ) ;
#3270 = ORIENTED_EDGE ( 'NONE', *, *, #178, .T. ) ;
#3271 = ORIENTED_EDGE ( 'NONE', *, *, #4242, .F. ) ;
#3272 = CARTESIAN_POINT ( 'NONE',  ( 4.292520405653338100, 1.989999999999999100, 2.299999999999999800 ) ) ;
#3273 = FACE_OUTER_BOUND ( 'NONE', #3591, .T. ) ;
#3274 = VECTOR ( 'NONE', #1355, 1000.000000000000000 ) ;
#3275 = ORIENTED_EDGE ( 'NONE', *, *, #1475, .T. ) ;
#3276 = CARTESIAN_POINT ( 'NONE',  ( -0.5000000000000000000, 5.890000000000001500, 0.0000000000000000000 ) ) ;
#3277 = EDGE_CURVE ( 'NONE', #4534, #129, #3766, .T. ) ;
#3278 = DIRECTION ( 'NONE',  ( 0.9961946980917458800, 0.0000000000000000000, -0.08715574274765462700 ) ) ;
#3279 = VERTEX_POINT ( 'NONE', #1368 ) ;
#3280 = CARTESIAN_POINT ( 'NONE',  ( -0.2000000000000011800, -5.789999999999998300, 0.0000000000000000000 ) ) ;
#3281 = DIRECTION ( 'NONE',  ( 1.000000000000000000, -0.0000000000000000000, -0.0000000000000000000 ) ) ;
#3282 = CARTESIAN_POINT ( 'NONE',  ( -4.650000000000000400, -1.010000000000000500, 0.5000000000000000000 ) ) ;
#3283 = LINE ( 'NONE', #1763, #4561 ) ;
#3284 = ORIENTED_EDGE ( 'NONE', *, *, #675, .F. ) ;
#3285 = DIRECTION ( 'NONE',  ( 1.000000000000000000, 0.0000000000000000000, 0.0000000000000000000 ) ) ;
#3286 = DIRECTION ( 'NONE',  ( -1.000000000000000000, 0.0000000000000000000, 0.0000000000000000000 ) ) ;
#3287 = FACE_OUTER_BOUND ( 'NONE', #4286, .T. ) ;
#3288 = DIRECTION ( 'NONE',  ( -3.469446951953611000E-015, 1.000000000000000000, -0.0000000000000000000 ) ) ;
#3289 = ORIENTED_EDGE ( 'NONE', *, *, #1481, .T. ) ;
#3290 = AXIS2_PLACEMENT_3D ( 'NONE', #4255, #2401, #3929 ) ;
#3291 = CARTESIAN_POINT ( 'NONE',  ( 0.9999999999999981100, -4.639999999999997900, 0.5000000000000000000 ) ) ;
#3292 = EDGE_LOOP ( 'NONE', ( #1035, #1166, #1027, #1693 ) ) ;
#3293 = DIRECTION ( 'NONE',  ( -0.08682659386424433600, 0.08682659386424412800, -0.9924325091389677400 ) ) ;
#3294 = ORIENTED_EDGE ( 'NONE', *, *, #913, .F. ) ;
#3295 = VECTOR ( 'NONE', #1480, 1000.000000000000000 ) ;
#3296 = ADVANCED_FACE ( 'NONE', ( #2714 ), #1410, .F. ) ;
#3297 = VERTEX_POINT ( 'NONE', #1032 ) ;
#3298 = ORIENTED_EDGE ( 'NONE', *, *, #1421, .F. ) ;
#3299 = LINE ( 'NONE', #3862, #1504 ) ;
#3300 = CARTESIAN_POINT ( 'NONE',  ( -4.450000000000001100, 1.989999999999999100, 0.4000000000000000200 ) ) ;
#3301 = CARTESIAN_POINT ( 'NONE',  ( 0.3699999999999996600, -5.790000000000000900, 0.1000000000000000100 ) ) ;
#3302 = CARTESIAN_POINT ( 'NONE',  ( 3.799999999999997600, -5.146255668237032000, 0.5000000000000000000 ) ) ;
#3303 = VECTOR ( 'NONE', #715, 1000.000000000000000 ) ;
#3304 = ORIENTED_EDGE ( 'NONE', *, *, #788, .T. ) ;
#3305 = FILL_AREA_STYLE_COLOUR ( '', #3845 ) ;
#3306 = FACE_OUTER_BOUND ( 'NONE', #1737, .T. ) ;
#3307 = DIRECTION ( 'NONE',  ( -9.449444563159500900E-017, 0.08715574274765466900, 0.9961946980917457700 ) ) ;
#3308 = DIRECTION ( 'NONE',  ( -1.301042606982603400E-014, -1.000000000000000000, 0.0000000000000000000 ) ) ;
#3309 = ORIENTED_EDGE ( 'NONE', *, *, #3779, .T. ) ;
#3310 = VECTOR ( 'NONE', #2704, 1000.000000000000000 ) ;
#3311 = EDGE_CURVE ( 'NONE', #815, #724, #3812, .T. ) ;
#3312 = DIRECTION ( 'NONE',  ( -1.000000000000000000, 0.0000000000000000000, 0.0000000000000000000 ) ) ;
#3313 = CARTESIAN_POINT ( 'NONE',  ( -0.2000000000000018200, -4.639999999999997900, 0.5000000000000000000 ) ) ;
#3314 = EDGE_CURVE ( 'NONE', #3926, #4186, #3572, .T. ) ;
#3315 = VERTEX_POINT ( 'NONE', #1431 ) ;
#3316 = CARTESIAN_POINT ( 'NONE',  ( 4.900000000000000400, 5.890000000000000600, 0.0000000000000000000 ) ) ;
#3317 = AXIS2_PLACEMENT_3D ( 'NONE', #2458, #1771, #659 ) ;
#3318 = ADVANCED_FACE ( 'NONE', ( #2954 ), #4705, .T. ) ;
#3319 = ORIENTED_EDGE ( 'NONE', *, *, #2274, .T. ) ;
#3320 = DIRECTION ( 'NONE',  ( 0.0000000000000000000, 0.0000000000000000000, -1.000000000000000000 ) ) ;
#3321 = CARTESIAN_POINT ( 'NONE',  ( -2.030000000000000700, -5.540000000000022200, 0.1000000000000000100 ) ) ;
#3322 = CARTESIAN_POINT ( 'NONE',  ( -4.049999999999999800, -1.059999999999999400, 0.5000000000000000000 ) ) ;
#3323 = EDGE_CURVE ( 'NONE', #508, #3704, #2822, .T. ) ;
#3324 = ORIENTED_EDGE ( 'NONE', *, *, #2629, .F. ) ;
#3325 = CARTESIAN_POINT ( 'NONE',  ( -4.049999999999999800, -1.059999999999999400, 0.5000000000000000000 ) ) ;
#3326 = LINE ( 'NONE', #2063, #375 ) ;
#3327 = DIRECTION ( 'NONE',  ( -1.000000000000000000, 0.0000000000000000000, -0.0000000000000000000 ) ) ;
#3328 = CARTESIAN_POINT ( 'NONE',  ( 2.199999999999998800, -5.789999999999999100, -0.0000000000000000000 ) ) ;
#3329 = ORIENTED_EDGE ( 'NONE', *, *, #427, .T. ) ;
#3330 = AXIS2_PLACEMENT_3D ( 'NONE', #1951, #1596, #4184 ) ;
#3331 = VECTOR ( 'NONE', #1779, 1000.000000000000000 ) ;
#3332 = ORIENTED_EDGE ( 'NONE', *, *, #1499, .F. ) ;
#3333 = CARTESIAN_POINT ( 'NONE',  ( -2.200000000000001100, -5.789999999999998300, 0.5000000000000000000 ) ) ;
#3334 = CARTESIAN_POINT ( 'NONE',  ( -1.400000000000001000, -5.789999999999998300, 0.0000000000000000000 ) ) ;
#3335 = VERTEX_POINT ( 'NONE', #3952 ) ;
#3336 = CARTESIAN_POINT ( 'NONE',  ( 4.900000000000000400, 5.146255668237037300, 0.4999999999999997800 ) ) ;
#3337 = PLANE ( 'NONE',  #2145 ) ;
#3338 = LINE ( 'NONE', #3108, #3098 ) ;
#3339 = DIRECTION ( 'NONE',  ( -1.000000000000000000, 0.0000000000000000000, 0.0000000000000000000 ) ) ;
#3340 = DIRECTION ( 'NONE',  ( -0.0000000000000000000, 1.000000000000000000, -0.0000000000000000000 ) ) ;
#3341 = CARTESIAN_POINT ( 'NONE',  ( 0.5000000000000000000, 5.890000000000001500, 0.5000000000000000000 ) ) ;
#3342 = LINE ( 'NONE', #702, #4720 ) ;
#3343 = VERTEX_POINT ( 'NONE', #2122 ) ;
#3344 = EDGE_LOOP ( 'NONE', ( #1844, #3347, #2198, #1515 ) ) ;
#3345 = LINE ( 'NONE', #4405, #2349 ) ;
#3346 = CARTESIAN_POINT ( 'NONE',  ( 0.8300000000000008500, -5.540000000000000900, 0.0000000000000000000 ) ) ;
#3347 = ORIENTED_EDGE ( 'NONE', *, *, #189, .F. ) ;
#3348 = ADVANCED_FACE ( 'NONE', ( #3462 ), #1769, .T. ) ;
#3349 = CARTESIAN_POINT ( 'NONE',  ( -3.230000000000001300, -5.540000000000033800, 0.1000000000000000100 ) ) ;
#3350 = CARTESIAN_POINT ( 'NONE',  ( 3.230000000000000400, -5.789999999999978700, 0.1000000000000000100 ) ) ;
#3351 = ORIENTED_EDGE ( 'NONE', *, *, #4271, .T. ) ;
#3352 = ORIENTED_EDGE ( 'NONE', *, *, #3032, .T. ) ;
#3353 = FACE_OUTER_BOUND ( 'NONE', #2418, .T. ) ;
#3354 = ORIENTED_EDGE ( 'NONE', *, *, #1662, .T. ) ;
#3355 = EDGE_CURVE ( 'NONE', #2460, #3455, #1783, .T. ) ;
#3356 = CARTESIAN_POINT ( 'NONE',  ( 2.030000000000000200, -5.789999999999989400, 0.1000000000000000100 ) ) ;
#3357 = DIRECTION ( 'NONE',  ( -1.000000000000000000, -0.0000000000000000000, -0.0000000000000000000 ) ) ;
#3358 = FILL_AREA_STYLE_COLOUR ( '', #2732 ) ;
#3359 = VERTEX_POINT ( 'NONE', #4719 ) ;
#3360 = CARTESIAN_POINT ( 'NONE',  ( -2.600000000000001000, -4.988776073890375300, 2.299999999999999800 ) ) ;
#3361 = ORIENTED_EDGE ( 'NONE', *, *, #2137, .T. ) ;
#3362 = VECTOR ( 'NONE', #3431, 1000.000000000000000 ) ;
#3363 = EDGE_CURVE ( 'NONE', #2411, #1715, #1718, .T. ) ;
#3364 = PLANE ( 'NONE',  #364 ) ;
#3365 = CARTESIAN_POINT ( 'NONE',  ( 4.050000000000000700, 5.190000000000000400, 0.0000000000000000000 ) ) ;
#3366 = CARTESIAN_POINT ( 'NONE',  ( -3.230000000000000400, -5.790000000000033800, 0.1000000000000000100 ) ) ;
#3367 = VECTOR ( 'NONE', #2864, 1000.000000000000000 ) ;
#3368 = ORIENTED_EDGE ( 'NONE', *, *, #3039, .T. ) ;
#3369 = VECTOR ( 'NONE', #2297, 1000.000000000000000 ) ;
#3370 = CARTESIAN_POINT ( 'NONE',  ( 4.430000000000000600, -5.539999999999967200, 0.1000000000000000100 ) ) ;
#3371 = VECTOR ( 'NONE', #1011, 1000.000000000000000 ) ;
#3372 = ORIENTED_EDGE ( 'NONE', *, *, #1927, .F. ) ;
#3373 = CARTESIAN_POINT ( 'NONE',  ( 1.399999999999998400, -4.639999999999998800, 0.5000000000000000000 ) ) ;
#3374 = ORIENTED_EDGE ( 'NONE', *, *, #2496, .T. ) ;
#3375 = VECTOR ( 'NONE', #4537, 1000.000000000000000 ) ;
#3376 = DIRECTION ( 'NONE',  ( -7.542275982507858100E-016, 1.000000000000000000, 0.0000000000000000000 ) ) ;
#3377 = DIRECTION ( 'NONE',  ( 1.000000000000000000, -0.0000000000000000000, -0.0000000000000000000 ) ) ;
#3378 = VECTOR ( 'NONE', #2684, 1000.000000000000000 ) ;
#3379 = EDGE_CURVE ( 'NONE', #3817, #2597, #1098, .T. ) ;
#3380 = ORIENTED_EDGE ( 'NONE', *, *, #2726, .T. ) ;
#3381 = DIRECTION ( 'NONE',  ( -1.000000000000000000, 0.0000000000000000000, 0.0000000000000000000 ) ) ;
#3382 = CARTESIAN_POINT ( 'NONE',  ( -1.400000000000001000, -4.639999999999997900, 0.5000000000000000000 ) ) ;
#3383 = DIRECTION ( 'NONE',  ( -8.356086107788088100E-017, 1.000000000000000000, 0.0000000000000000000 ) ) ;
#3384 = CARTESIAN_POINT ( 'NONE',  ( 2.199999999999998400, -4.988776073890375300, 2.299999999999999800 ) ) ;
#3385 = CARTESIAN_POINT ( 'NONE',  ( 3.230000000000000400, -5.789999999999978700, 0.1000000000000000100 ) ) ;
#3386 = VECTOR ( 'NONE', #579, 1000.000000000000000 ) ;
#3387 = CARTESIAN_POINT ( 'NONE',  ( -2.600000000000000500, -5.789999999999998300, 0.5000000000000000000 ) ) ;
#3388 = EDGE_LOOP ( 'NONE', ( #2392, #3253, #444, #3372 ) ) ;
#3389 = EDGE_CURVE ( 'NONE', #3996, #4186, #969, .T. ) ;
#3390 = VECTOR ( 'NONE', #4179, 1000.000000000000000 ) ;
#3391 = ORIENTED_EDGE ( 'NONE', *, *, #425, .T. ) ;
#3392 = VERTEX_POINT ( 'NONE', #3226 ) ;
#3393 = CARTESIAN_POINT ( 'NONE',  ( 0.9999999999999981100, -4.639999999999997900, 0.5000000000000000000 ) ) ;
#3394 = FACE_OUTER_BOUND ( 'NONE', #3773, .T. ) ;
#3395 = LINE ( 'NONE', #3125, #3155 ) ;
#3396 = VERTEX_POINT ( 'NONE', #1398 ) ;
#3397 = EDGE_LOOP ( 'NONE', ( #3403, #465, #1957, #3814 ) ) ;
#3398 = PLANE ( 'NONE',  #2517 ) ;
#3399 = CARTESIAN_POINT ( 'NONE',  ( 3.799999999999997600, -4.639999999999998800, -0.0000000000000000000 ) ) ;
#3400 = LINE ( 'NONE', #3272, #3509 ) ;
#3401 = CARTESIAN_POINT ( 'NONE',  ( -3.400000000000000400, -4.988776073890375300, 2.299999999999999800 ) ) ;
#3402 = PLANE ( 'NONE',  #1403 ) ;
#3403 = ORIENTED_EDGE ( 'NONE', *, *, #3242, .T. ) ;
#3404 = EDGE_CURVE ( 'NONE', #2010, #3072, #1958, .T. ) ;
#3405 = VECTOR ( 'NONE', #903, 1000.000000000000000 ) ;
#3406 = VERTEX_POINT ( 'NONE', #3635 ) ;
#3407 = EDGE_CURVE ( 'NONE', #4103, #1608, #2464, .T. ) ;
#3408 = ORIENTED_EDGE ( 'NONE', *, *, #3938, .F. ) ;
#3409 = DIRECTION ( 'NONE',  ( -1.000000000000000000, 0.0000000000000000000, -0.0000000000000000000 ) ) ;
#3410 = ORIENTED_EDGE ( 'NONE', *, *, #244, .T. ) ;
#3411 = VECTOR ( 'NONE', #1061, 1000.000000000000000 ) ;
#3412 = PRESENTATION_LAYER_ASSIGNMENT (  '', '', ( #1753 ) ) ;
#3413 = EDGE_LOOP ( 'NONE', ( #2770, #1787, #3173, #3086 ) ) ;
#3414 = ORIENTED_EDGE ( 'NONE', *, *, #4593, .T. ) ;
#3415 = FACE_OUTER_BOUND ( 'NONE', #1780, .T. ) ;
#3416 = EDGE_CURVE ( 'NONE', #3630, #2803, #1498, .T. ) ;
#3417 = CARTESIAN_POINT ( 'NONE',  ( 0.0000000000000000000, 0.0000000000000000000, 0.5000000000000000000 ) ) ;
#3418 = DIRECTION ( 'NONE',  ( 1.000000000000000000, 0.0000000000000000000, 0.0000000000000000000 ) ) ;
#3419 = DIRECTION ( 'NONE',  ( 0.0000000000000000000, -1.000000000000000000, 0.0000000000000000000 ) ) ;
#3420 = LINE ( 'NONE', #4564, #1283 ) ;
#3421 = EDGE_LOOP ( 'NONE', ( #242, #1197, #4298, #3516 ) ) ;
#3422 = EDGE_CURVE ( 'NONE', #4524, #1228, #3920, .T. ) ;
#3423 = DIRECTION ( 'NONE',  ( -0.0000000000000000000, 1.000000000000000000, -0.0000000000000000000 ) ) ;
#3424 = LINE ( 'NONE', #3548, #2671 ) ;
#3425 = CARTESIAN_POINT ( 'NONE',  ( -4.650000000000000400, 1.989999999999999100, 0.5000000000000000000 ) ) ;
#3426 = VERTEX_POINT ( 'NONE', #1740 ) ;
#3427 = VECTOR ( 'NONE', #4793, 1000.000000000000000 ) ;
#3428 = AXIS2_PLACEMENT_3D ( 'NONE', #197, #569, #3159 ) ;
#3429 = ORIENTED_EDGE ( 'NONE', *, *, #1617, .F. ) ;
#3430 = SURFACE_STYLE_USAGE ( .BOTH. , #1189 ) ;
#3431 = DIRECTION ( 'NONE',  ( 1.000000000000000000, -0.0000000000000000000, -0.0000000000000000000 ) ) ;
#3432 = CARTESIAN_POINT ( 'NONE',  ( -2.200000000000001100, -5.789999999999998300, 0.0000000000000000000 ) ) ;
#3433 = APPLICATION_CONTEXT ( 'automotive_design' ) ;
#3434 = AXIS2_PLACEMENT_3D ( 'NONE', #3291, #2183, #1901 ) ;
#3435 = ORIENTED_EDGE ( 'NONE', *, *, #89, .F. ) ;
#3436 = EDGE_CURVE ( 'NONE', #1860, #3517, #4160, .T. ) ;
#3437 = DIRECTION ( 'NONE',  ( -0.0000000000000000000, -0.0000000000000000000, -1.000000000000000000 ) ) ;
#3438 = ADVANCED_FACE ( 'NONE', ( #4802 ), #4787, .T. ) ;
#3439 = EDGE_CURVE ( 'NONE', #960, #3359, #1910, .T. ) ;
#3440 = VERTEX_POINT ( 'NONE', #712 ) ;
#3441 = LINE ( 'NONE', #4137, #3176 ) ;
#3442 = EDGE_CURVE ( 'NONE', #1804, #4722, #754, .T. ) ;
#3443 = DIRECTION ( 'NONE',  ( 1.000000000000000000, -0.0000000000000000000, -0.0000000000000000000 ) ) ;
#3444 = VERTEX_POINT ( 'NONE', #2240 ) ;
#3445 = DIRECTION ( 'NONE',  ( -0.0000000000000000000, -0.0000000000000000000, -1.000000000000000000 ) ) ;
#3446 = ORIENTED_EDGE ( 'NONE', *, *, #3684, .F. ) ;
#3447 = VECTOR ( 'NONE', #1491, 1000.000000000000000 ) ;
#3448 = ORIENTED_EDGE ( 'NONE', *, *, #3499, .F. ) ;
#3449 = ORIENTED_EDGE ( 'NONE', *, *, #4153, .T. ) ;
#3450 = AXIS2_PLACEMENT_3D ( 'NONE', #2787, #4377, #317 ) ;
#3451 = LINE ( 'NONE', #1794, #101 ) ;
#3452 = DIRECTION ( 'NONE',  ( -1.000000000000000000, 8.673617379884042400E-016, -0.0000000000000000000 ) ) ;
#3453 = ORIENTED_EDGE ( 'NONE', *, *, #4015, .T. ) ;
#3454 = CARTESIAN_POINT ( 'NONE',  ( 0.1999999999999985700, -4.639999999999997900, 0.5000000000000000000 ) ) ;
#3455 = VERTEX_POINT ( 'NONE', #2220 ) ;
#3456 = LINE ( 'NONE', #2114, #1655 ) ;
#3457 = VERTEX_POINT ( 'NONE', #2971 ) ;
#3458 = CARTESIAN_POINT ( 'NONE',  ( -1.000000000000000900, -4.639999999999997900, 0.5000000000000000000 ) ) ;
#3459 = CARTESIAN_POINT ( 'NONE',  ( 3.969999999999999800, -5.789999999999967200, 0.0000000000000000000 ) ) ;
#3460 = ORIENTED_EDGE ( 'NONE', *, *, #1212, .F. ) ;
#3461 = VERTEX_POINT ( 'NONE', #382 ) ;
#3462 = FACE_OUTER_BOUND ( 'NONE', #3780, .T. ) ;
#3463 = ADVANCED_FACE ( 'NONE', ( #1843 ), #4033, .T. ) ;
#3464 = ORIENTED_EDGE ( 'NONE', *, *, #3122, .T. ) ;
#3465 = EDGE_CURVE ( 'NONE', #2487, #1313, #820, .T. ) ;
#3466 = ORIENTED_EDGE ( 'NONE', *, *, #605, .F. ) ;
#3467 = ORIENTED_EDGE ( 'NONE', *, *, #913, .T. ) ;
#3468 = VECTOR ( 'NONE', #3836, 1000.000000000000000 ) ;
#3469 = CARTESIAN_POINT ( 'NONE',  ( 0.9999999999999985600, -5.189999999999992400, 0.0000000000000000000 ) ) ;
#3470 = VECTOR ( 'NONE', #3792, 1000.000000000000100 ) ;
#3471 = ORIENTED_EDGE ( 'NONE', *, *, #366, .F. ) ;
#3472 = CARTESIAN_POINT ( 'NONE',  ( 4.599999999999997900, -4.189999999999934700, 0.5000000000000000000 ) ) ;
#3473 = LINE ( 'NONE', #4443, #4747 ) ;
#3474 = AXIS2_PLACEMENT_3D ( 'NONE', #4574, #2345, #507 ) ;
#3475 = LINE ( 'NONE', #3601, #3371 ) ;
#3476 = EDGE_LOOP ( 'NONE', ( #1380, #3368, #3617, #3918, #4389, #4456, #2348, #1204 ) ) ;
#3477 = CARTESIAN_POINT ( 'NONE',  ( -4.950000000000000200, 5.190000000000000400, 0.0000000000000000000 ) ) ;
#3478 = ORIENTED_EDGE ( 'NONE', *, *, #843, .F. ) ;
#3479 = LINE ( 'NONE', #3145, #2136 ) ;
#3480 = EDGE_CURVE ( 'NONE', #2795, #603, #871, .T. ) ;
#3481 = VECTOR ( 'NONE', #3671, 1000.000000000000000 ) ;
#3482 = ORIENTED_EDGE ( 'NONE', *, *, #4229, .T. ) ;
#3483 = DIRECTION ( 'NONE',  ( 0.0000000000000000000, 0.9961946980917458800, 0.08715574274765468300 ) ) ;
#3484 = ADVANCED_FACE ( 'NONE', ( #4629 ), #368, .T. ) ;
#3485 = AXIS2_PLACEMENT_3D ( 'NONE', #3073, #4560, #821 ) ;
#3486 = EDGE_LOOP ( 'NONE', ( #124, #398, #4259, #3429, #2025 ) ) ;
#3487 = EDGE_CURVE ( 'NONE', #408, #870, #4679, .T. ) ;
#3488 = PLANE ( 'NONE',  #786 ) ;
#3489 = EDGE_CURVE ( 'NONE', #2019, #1719, #1665, .T. ) ;
#3490 = LINE ( 'NONE', #422, #4074 ) ;
#3491 = ORIENTED_EDGE ( 'NONE', *, *, #4675, .F. ) ;
#3492 = CARTESIAN_POINT ( 'NONE',  ( -4.900000000000000400, 5.190000000000000400, 0.0000000000000000000 ) ) ;
#3493 = PLANE ( 'NONE',  #3832 ) ;
#3494 = VECTOR ( 'NONE', #1302, 1000.000000000000000 ) ;
#3495 = EDGE_CURVE ( 'NONE', #2441, #3241, #4516, .T. ) ;
#3496 = VECTOR ( 'NONE', #1899, 1000.000000000000000 ) ;
#3497 = ORIENTED_EDGE ( 'NONE', *, *, #983, .T. ) ;
#3498 = VERTEX_POINT ( 'NONE', #3737 ) ;
#3499 = EDGE_CURVE ( 'NONE', #1903, #4220, #3518, .T. ) ;
#3500 = FACE_OUTER_BOUND ( 'NONE', #2763, .T. ) ;
#3501 = CARTESIAN_POINT ( 'NONE',  ( 2.199999999999998000, -4.639999999999998800, 0.5000000000000000000 ) ) ;
#3502 = VECTOR ( 'NONE', #4455, 1000.000000000000000 ) ;
#3503 = PLANE ( 'NONE',  #4500 ) ;
#3504 = EDGE_LOOP ( 'NONE', ( #4150, #910, #3828, #654 ) ) ;
#3505 = PRESENTATION_STYLE_ASSIGNMENT (( #4613 ) ) ;
#3506 = ORIENTED_EDGE ( 'NONE', *, *, #1421, .T. ) ;
#3507 = ADVANCED_FACE ( 'NONE', ( #339 ), #1453, .F. ) ;
#3508 = VERTEX_POINT ( 'NONE', #3349 ) ;
#3509 = VECTOR ( 'NONE', #4767, 1000.000000000000000 ) ;
#3510 = CARTESIAN_POINT ( 'NONE',  ( 2.599999999999998300, -4.988776073890375300, 2.299999999999999800 ) ) ;
#3511 = VERTEX_POINT ( 'NONE', #2650 ) ;
#3512 = CARTESIAN_POINT ( 'NONE',  ( 2.770000000000000000, -5.789999999999999100, 0.0000000000000000000 ) ) ;
#3513 = VECTOR ( 'NONE', #1200, 1000.000000000000000 ) ;
#3514 = PLANE ( 'NONE',  #3739 ) ;
#3515 = ORIENTED_EDGE ( 'NONE', *, *, #2341, .F. ) ;
#3516 = ORIENTED_EDGE ( 'NONE', *, *, #1947, .T. ) ;
#3517 = VERTEX_POINT ( 'NONE', #3667 ) ;
#3518 = LINE ( 'NONE', #785, #2540 ) ;
#3519 = LINE ( 'NONE', #3934, #1163 ) ;
#3520 = DIRECTION ( 'NONE',  ( 1.000000000000000000, -4.336808689942021200E-016, 0.0000000000000000000 ) ) ;
#3521 = AXIS2_PLACEMENT_3D ( 'NONE', #3786, #867, #1604 ) ;
#3522 = ORIENTED_EDGE ( 'NONE', *, *, #792, .F. ) ;
#3523 = VECTOR ( 'NONE', #1542, 1000.000000000000000 ) ;
#3524 = EDGE_CURVE ( 'NONE', #3461, #2462, #1776, .T. ) ;
#3525 = DIRECTION ( 'NONE',  ( -0.0000000000000000000, -0.0000000000000000000, -1.000000000000000000 ) ) ;
#3526 = VECTOR ( 'NONE', #625, 1000.000000000000000 ) ;
#3527 = ORIENTED_EDGE ( 'NONE', *, *, #4393, .T. ) ;
#3528 = CARTESIAN_POINT ( 'NONE',  ( -4.600000000000000500, -4.189999999999988000, 0.0000000000000000000 ) ) ;
#3529 = ADVANCED_FACE ( 'NONE', ( #3865 ), #3029, .T. ) ;
#3530 = CARTESIAN_POINT ( 'NONE',  ( -4.600000000000001400, -5.789999999999987600, 0.5000000000000000000 ) ) ;
#3531 = VECTOR ( 'NONE', #2719, 1000.000000000000000 ) ;
#3532 = STYLED_ITEM ( 'NONE', ( #737 ), #1785 ) ;
#3533 = VERTEX_POINT ( 'NONE', #1584 ) ;
#3534 = UNCERTAINTY_MEASURE_WITH_UNIT (LENGTH_MEASURE( 1.000000000000000100E-005 ), #3984, 'distance_accuracy_value', 'NONE');
#3535 = VECTOR ( 'NONE', #3445, 1000.000000000000000 ) ;
#3536 = CARTESIAN_POINT ( 'NONE',  ( -1.000000000000000900, -4.639999999999997900, 0.0000000000000000000 ) ) ;
#3537 = CARTESIAN_POINT ( 'NONE',  ( 1.399999999999998400, -4.639999999999998800, 0.5000000000000000000 ) ) ;
#3538 = ORIENTED_EDGE ( 'NONE', *, *, #3760, .T. ) ;
#3539 = PRESENTATION_LAYER_ASSIGNMENT (  '', '', ( #3708 ) ) ;
#3540 = DIRECTION ( 'NONE',  ( -1.000000000000000000, -8.673617379884042400E-016, 0.0000000000000000000 ) ) ;
#3541 = DIRECTION ( 'NONE',  ( -3.469446951953611000E-015, 1.000000000000000000, -0.0000000000000000000 ) ) ;
#3542 = EDGE_LOOP ( 'NONE', ( #3976, #4164, #3538, #4208 ) ) ;
#3543 = DIRECTION ( 'NONE',  ( 3.469446951953611000E-015, -1.000000000000000000, 0.0000000000000000000 ) ) ;
#3544 = AXIS2_PLACEMENT_3D ( 'NONE', #1489, #2200, #2919 ) ;
#3545 = ORIENTED_EDGE ( 'NONE', *, *, #3988, .F. ) ;
#3546 = EDGE_CURVE ( 'NONE', #2462, #200, #4216, .T. ) ;
#3547 = DIRECTION ( 'NONE',  ( 5.656706986880892600E-016, -1.000000000000000000, -0.0000000000000000000 ) ) ;
#3548 = CARTESIAN_POINT ( 'NONE',  ( -4.600000000000001400, -5.789999999999987600, 0.5000000000000000000 ) ) ;
#3549 = ORIENTED_EDGE ( 'NONE', *, *, #3665, .T. ) ;
#3550 = LINE ( 'NONE', #2662, #3494 ) ;
#3551 = EDGE_CURVE ( 'NONE', #4215, #3999, #1318, .T. ) ;
#3552 = ORIENTED_EDGE ( 'NONE', *, *, #3970, .T. ) ;
#3553 = ORIENTED_EDGE ( 'NONE', *, *, #994, .F. ) ;
#3554 = DIRECTION ( 'NONE',  ( 1.000000000000000000, -0.0000000000000000000, -0.0000000000000000000 ) ) ;
#3555 = CARTESIAN_POINT ( 'NONE',  ( -2.030000000000000700, -5.540000000000022200, 0.0000000000000000000 ) ) ;
#3556 = LINE ( 'NONE', #3608, #1356 ) ;
#3557 = FACE_OUTER_BOUND ( 'NONE', #4146, .T. ) ;
#3558 = CARTESIAN_POINT ( 'NONE',  ( -4.049999999999999800, -1.059999999999999400, 0.5000000000000000000 ) ) ;
#3559 = ORIENTED_EDGE ( 'NONE', *, *, #1662, .F. ) ;
#3560 = DIRECTION ( 'NONE',  ( -1.000000000000000000, 0.0000000000000000000, 0.0000000000000000000 ) ) ;
#3561 = VECTOR ( 'NONE', #972, 1000.000000000000000 ) ;
#3562 = LINE ( 'NONE', #2598, #254 ) ;
#3563 = ORIENTED_EDGE ( 'NONE', *, *, #4121, .F. ) ;
#3564 = EDGE_CURVE ( 'NONE', #1221, #4476, #1428, .T. ) ;
#3565 = ORIENTED_EDGE ( 'NONE', *, *, #1725, .T. ) ;
#3566 = LINE ( 'NONE', #721, #2591 ) ;
#3567 = ORIENTED_EDGE ( 'NONE', *, *, #4480, .F. ) ;
#3568 = ORIENTED_EDGE ( 'NONE', *, *, #1858, .F. ) ;
#3569 = CLOSED_SHELL ( 'NONE', ( #2366, #898, #4376, #1525, #1188, #1329, #2385, #756, #2319, #1621, #1371, #4755, #2784, #4354, #1448, #4136, #2968, #3679, #784, #4409, #2407, #185, #2337, #3631, #248, #1396, #4651, #2881, #135, #835, #4703, #1660, #410, #650, #163, #3851, #942, #3139, #3657, #669, #1754, #1552, #2636, #1143, #4533, #3296, #723, #2254, #474, #3168, #2799, #1465, #3209, #1807, #3318, #1638, #4167, #3463, #1086, #2935 ) ) ;
#3570 = CARTESIAN_POINT ( 'NONE',  ( -3.399999999999999900, -4.189999999999999500, 0.0000000000000000000 ) ) ;
#3571 = ORIENTED_EDGE ( 'NONE', *, *, #1282, .F. ) ;
#3572 = LINE ( 'NONE', #995, #3411 ) ;
#3573 = ORIENTED_EDGE ( 'NONE', *, *, #4771, .T. ) ;
#3574 = PLANE ( 'NONE',  #458 ) ;
#3575 = CARTESIAN_POINT ( 'NONE',  ( -1.400000000000001000, -4.639999999999997900, 0.0000000000000000000 ) ) ;
#3576 = ORIENTED_EDGE ( 'NONE', *, *, #1343, .F. ) ;
#3577 = DIRECTION ( 'NONE',  ( -5.421010862427523200E-016, -1.000000000000000000, 0.0000000000000000000 ) ) ;
#3578 = ORIENTED_EDGE ( 'NONE', *, *, #3690, .T. ) ;
#3579 = ADVANCED_FACE ( 'NONE', ( #3287 ), #1925, .F. ) ;
#3580 = LINE ( 'NONE', #4680, #1619 ) ;
#3581 = ORIENTED_EDGE ( 'NONE', *, *, #208, .F. ) ;
#3582 = FACE_OUTER_BOUND ( 'NONE', #3662, .T. ) ;
#3583 = DIRECTION ( 'NONE',  ( 0.0000000000000000000, -0.0000000000000000000, 1.000000000000000000 ) ) ;
#3584 = CARTESIAN_POINT ( 'NONE',  ( 2.599999999999998300, -4.639999999999998800, 0.5000000000000000000 ) ) ;
#3585 = EDGE_CURVE ( 'NONE', #1095, #3060, #4379, .T. ) ;
#3586 = DIRECTION ( 'NONE',  ( 1.000000000000000000, 0.0000000000000000000, -0.0000000000000000000 ) ) ;
#3587 = FACE_OUTER_BOUND ( 'NONE', #3730, .T. ) ;
#3588 = EDGE_LOOP ( 'NONE', ( #4213, #2449, #2005, #2128 ) ) ;
#3589 = DIRECTION ( 'NONE',  ( 1.000000000000000000, -1.387778780781445700E-016, 0.0000000000000000000 ) ) ;
#3590 = CARTESIAN_POINT ( 'NONE',  ( -0.5000000000000000000, 5.690000000000001300, 0.5000000000000000000 ) ) ;
#3591 = EDGE_LOOP ( 'NONE', ( #4323, #1689, #4562, #741, #3853, #2176, #3113, #2438 ) ) ;
#3592 = FACE_OUTER_BOUND ( 'NONE', #2974, .T. ) ;
#3593 = EDGE_CURVE ( 'NONE', #2544, #4707, #814, .T. ) ;
#3594 =( NAMED_UNIT ( * ) PLANE_ANGLE_UNIT ( ) SI_UNIT ( $, .RADIAN. ) );
#3595 =( NAMED_UNIT ( * ) PLANE_ANGLE_UNIT ( ) SI_UNIT ( $, .RADIAN. ) );
#3596 = CARTESIAN_POINT ( 'NONE',  ( -4.711166402458474100, -4.951166402458475200, 2.729880511556305800 ) ) ;
#3597 = UNCERTAINTY_MEASURE_WITH_UNIT (LENGTH_MEASURE( 1.000000000000000100E-005 ), #4583, 'distance_accuracy_value', 'NONE');
#3598 = VECTOR ( 'NONE', #44, 1000.000000000000000 ) ;
#3599 = EDGE_CURVE ( 'NONE', #1632, #3926, #268, .T. ) ;
#3600 = ORIENTED_EDGE ( 'NONE', *, *, #4595, .T. ) ;
#3601 = CARTESIAN_POINT ( 'NONE',  ( 0.9999999999999981100, -4.639999999999997900, -0.0000000000000000000 ) ) ;
#3602 = ORIENTED_EDGE ( 'NONE', *, *, #2455, .T. ) ;
#3603 = CARTESIAN_POINT ( 'NONE',  ( -1.569999999999998500, -5.540000000000022200, 0.1000000000000000100 ) ) ;
#3604 = MECHANICAL_DESIGN_GEOMETRIC_PRESENTATION_REPRESENTATION (  '', ( #801 ), #3054 ) ;
#3605 = ADVANCED_FACE ( 'NONE', ( #4269 ), #1172, .F. ) ;
#3606 = DIRECTION ( 'NONE',  ( -1.000000000000000000, -3.469446951953611000E-015, 0.0000000000000000000 ) ) ;
#3607 = CARTESIAN_POINT ( 'NONE',  ( 4.450000000000001100, -1.010000000000000500, 0.4000000000000000200 ) ) ;
#3608 = CARTESIAN_POINT ( 'NONE',  ( 2.599999999999998300, -4.639999999999998800, 0.5000000000000000000 ) ) ;
#3609 = CARTESIAN_POINT ( 'NONE',  ( -3.849999999999999600, 5.890000000000001500, 0.5000000000000000000 ) ) ;
#3610 = FACE_OUTER_BOUND ( 'NONE', #1697, .T. ) ;
#3611 = EDGE_CURVE ( 'NONE', #3426, #3279, #2008, .T. ) ;
#3612 = LINE ( 'NONE', #441, #483 ) ;
#3613 = CARTESIAN_POINT ( 'NONE',  ( 0.9999999999999988900, -5.789999999999998300, -0.0000000000000000000 ) ) ;
#3614 = LINE ( 'NONE', #4487, #4726 ) ;
#3615 = CARTESIAN_POINT ( 'NONE',  ( 4.450000000000001100, -1.010000000000000500, 0.4000000000000000200 ) ) ;
#3616 = DIRECTION ( 'NONE',  ( 0.0000000000000000000, 1.000000000000000000, 0.0000000000000000000 ) ) ;
#3617 = ORIENTED_EDGE ( 'NONE', *, *, #3379, .F. ) ;
#3618 = LINE ( 'NONE', #920, #4723 ) ;
#3619 = VECTOR ( 'NONE', #1747, 1000.000000000000000 ) ;
#3620 = DIRECTION ( 'NONE',  ( 0.0000000000000000000, -1.000000000000000000, 0.0000000000000000000 ) ) ;
#3621 = ORIENTED_EDGE ( 'NONE', *, *, #3487, .T. ) ;
#3622 = CARTESIAN_POINT ( 'NONE',  ( 3.969999999999998900, -5.539999999999967200, 0.1000000000000000100 ) ) ;
#3623 = DIRECTION ( 'NONE',  ( 1.000000000000000000, 0.0000000000000000000, 0.0000000000000000000 ) ) ;
#3624 = AXIS2_PLACEMENT_3D ( 'NONE', #2083, #3190, #1668 ) ;
#3625 = ORIENTED_EDGE ( 'NONE', *, *, #877, .F. ) ;
#3626 = CARTESIAN_POINT ( 'NONE',  ( 3.799999999999997600, -4.639999999999998800, -0.0000000000000000000 ) ) ;
#3627 = FILL_AREA_STYLE ('',( #705 ) ) ;
#3628 = VECTOR ( 'NONE', #2186, 1000.000000000000000 ) ;
#3629 = CARTESIAN_POINT ( 'NONE',  ( 2.199999999999998000, -4.639999999999998800, 0.5000000000000000000 ) ) ;
#3630 = VERTEX_POINT ( 'NONE', #861 ) ;
#3631 = ADVANCED_FACE ( 'NONE', ( #450 ), #3774, .F. ) ;
#3632 = VECTOR ( 'NONE', #4123, 1000.000000000000000 ) ;
#3633 = EDGE_CURVE ( 'NONE', #3083, #258, #105, .T. ) ;
#3634 = VERTEX_POINT ( 'NONE', #3813 ) ;
#3635 = CARTESIAN_POINT ( 'NONE',  ( -4.600000000000000500, -4.189999999999988000, 0.0000000000000000000 ) ) ;
#3636 = PLANE ( 'NONE',  #1186 ) ;
#3637 = DIRECTION ( 'NONE',  ( -1.000000000000000000, -0.0000000000000000000, -0.0000000000000000000 ) ) ;
#3638 = ORIENTED_EDGE ( 'NONE', *, *, #3323, .F. ) ;
#3639 = EDGE_LOOP ( 'NONE', ( #3016, #2293, #1656, #895, #1413, #4116, #643, #1275, #4670, #3860, #2134, #4572, #4125, #4697, #3408, #4343, #4684, #492, #2303, #3466 ) ) ;
#3640 = COLOUR_RGB ( '',1.000000000000000000, 1.000000000000000000, 1.000000000000000000 ) ;
#3641 = VECTOR ( 'NONE', #303, 1000.000000000000000 ) ;
#3642 = DIRECTION ( 'NONE',  ( 0.0000000000000000000, 0.0000000000000000000, -1.000000000000000000 ) ) ;
#3643 = CARTESIAN_POINT ( 'NONE',  ( 1.399999999999998600, -5.789999999999999100, -0.0000000000000000000 ) ) ;
#3644 = ORIENTED_EDGE ( 'NONE', *, *, #709, .F. ) ;
#3645 = CARTESIAN_POINT ( 'NONE',  ( -3.400000000000000800, -5.789999999999998300, 0.0000000000000000000 ) ) ;
#3646 = VECTOR ( 'NONE', #1574, 1000.000000000000000 ) ;
#3647 = CARTESIAN_POINT ( 'NONE',  ( 3.850000000000000100, 5.690000000000000400, 0.5000000000000000000 ) ) ;
#3648 = LINE ( 'NONE', #4581, #2779 ) ;
#3649 = ORIENTED_EDGE ( 'NONE', *, *, #658, .F. ) ;
#3650 = EDGE_CURVE ( 'NONE', #1290, #597, #3058, .T. ) ;
#3651 = VECTOR ( 'NONE', #3771, 1000.000000000000000 ) ;
#3652 = CARTESIAN_POINT ( 'NONE',  ( -4.906255668237031700, -4.099709483061202100E-016, 0.5000000000000000000 ) ) ;
#3653 = CARTESIAN_POINT ( 'NONE',  ( -0.8299999999999999600, -5.789999999999998300, 0.0000000000000000000 ) ) ;
#3654 = EDGE_CURVE ( 'NONE', #3840, #4192, #2302, .T. ) ;
#3655 = CARTESIAN_POINT ( 'NONE',  ( 4.650000000000000400, -1.010000000000000500, 0.4000000000000000200 ) ) ;
#3656 = FACE_OUTER_BOUND ( 'NONE', #2239, .T. ) ;
#3657 = ADVANCED_FACE ( 'NONE', ( #3167 ), #3514, .T. ) ;
#3658 = CARTESIAN_POINT ( 'NONE',  ( 4.900000000000000400, 5.890000000000000600, 0.5000000000000000000 ) ) ;
#3659 = CARTESIAN_POINT ( 'NONE',  ( -4.600000000000001400, -5.789999999999987600, 0.0000000000000000000 ) ) ;
#3660 = DIRECTION ( 'NONE',  ( -1.000000000000000000, -0.0000000000000000000, -0.0000000000000000000 ) ) ;
#3661 = EDGE_CURVE ( 'NONE', #1620, #1608, #4623, .T. ) ;
#3662 = EDGE_LOOP ( 'NONE', ( #4312, #222, #1996, #1367 ) ) ;
#3663 = CARTESIAN_POINT ( 'NONE',  ( -0.2000000000000018200, -4.639999999999997900, 0.5000000000000000000 ) ) ;
#3664 =( NAMED_UNIT ( * ) SI_UNIT ( $, .STERADIAN. ) SOLID_ANGLE_UNIT ( ) );
#3665 = EDGE_CURVE ( 'NONE', #508, #4780, #4792, .T. ) ;
#3666 = ORIENTED_EDGE ( 'NONE', *, *, #4654, .F. ) ;
#3667 = CARTESIAN_POINT ( 'NONE',  ( 2.599999999999998300, -5.789999999999999100, -0.0000000000000000000 ) ) ;
#3668 = CARTESIAN_POINT ( 'NONE',  ( 0.3699999999999987700, -5.540000000000000900, 0.1000000000000000100 ) ) ;
#3669 = VECTOR ( 'NONE', #4761, 1000.000000000000000 ) ;
#3670 = CARTESIAN_POINT ( 'NONE',  ( -4.600000000000000500, -4.189999999999988000, 0.5000000000000000000 ) ) ;
#3671 = DIRECTION ( 'NONE',  ( -3.469446951953611000E-015, -1.000000000000000000, 0.0000000000000000000 ) ) ;
#3672 = DIRECTION ( 'NONE',  ( -1.000000000000000000, 8.673617379884042400E-016, 0.0000000000000000000 ) ) ;
#3673 = VECTOR ( 'NONE', #4063, 1000.000000000000000 ) ;
#3674 = CARTESIAN_POINT ( 'NONE',  ( -4.900000000000000400, 5.146255668237037300, 0.4999999999999997800 ) ) ;
#3675 = CARTESIAN_POINT ( 'NONE',  ( 4.292520405653338100, 2.147479594346661800, 2.299999999999999800 ) ) ;
#3676 = ORIENTED_EDGE ( 'NONE', *, *, #545, .T. ) ;
#3677 = ORIENTED_EDGE ( 'NONE', *, *, #2216, .F. ) ;
#3678 = VECTOR ( 'NONE', #2390, 1000.000000000000000 ) ;
#3679 = ADVANCED_FACE ( 'NONE', ( #2119 ), #3493, .F. ) ;
#3680 = VECTOR ( 'NONE', #3623, 1000.000000000000000 ) ;
#3681 = VERTEX_POINT ( 'NONE', #3082 ) ;
#3682 = VERTEX_POINT ( 'NONE', #539 ) ;
#3683 = DIRECTION ( 'NONE',  ( 1.000000000000000000, -0.0000000000000000000, -0.0000000000000000000 ) ) ;
#3684 = EDGE_CURVE ( 'NONE', #4019, #4215, #1210, .T. ) ;
#3685 = DIRECTION ( 'NONE',  ( 0.0000000000000000000, 0.0000000000000000000, 1.000000000000000000 ) ) ;
#3686 = VECTOR ( 'NONE', #4514, 1000.000000000000000 ) ;
#3687 = PLANE ( 'NONE',  #2004 ) ;
#3688 = LINE ( 'NONE', #3659, #1603 ) ;
#3689 = EDGE_LOOP ( 'NONE', ( #4021, #321, #548, #856 ) ) ;
#3690 = EDGE_CURVE ( 'NONE', #1698, #2051, #1952, .T. ) ;
#3691 = CARTESIAN_POINT ( 'NONE',  ( 4.599999999999997900, -5.789999999999967200, 0.5000000000000000000 ) ) ;
#3692 = CARTESIAN_POINT ( 'NONE',  ( 3.399999999999997700, -4.639999999999998800, 0.5000000000000000000 ) ) ;
#3693 = DIRECTION ( 'NONE',  ( 1.000000000000000000, -1.070816960479510600E-016, 0.0000000000000000000 ) ) ;
#3694 = ORIENTED_EDGE ( 'NONE', *, *, #3900, .F. ) ;
#3695 = VERTEX_POINT ( 'NONE', #3091 ) ;
#3696 = EDGE_CURVE ( 'NONE', #3083, #112, #2406, .T. ) ;
#3697 = PLANE ( 'NONE',  #2945 ) ;
#3698 = CARTESIAN_POINT ( 'NONE',  ( -3.969999999999998900, -5.540000000000045300, 0.0000000000000000000 ) ) ;
#3699 = ORIENTED_EDGE ( 'NONE', *, *, #1351, .F. ) ;
#3700 = DIRECTION ( 'NONE',  ( 1.000000000000000000, 0.0000000000000000000, 0.0000000000000000000 ) ) ;
#3701 = ORIENTED_EDGE ( 'NONE', *, *, #4001, .F. ) ;
#3702 = VECTOR ( 'NONE', #2876, 1000.000000000000000 ) ;
#3703 = VERTEX_POINT ( 'NONE', #125 ) ;
#3704 = VERTEX_POINT ( 'NONE', #3830 ) ;
#3705 = ORIENTED_EDGE ( 'NONE', *, *, #104, .T. ) ;
#3706 = LINE ( 'NONE', #2086, #1036 ) ;
#3707 = DIRECTION ( 'NONE',  ( -3.469446951953611000E-015, -1.000000000000000000, 0.0000000000000000000 ) ) ;
#3708 = STYLED_ITEM ( 'NONE', ( #1064 ), #2430 ) ;
#3709 = DIRECTION ( 'NONE',  ( -0.0000000000000000000, -1.000000000000000000, -0.0000000000000000000 ) ) ;
#3710 = LINE ( 'NONE', #2111, #3367 ) ;
#3711 = ORIENTED_EDGE ( 'NONE', *, *, #4526, .F. ) ;
#3712 = VECTOR ( 'NONE', #412, 1000.000000000000000 ) ;
#3713 =( LENGTH_UNIT ( ) NAMED_UNIT ( * ) SI_UNIT ( .MILLI., .METRE. ) );
#3714 = DIRECTION ( 'NONE',  ( 0.0000000000000000000, -1.000000000000000000, 0.0000000000000000000 ) ) ;
#3715 = CARTESIAN_POINT ( 'NONE',  ( 3.399999999999998600, -5.789999999999999100, 0.5000000000000000000 ) ) ;
#3716 = DIRECTION ( 'NONE',  ( -7.087083422369629700E-017, 0.08715574274765466900, 0.9961946980917457700 ) ) ;
#3717 = FACE_OUTER_BOUND ( 'NONE', #4540, .T. ) ;
#3718 = ORIENTED_EDGE ( 'NONE', *, *, #3186, .F. ) ;
#3719 = AXIS2_PLACEMENT_3D ( 'NONE', #4042, #3714, #3266 ) ;
#3720 = CARTESIAN_POINT ( 'NONE',  ( 0.0000000000000000000, 0.0000000000000000000, 0.5000000000000000000 ) ) ;
#3721 = DIRECTION ( 'NONE',  ( -3.469446951953611000E-015, 1.000000000000000000, -0.0000000000000000000 ) ) ;
#3722 = ORIENTED_EDGE ( 'NONE', *, *, #2502, .F. ) ;
#3723 = VECTOR ( 'NONE', #3863, 1000.000000000000000 ) ;
#3724 = EDGE_CURVE ( 'NONE', #401, #1959, #1659, .T. ) ;
#3725 = CARTESIAN_POINT ( 'NONE',  ( 3.969999999999998900, -5.539999999999967200, -0.0000000000000000000 ) ) ;
#3726 = CARTESIAN_POINT ( 'NONE',  ( -1.000000000000001100, -5.789999999999998300, 0.5000000000000000000 ) ) ;
#3727 = VECTOR ( 'NONE', #1423, 1000.000000000000000 ) ;
#3728 = ORIENTED_EDGE ( 'NONE', *, *, #3355, .T. ) ;
#3729 = AXIS2_PLACEMENT_3D ( 'NONE', #1682, #566, #3543 ) ;
#3730 = EDGE_LOOP ( 'NONE', ( #2074, #1384, #386, #4753 ) ) ;
#3731 = CARTESIAN_POINT ( 'NONE',  ( -3.400000000000000800, -5.789999999999998300, 0.5000000000000000000 ) ) ;
#3732 = CARTESIAN_POINT ( 'NONE',  ( -3.849999999999999600, 5.690000000000001300, 0.0000000000000000000 ) ) ;
#3733 = DIRECTION ( 'NONE',  ( 1.000000000000000000, 0.0000000000000000000, 0.0000000000000000000 ) ) ;
#3734 = EDGE_CURVE ( 'NONE', #96, #3498, #1272, .T. ) ;
#3735 = ADVANCED_FACE ( 'NONE', ( #213 ), #3843, .F. ) ;
#3736 = LINE ( 'NONE', #3590, #3142 ) ;
#3737 = CARTESIAN_POINT ( 'NONE',  ( -3.800000000000000300, -5.789999999999998300, 0.0000000000000000000 ) ) ;
#3738 = CARTESIAN_POINT ( 'NONE',  ( -4.600000000000001400, -5.789999999999987600, 0.0000000000000000000 ) ) ;
#3739 = AXIS2_PLACEMENT_3D ( 'NONE', #186, #1628, #2367 ) ;
#3740 = VECTOR ( 'NONE', #2982, 1000.000000000000000 ) ;
#3741 = VECTOR ( 'NONE', #3036, 1000.000000000000000 ) ;
#3742 = PLANE ( 'NONE',  #1294 ) ;
#3743 = ORIENTED_EDGE ( 'NONE', *, *, #3013, .T. ) ;
#3744 = PLANE ( 'NONE',  #233 ) ;
#3745 = EDGE_CURVE ( 'NONE', #4025, #2497, #162, .T. ) ;
#3746 = VECTOR ( 'NONE', #2740, 1000.000000000000000 ) ;
#3747 = DIRECTION ( 'NONE',  ( 0.0000000000000000000, 0.0000000000000000000, -1.000000000000000000 ) ) ;
#3748 = DIRECTION ( 'NONE',  ( -1.000000000000000000, -1.885568995626964500E-016, 0.0000000000000000000 ) ) ;
#3749 = LINE ( 'NONE', #1810, #2102 ) ;
#3750 = ORIENTED_EDGE ( 'NONE', *, *, #742, .F. ) ;
#3751 = ORIENTED_EDGE ( 'NONE', *, *, #578, .T. ) ;
#3752 = EDGE_CURVE ( 'NONE', #3704, #3703, #1030, .T. ) ;
#3753 = LINE ( 'NONE', #1261, #1773 ) ;
#3754 = VERTEX_POINT ( 'NONE', #2380 ) ;
#3755 = MANIFOLD_SOLID_BREP ( 'Lead2', #1487 ) ;
#3756 = CARTESIAN_POINT ( 'NONE',  ( 0.9999999999999988900, -5.789999999999998300, 0.5000000000000000000 ) ) ;
#3757 = AXIS2_PLACEMENT_3D ( 'NONE', #269, #652, #1020 ) ;
#3758 = SURFACE_STYLE_FILL_AREA ( #4624 ) ;
#3759 = ORIENTED_EDGE ( 'NONE', *, *, #1985, .T. ) ;
#3760 = EDGE_CURVE ( 'NONE', #4709, #923, #2531, .T. ) ;
#3761 = CARTESIAN_POINT ( 'NONE',  ( 0.5000000000000000000, 5.890000000000001500, 0.0000000000000000000 ) ) ;
#3762 = CARTESIAN_POINT ( 'NONE',  ( 0.1999999999999986200, -4.988776073890375300, 2.299999999999999800 ) ) ;
#3763 = ORIENTED_EDGE ( 'NONE', *, *, #675, .T. ) ;
#3764 = DIRECTION ( 'NONE',  ( 1.084202172485505200E-015, -1.000000000000000000, -0.0000000000000000000 ) ) ;
#3765 = VERTEX_POINT ( 'NONE', #4263 ) ;
#3766 = LINE ( 'NONE', #297, #509 ) ;
#3767 = EDGE_CURVE ( 'NONE', #91, #1762, #3753, .T. ) ;
#3768 = CARTESIAN_POINT ( 'NONE',  ( -4.429999999999999700, -5.790000000000045300, 0.1000000000000000100 ) ) ;
#3769 = VERTEX_POINT ( 'NONE', #4301 ) ;
#3770 = LINE ( 'NONE', #4126, #4107 ) ;
#3771 = DIRECTION ( 'NONE',  ( 1.000000000000000000, 0.0000000000000000000, 0.0000000000000000000 ) ) ;
#3772 = LINE ( 'NONE', #336, #286 ) ;
#3773 = EDGE_LOOP ( 'NONE', ( #1215, #1863, #4647, #393 ) ) ;
#3774 = PLANE ( 'NONE',  #4315 ) ;
#3775 = LINE ( 'NONE', #624, #524 ) ;
#3776 = DIRECTION ( 'NONE',  ( 0.0000000000000000000, 0.0000000000000000000, -1.000000000000000000 ) ) ;
#3777 =( NAMED_UNIT ( * ) SI_UNIT ( $, .STERADIAN. ) SOLID_ANGLE_UNIT ( ) );
#3778 = CARTESIAN_POINT ( 'NONE',  ( 1.399999999999998400, -4.639999999999998800, -0.0000000000000000000 ) ) ;
#3779 = EDGE_CURVE ( 'NONE', #4429, #1920, #4442, .T. ) ;
#3780 = EDGE_LOOP ( 'NONE', ( #1269, #598, #2734, #281 ) ) ;
#3781 = DIRECTION ( 'NONE',  ( -0.08682659386424393400, -0.08682659386424426700, 0.9924325091389677400 ) ) ;
#3782 = ADVANCED_FACE ( 'NONE', ( #2244 ), #1712, .T. ) ;
#3783 = CARTESIAN_POINT ( 'NONE',  ( -1.400000000000001000, -5.789999999999998300, 0.0000000000000000000 ) ) ;
#3784 = ORIENTED_EDGE ( 'NONE', *, *, #3080, .F. ) ;
#3785 = AXIS2_PLACEMENT_3D ( 'NONE', #2363, #2007, #1232 ) ;
#3786 = CARTESIAN_POINT ( 'NONE',  ( -2.200000000000001100, -4.189999999999998600, 0.5000000000000000000 ) ) ;
#3787 = DIRECTION ( 'NONE',  ( 0.0000000000000000000, 0.0000000000000000000, -1.000000000000000000 ) ) ;
#3788 = CARTESIAN_POINT ( 'NONE',  ( 0.8300000000000008500, -5.540000000000000900, 0.1000000000000000100 ) ) ;
#3789 = FACE_OUTER_BOUND ( 'NONE', #4512, .T. ) ;
#3790 = EDGE_LOOP ( 'NONE', ( #1966, #3553, #4785, #2948 ) ) ;
#3791 = EDGE_LOOP ( 'NONE', ( #114, #2237, #3081, #3453 ) ) ;
#3792 = DIRECTION ( 'NONE',  ( -6.573526652632693000E-017, 0.08715574274765466900, 0.9961946980917457700 ) ) ;
#3793 = DIRECTION ( 'NONE',  ( -0.0000000000000000000, -0.0000000000000000000, -1.000000000000000000 ) ) ;
#3794 = VECTOR ( 'NONE', #2405, 1000.000000000000000 ) ;
#3795 = FACE_OUTER_BOUND ( 'NONE', #2290, .T. ) ;
#3796 = VERTEX_POINT ( 'NONE', #3219 ) ;
#3797 = VERTEX_POINT ( 'NONE', #3915 ) ;
#3798 = ADVANCED_FACE ( 'NONE', ( #555 ), #615, .F. ) ;
#3799 = DIRECTION ( 'NONE',  ( -3.469446951953611000E-015, -1.000000000000000000, 0.0000000000000000000 ) ) ;
#3800 = DIRECTION ( 'NONE',  ( -1.000000000000000000, -0.0000000000000000000, -0.0000000000000000000 ) ) ;
#3801 = CARTESIAN_POINT ( 'NONE',  ( 0.1999999999999985700, -4.639999999999997900, 0.5000000000000000000 ) ) ;
#3802 =( NAMED_UNIT ( * ) SI_UNIT ( $, .STERADIAN. ) SOLID_ANGLE_UNIT ( ) );
#3803 = ORIENTED_EDGE ( 'NONE', *, *, #2341, .T. ) ;
#3804 = EDGE_CURVE ( 'NONE', #4607, #3014, #445, .T. ) ;
#3805 = CARTESIAN_POINT ( 'NONE',  ( 0.1999999999999985700, -4.639999999999997900, -0.0000000000000000000 ) ) ;
#3806 = ORIENTED_EDGE ( 'NONE', *, *, #952, .F. ) ;
#3807 = UNCERTAINTY_MEASURE_WITH_UNIT (LENGTH_MEASURE( 1.000000000000000100E-005 ), #1071, 'distance_accuracy_value', 'NONE');
#3808 = VERTEX_POINT ( 'NONE', #2052 ) ;
#3809 = EDGE_CURVE ( 'NONE', #3335, #223, #4211, .T. ) ;
#3810 = ORIENTED_EDGE ( 'NONE', *, *, #4147, .F. ) ;
#3811 = ORIENTED_EDGE ( 'NONE', *, *, #3633, .F. ) ;
#3812 = LINE ( 'NONE', #2512, #4449 ) ;
#3813 = CARTESIAN_POINT ( 'NONE',  ( -2.200000000000001100, -5.789999999999998300, 0.5000000000000000000 ) ) ;
#3814 = ORIENTED_EDGE ( 'NONE', *, *, #2461, .F. ) ;
#3815 = AXIS2_PLACEMENT_3D ( 'NONE', #3655, #3616, #2104 ) ;
#3816 = ORIENTED_EDGE ( 'NONE', *, *, #4239, .F. ) ;
#3817 = VERTEX_POINT ( 'NONE', #1695 ) ;
#3818 = LINE ( 'NONE', #3182, #1963 ) ;
#3819 = PLANE ( 'NONE',  #4348 ) ;
#3820 =( NAMED_UNIT ( * ) SI_UNIT ( $, .STERADIAN. ) SOLID_ANGLE_UNIT ( ) );
#3821 = LINE ( 'NONE', #2537, #117 ) ;
#3822 = ORIENTED_EDGE ( 'NONE', *, *, #1579, .T. ) ;
#3823 = EDGE_CURVE ( 'NONE', #3052, #223, #2879, .T. ) ;
#3824 = LINE ( 'NONE', #725, #4392 ) ;
#3825 = LINE ( 'NONE', #3615, #1922 ) ;
#3826 = ORIENTED_EDGE ( 'NONE', *, *, #3633, .T. ) ;
#3827 = CARTESIAN_POINT ( 'NONE',  ( 4.748776073890375900, -1.167479594346663600, 2.299999999999999800 ) ) ;
#3828 = ORIENTED_EDGE ( 'NONE', *, *, #3032, .F. ) ;
#3829 = ADVANCED_FACE ( 'NONE', ( #1607 ), #1751, .T. ) ;
#3830 = CARTESIAN_POINT ( 'NONE',  ( -0.2000000000000018200, -4.639999999999997900, 0.5000000000000000000 ) ) ;
#3831 = LINE ( 'NONE', #2299, #3245 ) ;
#3832 = AXIS2_PLACEMENT_3D ( 'NONE', #2761, #529, #2009 ) ;
#3833 = VECTOR ( 'NONE', #2616, 1000.000000000000000 ) ;
#3834 = DIRECTION ( 'NONE',  ( 0.0000000000000000000, 1.000000000000000000, 0.0000000000000000000 ) ) ;
#3835 = ORIENTED_EDGE ( 'NONE', *, *, #3752, .T. ) ;
#3836 = DIRECTION ( 'NONE',  ( 1.000000000000000000, -0.0000000000000000000, -0.0000000000000000000 ) ) ;
#3837 = DIRECTION ( 'NONE',  ( -9.311383363699040200E-015, 1.000000000000000000, 0.0000000000000000000 ) ) ;
#3838 =( NAMED_UNIT ( * ) PLANE_ANGLE_UNIT ( ) SI_UNIT ( $, .RADIAN. ) );
#3839 = AXIS2_PLACEMENT_3D ( 'NONE', #1898, #4418, #3693 ) ;
#3840 = VERTEX_POINT ( 'NONE', #2408 ) ;
#3841 = CARTESIAN_POINT ( 'NONE',  ( 0.1999999999999987900, -5.789999999999998300, -0.0000000000000000000 ) ) ;
#3842 = LINE ( 'NONE', #3356, #2329 ) ;
#3843 = PLANE ( 'NONE',  #195 ) ;
#3844 = EDGE_CURVE ( 'NONE', #2693, #1907, #3456, .T. ) ;
#3845 = COLOUR_RGB ( '',1.000000000000000000, 1.000000000000000000, 1.000000000000000000 ) ;
#3846 = EDGE_CURVE ( 'NONE', #1222, #1991, #915, .T. ) ;
#3847 = DIRECTION ( 'NONE',  ( -0.08682659386424394800, -0.08682659386424414200, 0.9924325091389677400 ) ) ;
#3848 = DIRECTION ( 'NONE',  ( -1.000000000000000000, 0.0000000000000000000, 0.0000000000000000000 ) ) ;
#3849 = CARTESIAN_POINT ( 'NONE',  ( 3.969999999999998900, -5.539999999999967200, 0.1000000000000000100 ) ) ;
#3850 = ORIENTED_EDGE ( 'NONE', *, *, #3070, .T. ) ;
#3851 = ADVANCED_FACE ( 'NONE', ( #504 ), #3898, .F. ) ;
#3852 = LINE ( 'NONE', #3575, #1699 ) ;
#3853 = ORIENTED_EDGE ( 'NONE', *, *, #1012, .F. ) ;
#3854 = CARTESIAN_POINT ( 'NONE',  ( 3.399999999999998600, -5.789999999999999100, 0.5000000000000000000 ) ) ;
#3855 =( GEOMETRIC_REPRESENTATION_CONTEXT ( 3 ) GLOBAL_UNCERTAINTY_ASSIGNED_CONTEXT ( ( #516 ) ) GLOBAL_UNIT_ASSIGNED_CONTEXT ( ( #3957, #3232, #4710 ) ) REPRESENTATION_CONTEXT ( 'NONE', 'WORKASPACE' ) );
#3856 = LINE ( 'NONE', #2679, #1891 ) ;
#3857 = FILL_AREA_STYLE ('',( #2424 ) ) ;
#3858 = FACE_OUTER_BOUND ( 'NONE', #1708, .T. ) ;
#3859 = LINE ( 'NONE', #4010, #4374 ) ;
#3860 = ORIENTED_EDGE ( 'NONE', *, *, #6, .F. ) ;
#3861 = DIRECTION ( 'NONE',  ( 0.0000000000000000000, -0.0000000000000000000, 1.000000000000000000 ) ) ;
#3862 = CARTESIAN_POINT ( 'NONE',  ( -4.950000000000000200, 4.988776073890375300, 2.299999999999999800 ) ) ;
#3863 = DIRECTION ( 'NONE',  ( 1.000000000000000000, 8.673617379884042400E-016, 0.0000000000000000000 ) ) ;
#3864 = VERTEX_POINT ( 'NONE', #2472 ) ;
#3865 = FACE_OUTER_BOUND ( 'NONE', #3033, .T. ) ;
#3866 = ORIENTED_EDGE ( 'NONE', *, *, #2015, .T. ) ;
#3867 = EDGE_CURVE ( 'NONE', #580, #3796, #2298, .T. ) ;
#3868 = ORIENTED_EDGE ( 'NONE', *, *, #4654, .T. ) ;
#3869 = ORIENTED_EDGE ( 'NONE', *, *, #689, .T. ) ;
#3870 = DIRECTION ( 'NONE',  ( 1.000000000000000000, 0.0000000000000000000, 0.0000000000000000000 ) ) ;
#3871 =( NAMED_UNIT ( * ) SI_UNIT ( $, .STERADIAN. ) SOLID_ANGLE_UNIT ( ) );
#3872 = CARTESIAN_POINT ( 'NONE',  ( -4.799999999999999800, -4.469464014575538800E-014, 0.1000000000000000100 ) ) ;
#3873 = ORIENTED_EDGE ( 'NONE', *, *, #1407, .T. ) ;
#3874 = ADVANCED_FACE ( 'NONE', ( #1316 ), #1005, .T. ) ;
#3875 = CARTESIAN_POINT ( 'NONE',  ( 0.8300000000000008500, -5.540000000000000900, 0.1000000000000000100 ) ) ;
#3876 = VECTOR ( 'NONE', #4506, 1000.000000000000100 ) ;
#3877 = AXIS2_PLACEMENT_3D ( 'NONE', #4235, #3483, #1651 ) ;
#3878 = VECTOR ( 'NONE', #3196, 1000.000000000000000 ) ;
#3879 = ORIENTED_EDGE ( 'NONE', *, *, #1589, .F. ) ;
#3880 = DIRECTION ( 'NONE',  ( 1.000000000000000000, 0.0000000000000000000, 0.0000000000000000000 ) ) ;
#3881 = VERTEX_POINT ( 'NONE', #3950 ) ;
#3882 = LINE ( 'NONE', #2324, #1174 ) ;
#3883 = EDGE_CURVE ( 'NONE', #642, #2729, #2764, .T. ) ;
#3884 = PLANE ( 'NONE',  #2791 ) ;
#3885 = VECTOR ( 'NONE', #3307, 1000.000000000000100 ) ;
#3886 = DIRECTION ( 'NONE',  ( 0.0000000000000000000, -0.0000000000000000000, 1.000000000000000000 ) ) ;
#3887 = VERTEX_POINT ( 'NONE', #1684 ) ;
#3888 = EDGE_CURVE ( 'NONE', #3053, #778, #3218, .T. ) ;
#3889 = CARTESIAN_POINT ( 'NONE',  ( -4.600000000000000500, -4.189999999999988000, 0.5000000000000000000 ) ) ;
#3890 = ORIENTED_EDGE ( 'NONE', *, *, #3277, .T. ) ;
#3891 = ADVANCED_FACE ( 'NONE', ( #1711 ), #1339, .T. ) ;
#3892 = EDGE_CURVE ( 'NONE', #4325, #1473, #3345, .T. ) ;
#3893 = DIRECTION ( 'NONE',  ( 1.000000000000000000, -1.084202172485507000E-015, 0.0000000000000000000 ) ) ;
#3894 = DIRECTION ( 'NONE',  ( -1.000000000000000000, 0.0000000000000000000, 0.0000000000000000000 ) ) ;
#3895 = FACE_OUTER_BOUND ( 'NONE', #3397, .T. ) ;
#3896 = AXIS2_PLACEMENT_3D ( 'NONE', #3131, #1634, #2745 ) ;
#3897 = CARTESIAN_POINT ( 'NONE',  ( -2.769999999999999100, -5.540000000000033800, 0.0000000000000000000 ) ) ;
#3898 = PLANE ( 'NONE',  #2423 ) ;
#3899 = VECTOR ( 'NONE', #3423, 1000.000000000000000 ) ;
#3900 = EDGE_CURVE ( 'NONE', #265, #2022, #2238, .T. ) ;
#3901 = VERTEX_POINT ( 'NONE', #4004 ) ;
#3902 = ORIENTED_EDGE ( 'NONE', *, *, #749, .F. ) ;
#3903 = EDGE_CURVE ( 'NONE', #4502, #3052, #677, .T. ) ;
#3904 =( NAMED_UNIT ( * ) SI_UNIT ( $, .STERADIAN. ) SOLID_ANGLE_UNIT ( ) );
#3905 = LINE ( 'NONE', #3198, #2339 ) ;
#3906 = DIRECTION ( 'NONE',  ( -6.573526652632693000E-017, 0.08715574274765466900, 0.9961946980917457700 ) ) ;
#3907 = ORIENTED_EDGE ( 'NONE', *, *, #1212, .T. ) ;
#3908 = ORIENTED_EDGE ( 'NONE', *, *, #1923, .F. ) ;
#3909 = VECTOR ( 'NONE', #2543, 1000.000000000000000 ) ;
#3910 = DIRECTION ( 'NONE',  ( 0.0000000000000000000, -1.000000000000000000, 0.0000000000000000000 ) ) ;
#3911 = ORIENTED_EDGE ( 'NONE', *, *, #3767, .T. ) ;
#3912 = DIRECTION ( 'NONE',  ( 1.000000000000000000, 7.542275982507858100E-016, 0.0000000000000000000 ) ) ;
#3913 = DIRECTION ( 'NONE',  ( 1.000000000000000000, -0.0000000000000000000, -0.0000000000000000000 ) ) ;
#3914 = VECTOR ( 'NONE', #2669, 1000.000000000000000 ) ;
#3915 = CARTESIAN_POINT ( 'NONE',  ( 2.199999999999998800, -5.789999999999999100, -0.0000000000000000000 ) ) ;
#3916 = EDGE_LOOP ( 'NONE', ( #930, #3649, #798, #4029 ) ) ;
#3917 = SURFACE_STYLE_FILL_AREA ( #3857 ) ;
#3918 = ORIENTED_EDGE ( 'NONE', *, *, #2534, .T. ) ;
#3919 = ORIENTED_EDGE ( 'NONE', *, *, #3924, .T. ) ;
#3920 = LINE ( 'NONE', #1890, #3295 ) ;
#3921 = ORIENTED_EDGE ( 'NONE', *, *, #667, .F. ) ;
#3922 = CARTESIAN_POINT ( 'NONE',  ( 4.900000000000000400, 5.890000000000000600, 0.5000000000000000000 ) ) ;
#3923 = DIRECTION ( 'NONE',  ( 0.0000000000000000000, 0.0000000000000000000, -1.000000000000000000 ) ) ;
#3924 = EDGE_CURVE ( 'NONE', #1939, #868, #4507, .T. ) ;
#3925 = ORIENTED_EDGE ( 'NONE', *, *, #4180, .F. ) ;
#3926 = VERTEX_POINT ( 'NONE', #2907 ) ;
#3927 = VECTOR ( 'NONE', #4189, 1000.000000000000000 ) ;
#3928 = EDGE_CURVE ( 'NONE', #1907, #112, #1264, .T. ) ;
#3929 = DIRECTION ( 'NONE',  ( 1.885568995626964500E-016, -1.000000000000000000, 0.0000000000000000000 ) ) ;
#3930 = LINE ( 'NONE', #4394, #2550 ) ;
#3931 = ORIENTED_EDGE ( 'NONE', *, *, #2766, .T. ) ;
#3932 = CARTESIAN_POINT ( 'NONE',  ( -3.230000000000001300, -5.540000000000033800, 0.0000000000000000000 ) ) ;
#3933 = EDGE_CURVE ( 'NONE', #258, #3939, #3283, .T. ) ;
#3934 = CARTESIAN_POINT ( 'NONE',  ( -1.569999999999998500, -5.540000000000022200, 0.1000000000000000100 ) ) ;
#3935 = CARTESIAN_POINT ( 'NONE',  ( -4.950000000000000200, 5.190000000000000400, 0.0000000000000000000 ) ) ;
#3936 = DIRECTION ( 'NONE',  ( -1.000000000000000000, 0.0000000000000000000, 0.0000000000000000000 ) ) ;
#3937 = VECTOR ( 'NONE', #3906, 1000.000000000000100 ) ;
#3938 = EDGE_CURVE ( 'NONE', #923, #3053, #3859, .T. ) ;
#3939 = VERTEX_POINT ( 'NONE', #2492 ) ;
#3940 = LINE ( 'NONE', #3432, #3375 ) ;
#3941 = DIRECTION ( 'NONE',  ( 1.885568995626964300E-016, 1.000000000000000000, -0.0000000000000000000 ) ) ;
#3942 = ORIENTED_EDGE ( 'NONE', *, *, #2162, .T. ) ;
#3943 = PRESENTATION_LAYER_ASSIGNMENT (  '', '', ( #801 ) ) ;
#3944 = ADVANCED_FACE ( 'NONE', ( #2648 ), #2148, .T. ) ;
#3945 = CARTESIAN_POINT ( 'NONE',  ( -3.548090081228326000, 5.146255668237037300, 0.4999999999999997800 ) ) ;
#3946 = DIRECTION ( 'NONE',  ( -1.885568995626964300E-016, 1.000000000000000000, -0.0000000000000000000 ) ) ;
#3947 = ORIENTED_EDGE ( 'NONE', *, *, #353, .F. ) ;
#3948 = PLANE ( 'NONE',  #205 ) ;
#3949 = CARTESIAN_POINT ( 'NONE',  ( -2.200000000000001100, -4.189999999999998600, 0.5000000000000000000 ) ) ;
#3950 = CARTESIAN_POINT ( 'NONE',  ( -1.569999999999999400, -5.790000000000022200, 0.1000000000000000100 ) ) ;
#3951 = EDGE_CURVE ( 'NONE', #2051, #1928, #2001, .T. ) ;
#3952 = CARTESIAN_POINT ( 'NONE',  ( -4.748776073890373300, -4.988776073890375300, 2.299999999999999800 ) ) ;
#3953 = DIRECTION ( 'NONE',  ( 5.421010862427523200E-016, 1.000000000000000000, 0.0000000000000000000 ) ) ;
#3954 = DIRECTION ( 'NONE',  ( -1.000000000000000000, 0.0000000000000000000, -0.0000000000000000000 ) ) ;
#3955 = LINE ( 'NONE', #1527, #36 ) ;
#3956 = ORIENTED_EDGE ( 'NONE', *, *, #2236, .T. ) ;
#3957 =( LENGTH_UNIT ( ) NAMED_UNIT ( * ) SI_UNIT ( .MILLI., .METRE. ) );
#3958 = DIRECTION ( 'NONE',  ( -1.000000000000000000, -0.0000000000000000000, -0.0000000000000000000 ) ) ;
#3959 = CARTESIAN_POINT ( 'NONE',  ( -1.000000000000001100, -5.789999999999998300, 0.0000000000000000000 ) ) ;
#3960 = FACE_OUTER_BOUND ( 'NONE', #570, .T. ) ;
#3961 = LINE ( 'NONE', #851, #2110 ) ;
#3962 = FILL_AREA_STYLE_COLOUR ( '', #2189 ) ;
#3963 = CARTESIAN_POINT ( 'NONE',  ( 4.050000000000000700, 5.190000000000000400, 0.0000000000000000000 ) ) ;
#3964 = VERTEX_POINT ( 'NONE', #4781 ) ;
#3965 = LINE ( 'NONE', #2837, #606 ) ;
#3966 = ADVANCED_FACE ( 'NONE', ( #2113 ), #4028, .T. ) ;
#3967 = VECTOR ( 'NONE', #3700, 1000.000000000000000 ) ;
#3968 = ORIENTED_EDGE ( 'NONE', *, *, #439, .F. ) ;
#3969 = LINE ( 'NONE', #4380, #4493 ) ;
#3970 = EDGE_CURVE ( 'NONE', #4359, #2053, #3400, .T. ) ;
#3971 = ORIENTED_EDGE ( 'NONE', *, *, #178, .F. ) ;
#3972 = DIRECTION ( 'NONE',  ( -1.000000000000000000, 0.0000000000000000000, -0.0000000000000000000 ) ) ;
#3973 = CARTESIAN_POINT ( 'NONE',  ( 2.599999999999998300, -4.639999999999998800, 0.5000000000000000000 ) ) ;
#3974 = FACE_OUTER_BOUND ( 'NONE', #4314, .T. ) ;
#3975 = ORIENTED_EDGE ( 'NONE', *, *, #3143, .T. ) ;
#3976 = ORIENTED_EDGE ( 'NONE', *, *, #3888, .T. ) ;
#3977 = ORIENTED_EDGE ( 'NONE', *, *, #2121, .T. ) ;
#3978 = CARTESIAN_POINT ( 'NONE',  ( -4.600000000000001400, -5.789999999999987600, 0.0000000000000000000 ) ) ;
#3979 = VECTOR ( 'NONE', #2330, 1000.000000000000100 ) ;
#3980 = ORIENTED_EDGE ( 'NONE', *, *, #1343, .T. ) ;
#3981 = AXIS2_PLACEMENT_3D ( 'NONE', #694, #2535, #2101 ) ;
#3982 = DIRECTION ( 'NONE',  ( -8.356086107788088100E-017, 1.000000000000000000, 0.0000000000000000000 ) ) ;
#3983 = ORIENTED_EDGE ( 'NONE', *, *, #2564, .T. ) ;
#3984 =( LENGTH_UNIT ( ) NAMED_UNIT ( * ) SI_UNIT ( .MILLI., .METRE. ) );
#3985 = ORIENTED_EDGE ( 'NONE', *, *, #882, .T. ) ;
#3986 = VECTOR ( 'NONE', #4631, 1000.000000000000000 ) ;
#3987 = SURFACE_STYLE_FILL_AREA ( #2852 ) ;
#3988 = EDGE_CURVE ( 'NONE', #4145, #868, #3566, .T. ) ;
#3989 = VECTOR ( 'NONE', #3709, 1000.000000000000000 ) ;
#3990 = ORIENTED_EDGE ( 'NONE', *, *, #2274, .F. ) ;
#3991 = VECTOR ( 'NONE', #1575, 1000.000000000000000 ) ;
#3992 = DIRECTION ( 'NONE',  ( 1.000000000000000000, -1.084202172485507000E-015, 0.0000000000000000000 ) ) ;
#3993 = EDGE_CURVE ( 'NONE', #3359, #2454, #4092, .T. ) ;
#3994 = DIRECTION ( 'NONE',  ( -1.000000000000000000, 1.301042606982603400E-014, -0.0000000000000000000 ) ) ;
#3995 = VECTOR ( 'NONE', #3586, 1000.000000000000000 ) ;
#3996 = VERTEX_POINT ( 'NONE', #3609 ) ;
#3997 = ADVANCED_FACE ( 'NONE', ( #862 ), #3256, .F. ) ;
#3998 = CARTESIAN_POINT ( 'NONE',  ( -4.600000000000000500, -4.189999999999988000, 0.0000000000000000000 ) ) ;
#3999 = VERTEX_POINT ( 'NONE', #3647 ) ;
#4000 = DIRECTION ( 'NONE',  ( -8.356086107788088100E-017, 1.000000000000000000, 0.0000000000000000000 ) ) ;
#4001 = EDGE_CURVE ( 'NONE', #864, #401, #2585, .T. ) ;
#4002 = CARTESIAN_POINT ( 'NONE',  ( -3.800000000000000300, -5.789999999999998300, 0.5000000000000000000 ) ) ;
#4003 = DIRECTION ( 'NONE',  ( -0.0000000000000000000, 1.000000000000000000, -0.0000000000000000000 ) ) ;
#4004 = CARTESIAN_POINT ( 'NONE',  ( 4.430000000000000600, -5.539999999999967200, 0.1000000000000000100 ) ) ;
#4005 = VECTOR ( 'NONE', #4117, 1000.000000000000000 ) ;
#4006 = EDGE_CURVE ( 'NONE', #3769, #3177, #1366, .T. ) ;
#4007 = ORIENTED_EDGE ( 'NONE', *, *, #4161, .F. ) ;
#4008 = DIRECTION ( 'NONE',  ( 0.0000000000000000000, 0.0000000000000000000, -1.000000000000000000 ) ) ;
#4009 = DIRECTION ( 'NONE',  ( 1.000000000000000000, 0.0000000000000000000, -0.0000000000000000000 ) ) ;
#4010 = CARTESIAN_POINT ( 'NONE',  ( 4.599999999999997900, -5.789999999999967200, -0.0000000000000000000 ) ) ;
#4011 = LINE ( 'NONE', #3658, #2039 ) ;
#4012 = ADVANCED_FACE ( 'NONE', ( #3974 ), #763, .F. ) ;
#4013 = EDGE_CURVE ( 'NONE', #4790, #381, #4204, .T. ) ;
#4014 = PLANE ( 'NONE',  #2622 ) ;
#4015 = EDGE_CURVE ( 'NONE', #2487, #2300, #2232, .T. ) ;
#4016 = VECTOR ( 'NONE', #831, 1000.000000000000000 ) ;
#4017 = DIRECTION ( 'NONE',  ( 1.000000000000000000, 0.0000000000000000000, -0.0000000000000000000 ) ) ;
#4018 = PLANE ( 'NONE',  #1523 ) ;
#4019 = VERTEX_POINT ( 'NONE', #3341 ) ;
#4020 = CARTESIAN_POINT ( 'NONE',  ( -1.000000000000000900, -4.639999999999997900, 0.0000000000000000000 ) ) ;
#4021 = ORIENTED_EDGE ( 'NONE', *, *, #611, .T. ) ;
#4022 = FACE_OUTER_BOUND ( 'NONE', #2060, .T. ) ;
#4023 = LINE ( 'NONE', #270, #1075 ) ;
#4024 = CARTESIAN_POINT ( 'NONE',  ( 2.030000000000000200, -5.789999999999989400, 0.1000000000000000100 ) ) ;
#4025 = VERTEX_POINT ( 'NONE', #4800 ) ;
#4026 = CARTESIAN_POINT ( 'NONE',  ( 0.3699999999999996600, -5.789999999999998300, 0.0000000000000000000 ) ) ;
#4027 = AXIS2_PLACEMENT_3D ( 'NONE', #3788, #853, #4118 ) ;
#4028 = PLANE ( 'NONE',  #249 ) ;
#4029 = ORIENTED_EDGE ( 'NONE', *, *, #2195, .T. ) ;
#4030 = VECTOR ( 'NONE', #4246, 1000.000000000000000 ) ;
#4031 = PLANE ( 'NONE',  #1231 ) ;
#4032 = ORIENTED_EDGE ( 'NONE', *, *, #4181, .F. ) ;
#4033 = PLANE ( 'NONE',  #2933 ) ;
#4034 = ORIENTED_EDGE ( 'NONE', *, *, #1617, .T. ) ;
#4035 = CARTESIAN_POINT ( 'NONE',  ( -4.650000000000000400, -1.010000000000000500, 0.4000000000000000200 ) ) ;
#4036 = CARTESIAN_POINT ( 'NONE',  ( 4.950000000000000200, 5.190000000000000400, 0.0000000000000000000 ) ) ;
#4037 = ORIENTED_EDGE ( 'NONE', *, *, #370, .T. ) ;
#4038 = ORIENTED_EDGE ( 'NONE', *, *, #885, .T. ) ;
#4039 = VECTOR ( 'NONE', #1861, 1000.000000000000000 ) ;
#4040 = ADVANCED_FACE ( 'NONE', ( #4558 ), #1474, .F. ) ;
#4041 = CARTESIAN_POINT ( 'NONE',  ( -2.200000000000001100, -5.789999999999998300, 0.5000000000000000000 ) ) ;
#4042 = CARTESIAN_POINT ( 'NONE',  ( 4.450000000000001100, 1.989999999999999100, 0.4000000000000000200 ) ) ;
#4043 = ORIENTED_EDGE ( 'NONE', *, *, #370, .F. ) ;
#4044 = CARTESIAN_POINT ( 'NONE',  ( 0.9999999999999981100, -4.639999999999997900, 0.5000000000000000000 ) ) ;
#4045 = ORIENTED_EDGE ( 'NONE', *, *, #2011, .T. ) ;
#4046 = VECTOR ( 'NONE', #156, 1000.000000000000000 ) ;
#4047 = AXIS2_PLACEMENT_3D ( 'NONE', #2903, #3214, #4000 ) ;
#4048 = CARTESIAN_POINT ( 'NONE',  ( -5.999999999999999100, -5.586830018219423800E-014, 0.1000000000000000100 ) ) ;
#4049 = CARTESIAN_POINT ( 'NONE',  ( 4.450000000000001100, 1.989999999999999100, 0.5000000000000000000 ) ) ;
#4050 = FILL_AREA_STYLE ('',( #2943 ) ) ;
#4051 = VECTOR ( 'NONE', #4223, 1000.000000000000000 ) ;
#4052 = ORIENTED_EDGE ( 'NONE', *, *, #1039, .T. ) ;
#4053 = EDGE_CURVE ( 'NONE', #1774, #3695, #858, .T. ) ;
#4054 = CARTESIAN_POINT ( 'NONE',  ( 3.799999999999998000, -5.789999999999967200, 0.5000000000000000000 ) ) ;
#4055 = VECTOR ( 'NONE', #2139, 1000.000000000000000 ) ;
#4056 = CARTESIAN_POINT ( 'NONE',  ( -3.399999999999999900, -4.189999999999999500, 0.5000000000000000000 ) ) ;
#4057 = EDGE_CURVE ( 'NONE', #3359, #1735, #2108, .T. ) ;
#4058 = PLANE ( 'NONE',  #2265 ) ;
#4059 = ORIENTED_EDGE ( 'NONE', *, *, #2317, .T. ) ;
#4060 = VECTOR ( 'NONE', #1545, 1000.000000000000100 ) ;
#4061 = SURFACE_SIDE_STYLE ('',( #2861 ) ) ;
#4062 = ORIENTED_EDGE ( 'NONE', *, *, #2032, .F. ) ;
#4063 = DIRECTION ( 'NONE',  ( -3.469446951953611000E-015, -1.000000000000000000, 0.0000000000000000000 ) ) ;
#4064 = EDGE_CURVE ( 'NONE', #1703, #2402, #324, .T. ) ;
#4065 = ORIENTED_EDGE ( 'NONE', *, *, #1885, .F. ) ;
#4066 = DIRECTION ( 'NONE',  ( 0.0000000000000000000, 0.0000000000000000000, 1.000000000000000000 ) ) ;
#4067 = CARTESIAN_POINT ( 'NONE',  ( -0.5000000000000000000, 5.890000000000001500, 0.5000000000000000000 ) ) ;
#4068 = CARTESIAN_POINT ( 'NONE',  ( 2.769999999999999100, -5.539999999999977800, 0.1000000000000000100 ) ) ;
#4069 = CARTESIAN_POINT ( 'NONE',  ( 2.599999999999998300, -4.639999999999998800, 0.5000000000000000000 ) ) ;
#4070 = ORIENTED_EDGE ( 'NONE', *, *, #3611, .T. ) ;
#4071 = CARTESIAN_POINT ( 'NONE',  ( -0.2000000000000018200, -4.639999999999997900, 0.0000000000000000000 ) ) ;
#4072 = CARTESIAN_POINT ( 'NONE',  ( 4.599999999999997900, -5.789999999999967200, 0.5000000000000000000 ) ) ;
#4073 = CARTESIAN_POINT ( 'NONE',  ( -2.770000000000000000, -5.790000000000033800, 0.1000000000000000100 ) ) ;
#4074 = VECTOR ( 'NONE', #2210, 1000.000000000000000 ) ;
#4075 = CARTESIAN_POINT ( 'NONE',  ( 4.050000000000000700, 5.190000000000000400, 0.5000000000000000000 ) ) ;
#4076 = CARTESIAN_POINT ( 'NONE',  ( -4.450000000000001100, 1.989999999999999100, 0.4000000000000000200 ) ) ;
#4077 = ORIENTED_EDGE ( 'NONE', *, *, #1326, .T. ) ;
#4078 = CARTESIAN_POINT ( 'NONE',  ( 2.769999999999999100, -5.539999999999977800, 0.0000000000000000000 ) ) ;
#4079 = LINE ( 'NONE', #1405, #3331 ) ;
#4080 = LINE ( 'NONE', #1142, #911 ) ;
#4081 = MECHANICAL_DESIGN_GEOMETRIC_PRESENTATION_REPRESENTATION (  '', ( #4768 ), #2190 ) ;
#4082 = EDGE_LOOP ( 'NONE', ( #2658, #2649, #1616, #3127 ) ) ;
#4083 = DIRECTION ( 'NONE',  ( 0.0000000000000000000, 0.0000000000000000000, -1.000000000000000000 ) ) ;
#4084 = DIRECTION ( 'NONE',  ( -1.000000000000000000, -0.0000000000000000000, -0.0000000000000000000 ) ) ;
#4085 = COLOUR_RGB ( '',1.000000000000000000, 1.000000000000000000, 1.000000000000000000 ) ;
#4086 = AXIS2_PLACEMENT_3D ( 'NONE', #3668, #2584, #4427 ) ;
#4087 = LINE ( 'NONE', #1467, #3100 ) ;
#4088 = EDGE_CURVE ( 'NONE', #4273, #1341, #3562, .T. ) ;
#4089 = ADVANCED_FACE ( 'NONE', ( #961 ), #363, .T. ) ;
#4090 = DIRECTION ( 'NONE',  ( -0.0000000000000000000, -0.0000000000000000000, -1.000000000000000000 ) ) ;
#4091 = CARTESIAN_POINT ( 'NONE',  ( -0.3699999999999987700, -5.540000000000011600, 0.1000000000000000100 ) ) ;
#4092 = LINE ( 'NONE', #1832, #3104 ) ;
#4093 = CARTESIAN_POINT ( 'NONE',  ( -8.400000000000000400, -7.821562025507192600E-014, 0.1000000000000000100 ) ) ;
#4094 = DIRECTION ( 'NONE',  ( 0.0000000000000000000, -1.000000000000000000, -0.0000000000000000000 ) ) ;
#4095 = ORIENTED_EDGE ( 'NONE', *, *, #4436, .F. ) ;
#4096 = EDGE_CURVE ( 'NONE', #214, #4555, #803, .T. ) ;
#4097 = CARTESIAN_POINT ( 'NONE',  ( -3.969999999999999800, -5.790000000000045300, 0.1000000000000000100 ) ) ;
#4098 = DIRECTION ( 'NONE',  ( 0.0000000000000000000, 0.0000000000000000000, -1.000000000000000000 ) ) ;
#4099 = VERTEX_POINT ( 'NONE', #3366 ) ;
#4100 = DIRECTION ( 'NONE',  ( -3.469446951953611000E-015, -1.000000000000000000, 0.0000000000000000000 ) ) ;
#4101 = ORIENTED_EDGE ( 'NONE', *, *, #4305, .F. ) ;
#4102 = VECTOR ( 'NONE', #1296, 1000.000000000000000 ) ;
#4103 = VERTEX_POINT ( 'NONE', #701 ) ;
#4104 = ORIENTED_EDGE ( 'NONE', *, *, #2805, .F. ) ;
#4105 = DIRECTION ( 'NONE',  ( -1.000000000000000000, 1.084202172485507000E-015, 0.0000000000000000000 ) ) ;
#4106 = ORIENTED_EDGE ( 'NONE', *, *, #3133, .T. ) ;
#4107 = VECTOR ( 'NONE', #3418, 1000.000000000000000 ) ;
#4108 = CARTESIAN_POINT ( 'NONE',  ( 3.230000000000001300, -5.539999999999977800, 0.1000000000000000100 ) ) ;
#4109 = LINE ( 'NONE', #1757, #2723 ) ;
#4110 = EDGE_LOOP ( 'NONE', ( #1430, #2477, #4200, #1500, #1314, #3103, #485, #2980 ) ) ;
#4111 = LINE ( 'NONE', #1897, #637 ) ;
#4112 = CARTESIAN_POINT ( 'NONE',  ( 2.199999999999998000, -4.639999999999998800, 0.5000000000000000000 ) ) ;
#4113 =( NAMED_UNIT ( * ) SI_UNIT ( $, .STERADIAN. ) SOLID_ANGLE_UNIT ( ) );
#4114 = DIRECTION ( 'NONE',  ( -7.542275982507858100E-016, 1.000000000000000000, 0.0000000000000000000 ) ) ;
#4115 = LINE ( 'NONE', #1791, #2315 ) ;
#4116 = ORIENTED_EDGE ( 'NONE', *, *, #4229, .F. ) ;
#4117 = DIRECTION ( 'NONE',  ( -0.0000000000000000000, -0.0000000000000000000, -1.000000000000000000 ) ) ;
#4118 = DIRECTION ( 'NONE',  ( 0.0000000000000000000, 0.0000000000000000000, 1.000000000000000000 ) ) ;
#4119 = ORIENTED_EDGE ( 'NONE', *, *, #1868, .T. ) ;
#4120 = FACE_OUTER_BOUND ( 'NONE', #1442, .T. ) ;
#4121 = EDGE_CURVE ( 'NONE', #4099, #3508, #1017, .T. ) ;
#4122 = CARTESIAN_POINT ( 'NONE',  ( 1.569999999999999000, -5.539999999999989400, 0.1000000000000000100 ) ) ;
#4123 = DIRECTION ( 'NONE',  ( 0.0000000000000000000, 1.000000000000000000, 0.0000000000000000000 ) ) ;
#4124 = LINE ( 'NONE', #1881, #708 ) ;
#4125 = ORIENTED_EDGE ( 'NONE', *, *, #1301, .T. ) ;
#4126 = CARTESIAN_POINT ( 'NONE',  ( -4.949999999999999300, -5.190000000000000400, 0.0000000000000000000 ) ) ;
#4127 = CARTESIAN_POINT ( 'NONE',  ( 0.1999999999999986800, -5.189999999999992400, 0.0000000000000000000 ) ) ;
#4128 = DIRECTION ( 'NONE',  ( 1.885568995626964300E-016, 1.000000000000000000, -0.0000000000000000000 ) ) ;
#4129 = EDGE_CURVE ( 'NONE', #511, #3406, #3688, .T. ) ;
#4130 = DIRECTION ( 'NONE',  ( 1.387778780781445700E-016, 1.000000000000000000, 0.0000000000000000000 ) ) ;
#4131 = VECTOR ( 'NONE', #342, 1000.000000000000000 ) ;
#4132 = DIRECTION ( 'NONE',  ( 1.000000000000000000, -3.469446951953611000E-015, 0.0000000000000000000 ) ) ;
#4133 = ORIENTED_EDGE ( 'NONE', *, *, #792, .T. ) ;
#4134 = AXIS2_PLACEMENT_3D ( 'NONE', #1048, #4751, #2527 ) ;
#4135 = VECTOR ( 'NONE', #2942, 1000.000000000000100 ) ;
#4136 = ADVANCED_FACE ( 'NONE', ( #1083 ), #13, .F. ) ;
#4137 = CARTESIAN_POINT ( 'NONE',  ( -2.200000000000001100, -4.988776073890375300, 2.299999999999999800 ) ) ;
#4138 = CARTESIAN_POINT ( 'NONE',  ( 0.9999999999999988900, -5.789999999999998300, 0.5000000000000000000 ) ) ;
#4139 = EDGE_LOOP ( 'NONE', ( #1591, #3079, #4406, #98 ) ) ;
#4140 = ORIENTED_EDGE ( 'NONE', *, *, #2269, .T. ) ;
#4141 = CARTESIAN_POINT ( 'NONE',  ( -1.400000000000001000, -4.639999999999997900, 0.5000000000000000000 ) ) ;
#4142 = EDGE_CURVE ( 'NONE', #2010, #3406, #50, .T. ) ;
#4143 = CARTESIAN_POINT ( 'NONE',  ( 3.399999999999997700, -4.639999999999998800, 0.5000000000000000000 ) ) ;
#4144 = VECTOR ( 'NONE', #3870, 1000.000000000000000 ) ;
#4145 = VERTEX_POINT ( 'NONE', #1088 ) ;
#4146 = EDGE_LOOP ( 'NONE', ( #3571, #1335, #3298, #3435, #769, #387, #2886, #23 ) ) ;
#4147 = EDGE_CURVE ( 'NONE', #3241, #1632, #4725, .T. ) ;
#4148 = VECTOR ( 'NONE', #3286, 1000.000000000000000 ) ;
#4149 = CARTESIAN_POINT ( 'NONE',  ( -3.399999999999999900, -4.189999999999999500, 0.5000000000000000000 ) ) ;
#4150 = ORIENTED_EDGE ( 'NONE', *, *, #4006, .T. ) ;
#4151 = DIRECTION ( 'NONE',  ( 0.0000000000000000000, -0.0000000000000000000, 1.000000000000000000 ) ) ;
#4152 = EDGE_LOOP ( 'NONE', ( #228, #4095, #3207, #2894 ) ) ;
#4153 = EDGE_CURVE ( 'NONE', #3392, #4429, #607, .T. ) ;
#4154 = FACE_OUTER_BOUND ( 'NONE', #1605, .T. ) ;
#4155 = DIRECTION ( 'NONE',  ( 0.0000000000000000000, 0.0000000000000000000, 1.000000000000000000 ) ) ;
#4156 = DIRECTION ( 'NONE',  ( -1.000000000000000000, 0.0000000000000000000, 0.0000000000000000000 ) ) ;
#4157 = ORIENTED_EDGE ( 'NONE', *, *, #3066, .F. ) ;
#4158 = CARTESIAN_POINT ( 'NONE',  ( 4.599999999999997900, -4.189999999999934700, 0.5000000000000000000 ) ) ;
#4159 = VERTEX_POINT ( 'NONE', #4791 ) ;
#4160 = LINE ( 'NONE', #2605, #4039 ) ;
#4161 = EDGE_CURVE ( 'NONE', #4322, #875, #4087, .T. ) ;
#4162 = VECTOR ( 'NONE', #1404, 1000.000000000000000 ) ;
#4163 = CARTESIAN_POINT ( 'NONE',  ( 4.599999999999997900, -4.189999999999934700, -0.0000000000000000000 ) ) ;
#4164 = ORIENTED_EDGE ( 'NONE', *, *, #2690, .F. ) ;
#4165 = VERTEX_POINT ( 'NONE', #3692 ) ;
#4166 = LINE ( 'NONE', #1642, #3362 ) ;
#4167 = ADVANCED_FACE ( 'NONE', ( #4438 ), #389, .T. ) ;
#4168 = DIRECTION ( 'NONE',  ( 5.421010862427523200E-016, 1.000000000000000000, 0.0000000000000000000 ) ) ;
#4169 = FACE_OUTER_BOUND ( 'NONE', #3791, .T. ) ;
#4170 = ORIENTED_EDGE ( 'NONE', *, *, #308, .T. ) ;
#4171 = ADVANCED_FACE ( 'NONE', ( #496 ), #4417, .T. ) ;
#4172 =( LENGTH_UNIT ( ) NAMED_UNIT ( * ) SI_UNIT ( .MILLI., .METRE. ) );
#4173 = MECHANICAL_DESIGN_GEOMETRIC_PRESENTATION_REPRESENTATION (  '', ( #113 ), #1934 ) ;
#4174 = LINE ( 'NONE', #3849, #2785 ) ;
#4175 = CARTESIAN_POINT ( 'NONE',  ( 4.748776073890375900, 2.147479594346662200, 2.299999999999999800 ) ) ;
#4176 = CARTESIAN_POINT ( 'NONE',  ( -0.2000000000000011800, -5.789999999999998300, 0.0000000000000000000 ) ) ;
#4177 = VERTEX_POINT ( 'NONE', #343 ) ;
#4178 = FACE_OUTER_BOUND ( 'NONE', #4627, .T. ) ;
#4179 = DIRECTION ( 'NONE',  ( -1.885568995626964300E-016, 1.000000000000000000, -0.0000000000000000000 ) ) ;
#4180 = EDGE_CURVE ( 'NONE', #2809, #4359, #2703, .T. ) ;
#4181 = EDGE_CURVE ( 'NONE', #3264, #3996, #3162, .T. ) ;
#4182 = ORIENTED_EDGE ( 'NONE', *, *, #4738, .T. ) ;
#4183 = DIRECTION ( 'NONE',  ( 0.0000000000000000000, 0.0000000000000000000, -1.000000000000000000 ) ) ;
#4184 = DIRECTION ( 'NONE',  ( 3.469446951953611000E-015, 1.000000000000000000, 0.0000000000000000000 ) ) ;
#4185 = EDGE_CURVE ( 'NONE', #3169, #1735, #2175, .T. ) ;
#4186 = VERTEX_POINT ( 'NONE', #4452 ) ;
#4187 = EDGE_CURVE ( 'NONE', #1160, #1171, #3451, .T. ) ;
#4188 = CARTESIAN_POINT ( 'NONE',  ( -4.450000000000001100, -1.010000000000000500, 0.4000000000000000200 ) ) ;
#4189 = DIRECTION ( 'NONE',  ( -0.0000000000000000000, -1.000000000000000000, -0.0000000000000000000 ) ) ;
#4190 = CARTESIAN_POINT ( 'NONE',  ( -4.430000000000000600, -5.540000000000045300, 0.0000000000000000000 ) ) ;
#4191 = VECTOR ( 'NONE', #2624, 1000.000000000000000 ) ;
#4192 = VERTEX_POINT ( 'NONE', #28 ) ;
#4193 = PRODUCT_DEFINITION_SHAPE ( 'NONE', 'NONE',  #4544 ) ;
#4194 = VECTOR ( 'NONE', #468, 1000.000000000000000 ) ;
#4195 = ORIENTED_EDGE ( 'NONE', *, *, #272, .F. ) ;
#4196 = CARTESIAN_POINT ( 'NONE',  ( -0.5000000000000000000, 5.890000000000001500, 0.0000000000000000000 ) ) ;
#4197 =( NAMED_UNIT ( * ) SI_UNIT ( $, .STERADIAN. ) SOLID_ANGLE_UNIT ( ) );
#4198 = LINE ( 'NONE', #2491, #3204 ) ;
#4199 = VECTOR ( 'NONE', #4639, 1000.000000000000000 ) ;
#4200 = ORIENTED_EDGE ( 'NONE', *, *, #841, .F. ) ;
#4201 = AXIS2_PLACEMENT_3D ( 'NONE', #2964, #397, #1130 ) ;
#4202 = DIRECTION ( 'NONE',  ( -0.0000000000000000000, -0.0000000000000000000, -1.000000000000000000 ) ) ;
#4203 = LINE ( 'NONE', #92, #1016 ) ;
#4204 = LINE ( 'NONE', #2233, #3967 ) ;
#4205 = DIRECTION ( 'NONE',  ( 0.0000000000000000000, 1.000000000000000000, 0.0000000000000000000 ) ) ;
#4206 = CARTESIAN_POINT ( 'NONE',  ( 0.0000000000000000000, -4.988776073890375300, 2.299999999999999800 ) ) ;
#4207 = FACE_OUTER_BOUND ( 'NONE', #3109, .T. ) ;
#4208 = ORIENTED_EDGE ( 'NONE', *, *, #3938, .T. ) ;
#4209 = EDGE_CURVE ( 'NONE', #1228, #3335, #146, .T. ) ;
#4210 = EDGE_LOOP ( 'NONE', ( #3763, #4383, #964, #3222 ) ) ;
#4211 = LINE ( 'NONE', #3596, #1553 ) ;
#4212 = ORIENTED_EDGE ( 'NONE', *, *, #1407, .F. ) ;
#4213 = ORIENTED_EDGE ( 'NONE', *, *, #1868, .F. ) ;
#4214 = PLANE ( 'NONE',  #3877 ) ;
#4215 = VERTEX_POINT ( 'NONE', #2159 ) ;
#4216 = LINE ( 'NONE', #93, #3979 ) ;
#4217 = ADVANCED_FACE ( 'NONE', ( #1484 ), #4762, .T. ) ;
#4218 = ORIENTED_EDGE ( 'NONE', *, *, #4748, .F. ) ;
#4219 = EDGE_LOOP ( 'NONE', ( #108, #2118, #1374, #2085 ) ) ;
#4220 = VERTEX_POINT ( 'NONE', #3643 ) ;
#4221 = VECTOR ( 'NONE', #3443, 1000.000000000000000 ) ;
#4222 = VECTOR ( 'NONE', #2563, 1000.000000000000000 ) ;
#4223 = DIRECTION ( 'NONE',  ( -0.0000000000000000000, -0.0000000000000000000, -1.000000000000000000 ) ) ;
#4224 = CARTESIAN_POINT ( 'NONE',  ( -2.600000000000000500, -5.189999999999992400, 0.0000000000000000000 ) ) ;
#4225 = DIRECTION ( 'NONE',  ( 3.469446951953611000E-015, -1.000000000000000000, 0.0000000000000000000 ) ) ;
#4226 = FILL_AREA_STYLE ('',( #2705 ) ) ;
#4227 = VECTOR ( 'NONE', #3234, 1000.000000000000000 ) ;
#4228 = ORIENTED_EDGE ( 'NONE', *, *, #4643, .F. ) ;
#4229 = EDGE_CURVE ( 'NONE', #223, #511, #1893, .T. ) ;
#4230 = VECTOR ( 'NONE', #826, 1000.000000000000100 ) ;
#4231 = LINE ( 'NONE', #1520, #3240 ) ;
#4232 = VERTEX_POINT ( 'NONE', #4661 ) ;
#4233 = DIRECTION ( 'NONE',  ( 1.000000000000000000, 0.0000000000000000000, 0.0000000000000000000 ) ) ;
#4234 = SURFACE_SIDE_STYLE ('',( #3917 ) ) ;
#4235 = CARTESIAN_POINT ( 'NONE',  ( -4.950000000000000200, 5.190000000000000400, -9.194034422677077600E-014 ) ) ;
#4236 = EDGE_LOOP ( 'NONE', ( #666, #3968, #4212, #1768 ) ) ;
#4237 =( LENGTH_UNIT ( ) NAMED_UNIT ( * ) SI_UNIT ( .MILLI., .METRE. ) );
#4238 = LINE ( 'NONE', #542, #2731 ) ;
#4239 = EDGE_CURVE ( 'NONE', #3396, #503, #1831, .T. ) ;
#4240 = DIRECTION ( 'NONE',  ( 1.000000000000000000, 9.311383363699040200E-015, -0.0000000000000000000 ) ) ;
#4241 = ADVANCED_FACE ( 'NONE', ( #2811 ), #564, .F. ) ;
#4242 = EDGE_CURVE ( 'NONE', #1554, #166, #854, .T. ) ;
#4243 = EDGE_LOOP ( 'NONE', ( #3221, #3202, #4566, #4571, #1478, #4658, #3446, #3576, #4799, #687, #3990, #4032, #319, #3515, #2120, #3811 ) ) ;
#4244 = DIRECTION ( 'NONE',  ( 3.469446951953611000E-015, 1.000000000000000000, 0.0000000000000000000 ) ) ;
#4245 = CARTESIAN_POINT ( 'NONE',  ( 3.230000000000001300, -5.539999999999977800, 0.0000000000000000000 ) ) ;
#4246 = DIRECTION ( 'NONE',  ( 0.0000000000000000000, 0.0000000000000000000, -1.000000000000000000 ) ) ;
#4247 = EDGE_CURVE ( 'NONE', #4251, #316, #490, .T. ) ;
#4248 = FACE_OUTER_BOUND ( 'NONE', #4801, .T. ) ;
#4249 = EDGE_CURVE ( 'NONE', #2357, #3315, #1825, .T. ) ;
#4250 = CARTESIAN_POINT ( 'NONE',  ( -3.400000000000000800, -5.789999999999998300, 0.5000000000000000000 ) ) ;
#4251 = VERTEX_POINT ( 'NONE', #1303 ) ;
#4252 = LINE ( 'NONE', #1516, #1196 ) ;
#4253 = ORIENTED_EDGE ( 'NONE', *, *, #2287, .T. ) ;
#4254 = EDGE_LOOP ( 'NONE', ( #1913, #1561, #3319, #2699 ) ) ;
#4255 = CARTESIAN_POINT ( 'NONE',  ( 0.1999999999999985700, -4.639999999999997900, 0.5000000000000000000 ) ) ;
#4256 = CARTESIAN_POINT ( 'NONE',  ( -0.2000000000000011800, -5.789999999999998300, 0.5000000000000000000 ) ) ;
#4257 = FACE_OUTER_BOUND ( 'NONE', #4139, .T. ) ;
#4258 = VECTOR ( 'NONE', #1756, 1000.000000000000000 ) ;
#4259 = ORIENTED_EDGE ( 'NONE', *, *, #766, .T. ) ;
#4260 = DIRECTION ( 'NONE',  ( 1.000000000000000000, 0.0000000000000000000, 0.0000000000000000000 ) ) ;
#4261 = ORIENTED_EDGE ( 'NONE', *, *, #4057, .F. ) ;
#4262 = ADVANCED_FACE ( 'NONE', ( #3795 ), #2773, .T. ) ;
#4263 = CARTESIAN_POINT ( 'NONE',  ( -0.2000000000000015400, -5.189999999999992400, 0.0000000000000000000 ) ) ;
#4264 = ORIENTED_EDGE ( 'NONE', *, *, #4057, .T. ) ;
#4265 = VECTOR ( 'NONE', #2838, 1000.000000000000000 ) ;
#4266 = ORIENTED_EDGE ( 'NONE', *, *, #2993, .F. ) ;
#4267 = CARTESIAN_POINT ( 'NONE',  ( 3.799999999999998000, -5.789999999999967200, 0.5000000000000000000 ) ) ;
#4268 = EDGE_CURVE ( 'NONE', #2388, #4325, #1418, .T. ) ;
#4269 = FACE_OUTER_BOUND ( 'NONE', #3916, .T. ) ;
#4270 = EDGE_LOOP ( 'NONE', ( #4563, #1822, #1455, #4659, #4218 ) ) ;
#4271 = EDGE_CURVE ( 'NONE', #1052, #3111, #3395, .T. ) ;
#4272 = ORIENTED_EDGE ( 'NONE', *, *, #3257, .F. ) ;
#4273 = VERTEX_POINT ( 'NONE', #1692 ) ;
#4274 = VECTOR ( 'NONE', #2554, 1000.000000000000000 ) ;
#4275 = PLANE ( 'NONE',  #3729 ) ;
#4276 = ORIENTED_EDGE ( 'NONE', *, *, #1816, .T. ) ;
#4277 = ORIENTED_EDGE ( 'NONE', *, *, #3564, .T. ) ;
#4278 = LINE ( 'NONE', #3061, #403 ) ;
#4279 = MECHANICAL_DESIGN_GEOMETRIC_PRESENTATION_REPRESENTATION (  '', ( #1731 ), #4714 ) ;
#4280 = LINE ( 'NONE', #1483, #2197 ) ;
#4281 = ORIENTED_EDGE ( 'NONE', *, *, #3867, .T. ) ;
#4282 = DIRECTION ( 'NONE',  ( -1.000000000000000000, -0.0000000000000000000, -0.0000000000000000000 ) ) ;
#4283 = ADVANCED_FACE ( 'NONE', ( #2170 ), #1680, .T. ) ;
#4284 = VECTOR ( 'NONE', #907, 1000.000000000000000 ) ;
#4285 = DIRECTION ( 'NONE',  ( 0.0000000000000000000, 0.0000000000000000000, -1.000000000000000000 ) ) ;
#4286 = EDGE_LOOP ( 'NONE', ( #1152, #4677, #1497, #4059 ) ) ;
#4287 = FACE_OUTER_BOUND ( 'NONE', #1155, .T. ) ;
#4288 = CARTESIAN_POINT ( 'NONE',  ( -2.029999999999999800, -5.790000000000022200, 0.1000000000000000100 ) ) ;
#4289 = ORIENTED_EDGE ( 'NONE', *, *, #46, .F. ) ;
#4290 = EDGE_CURVE ( 'NONE', #1426, #3444, #2048, .T. ) ;
#4291 = SURFACE_STYLE_USAGE ( .BOTH. , #202 ) ;
#4292 = PLANE ( 'NONE',  #582 ) ;
#4293 = ORIENTED_EDGE ( 'NONE', *, *, #3951, .T. ) ;
#4294 = EDGE_CURVE ( 'NONE', #4444, #1703, #1701, .T. ) ;
#4295 = DIRECTION ( 'NONE',  ( 0.0000000000000000000, -1.000000000000000000, 0.0000000000000000000 ) ) ;
#4296 = CARTESIAN_POINT ( 'NONE',  ( -1.400000000000001000, -5.789999999999998300, 0.0000000000000000000 ) ) ;
#4297 = AXIS2_PLACEMENT_3D ( 'NONE', #1576, #1972, #4156 ) ;
#4298 = ORIENTED_EDGE ( 'NONE', *, *, #2287, .F. ) ;
#4299 =( LENGTH_UNIT ( ) NAMED_UNIT ( * ) SI_UNIT ( .MILLI., .METRE. ) );
#4300 =( LENGTH_UNIT ( ) NAMED_UNIT ( * ) SI_UNIT ( .MILLI., .METRE. ) );
#4301 = CARTESIAN_POINT ( 'NONE',  ( 2.030000000000001100, -5.539999999999989400, 0.0000000000000000000 ) ) ;
#4302 = VECTOR ( 'NONE', #3037, 1000.000000000000000 ) ;
#4303 = ORIENTED_EDGE ( 'NONE', *, *, #877, .T. ) ;
#4304 = ORIENTED_EDGE ( 'NONE', *, *, #2579, .T. ) ;
#4305 = EDGE_CURVE ( 'NONE', #1715, #3630, #4611, .T. ) ;
#4306 = VECTOR ( 'NONE', #4318, 1000.000000000000000 ) ;
#4307 = CARTESIAN_POINT ( 'NONE',  ( -0.2000000000000011800, -5.789999999999998300, 0.0000000000000000000 ) ) ;
#4308 = VECTOR ( 'NONE', #4681, 1000.000000000000000 ) ;
#4309 = DIRECTION ( 'NONE',  ( -1.000000000000000000, 0.0000000000000000000, 0.0000000000000000000 ) ) ;
#4310 = ORIENTED_EDGE ( 'NONE', *, *, #3203, .T. ) ;
#4311 = PLANE ( 'NONE',  #679 ) ;
#4312 = ORIENTED_EDGE ( 'NONE', *, *, #335, .F. ) ;
#4313 = VECTOR ( 'NONE', #4260, 1000.000000000000000 ) ;
#4314 = EDGE_LOOP ( 'NONE', ( #1501, #3244, #3947, #97 ) ) ;
#4315 = AXIS2_PLACEMENT_3D ( 'NONE', #3756, #1536, #4530 ) ;
#4316 = ORIENTED_EDGE ( 'NONE', *, *, #4494, .T. ) ;
#4317 = CARTESIAN_POINT ( 'NONE',  ( -4.600000000000001400, -5.789999999999987600, 0.5000000000000000000 ) ) ;
#4318 = DIRECTION ( 'NONE',  ( 1.000000000000000000, 0.0000000000000000000, 0.0000000000000000000 ) ) ;
#4319 = VECTOR ( 'NONE', #3293, 1000.000000000000000 ) ;
#4320 = CARTESIAN_POINT ( 'NONE',  ( -1.000000000000000900, -4.639999999999997900, 0.5000000000000000000 ) ) ;
#4321 = ORIENTED_EDGE ( 'NONE', *, *, #1579, .F. ) ;
#4322 = VERTEX_POINT ( 'NONE', #3189 ) ;
#4323 = ORIENTED_EDGE ( 'NONE', *, *, #2024, .F. ) ;
#4324 = VECTOR ( 'NONE', #2583, 1000.000000000000000 ) ;
#4325 = VERTEX_POINT ( 'NONE', #3136 ) ;
#4326 = CARTESIAN_POINT ( 'NONE',  ( -1.400000000000001000, -4.639999999999997900, 0.5000000000000000000 ) ) ;
#4327 = CARTESIAN_POINT ( 'NONE',  ( 2.199999999999998000, -4.639999999999998800, 0.5000000000000000000 ) ) ;
#4328 = ORIENTED_EDGE ( 'NONE', *, *, #3951, .F. ) ;
#4329 = ORIENTED_EDGE ( 'NONE', *, *, #295, .T. ) ;
#4330 = VECTOR ( 'NONE', #535, 1000.000000000000000 ) ;
#4331 = LINE ( 'NONE', #2962, #2475 ) ;
#4332 = ADVANCED_FACE ( 'NONE', ( #4501 ), #4599, .T. ) ;
#4333 = CARTESIAN_POINT ( 'NONE',  ( -1.000000000000000900, -4.639999999999997900, 0.0000000000000000000 ) ) ;
#4334 = LINE ( 'NONE', #3040, #2364 ) ;
#4335 = CARTESIAN_POINT ( 'NONE',  ( -2.200000000000001100, -5.789999999999998300, 0.0000000000000000000 ) ) ;
#4336 = ORIENTED_EDGE ( 'NONE', *, *, #4675, .T. ) ;
#4337 = LINE ( 'NONE', #3346, #2664 ) ;
#4338 = EDGE_CURVE ( 'NONE', #1959, #3682, #442, .T. ) ;
#4339 = DIRECTION ( 'NONE',  ( -1.000000000000000000, 5.421010862427523200E-016, 0.0000000000000000000 ) ) ;
#4340 = VECTOR ( 'NONE', #2878, 1000.000000000000100 ) ;
#4341 = ORIENTED_EDGE ( 'NONE', *, *, #3203, .F. ) ;
#4342 = EDGE_CURVE ( 'NONE', #1954, #2663, #2396, .T. ) ;
#4343 = ORIENTED_EDGE ( 'NONE', *, *, #244, .F. ) ;
#4344 = LINE ( 'NONE', #3117, #2028 ) ;
#4345 = DIRECTION ( 'NONE',  ( 0.0000000000000000000, 0.0000000000000000000, -1.000000000000000000 ) ) ;
#4346 = DIRECTION ( 'NONE',  ( -0.0000000000000000000, 0.9961946980917454300, 0.08715574274765952600 ) ) ;
#4347 = LINE ( 'NONE', #2271, #3427 ) ;
#4348 = AXIS2_PLACEMENT_3D ( 'NONE', #479, #2720, #866 ) ;
#4349 = PLANE ( 'NONE',  #133 ) ;
#4350 = DIRECTION ( 'NONE',  ( -0.0000000000000000000, -1.000000000000000000, -0.0000000000000000000 ) ) ;
#4351 = ORIENTED_EDGE ( 'NONE', *, *, #39, .T. ) ;
#4352 = DIRECTION ( 'NONE',  ( 0.0000000000000000000, 0.0000000000000000000, -1.000000000000000000 ) ) ;
#4353 = DIRECTION ( 'NONE',  ( -0.0000000000000000000, 1.000000000000000000, 0.0000000000000000000 ) ) ;
#4354 = ADVANCED_FACE ( 'NONE', ( #380 ), #182, .F. ) ;
#4355 = EDGE_CURVE ( 'NONE', #401, #4385, #2580, .T. ) ;
#4356 = DIRECTION ( 'NONE',  ( -0.0000000000000000000, -0.0000000000000000000, -1.000000000000000000 ) ) ;
#4357 = CARTESIAN_POINT ( 'NONE',  ( -4.900000000000000400, 5.190000000000000400, 0.5000000000000000000 ) ) ;
#4358 = VECTOR ( 'NONE', #2521, 1000.000000000000000 ) ;
#4359 = VERTEX_POINT ( 'NONE', #2093 ) ;
#4360 = DIRECTION ( 'NONE',  ( 3.469446951953611000E-015, -1.000000000000000000, 0.0000000000000000000 ) ) ;
#4361 = LINE ( 'NONE', #3698, #796 ) ;
#4362 = LINE ( 'NONE', #2283, #1990 ) ;
#4363 = DIRECTION ( 'NONE',  ( -1.000000000000000000, 5.421010862427523200E-016, 0.0000000000000000000 ) ) ;
#4364 = ORIENTED_EDGE ( 'NONE', *, *, #2615, .T. ) ;
#4365 = ORIENTED_EDGE ( 'NONE', *, *, #3363, .F. ) ;
#4366 = DIRECTION ( 'NONE',  ( 0.0000000000000000000, 0.0000000000000000000, -1.000000000000000000 ) ) ;
#4367 = LINE ( 'NONE', #859, #3746 ) ;
#4368 = VECTOR ( 'NONE', #1067, 1000.000000000000100 ) ;
#4369 = EDGE_LOOP ( 'NONE', ( #4779, #1848, #4328, #2820 ) ) ;
#4370 = EDGE_CURVE ( 'NONE', #4177, #1160, #2518, .T. ) ;
#4371 = CARTESIAN_POINT ( 'NONE',  ( -4.900000000000000400, 5.890000000000001500, 0.5000000000000000000 ) ) ;
#4372 = ORIENTED_EDGE ( 'NONE', *, *, #1351, .T. ) ;
#4373 = CARTESIAN_POINT ( 'NONE',  ( 0.5000000000000000000, 5.690000000000001300, 0.5000000000000000000 ) ) ;
#4374 = VECTOR ( 'NONE', #4384, 1000.000000000000000 ) ;
#4375 = ORIENTED_EDGE ( 'NONE', *, *, #4305, .T. ) ;
#4376 = ADVANCED_FACE ( 'NONE', ( #3557 ), #2849, .T. ) ;
#4377 = DIRECTION ( 'NONE',  ( 0.0000000000000000000, 0.0000000000000000000, -1.000000000000000000 ) ) ;
#4378 = DIRECTION ( 'NONE',  ( -1.000000000000000000, -0.0000000000000000000, 0.0000000000000000000 ) ) ;
#4379 = LINE ( 'NONE', #4498, #3223 ) ;
#4380 = CARTESIAN_POINT ( 'NONE',  ( -4.600000000000001400, -5.789999999999987600, 0.0000000000000000000 ) ) ;
#4381 = ORIENTED_EDGE ( 'NONE', *, *, #2908, .F. ) ;
#4382 = DIRECTION ( 'NONE',  ( -3.469446951953611000E-015, 1.000000000000000000, -0.0000000000000000000 ) ) ;
#4383 = ORIENTED_EDGE ( 'NONE', *, *, #3404, .T. ) ;
#4384 = DIRECTION ( 'NONE',  ( -0.0000000000000000000, -1.000000000000000000, -0.0000000000000000000 ) ) ;
#4385 = VERTEX_POINT ( 'NONE', #1021 ) ;
#4386 = VECTOR ( 'NONE', #2843, 1000.000000000000000 ) ;
#4387 = FACE_OUTER_BOUND ( 'NONE', #421, .T. ) ;
#4388 = EDGE_CURVE ( 'NONE', #1477, #1685, #2226, .T. ) ;
#4389 = ORIENTED_EDGE ( 'NONE', *, *, #531, .F. ) ;
#4390 = CARTESIAN_POINT ( 'NONE',  ( -1.000000000000001100, -5.789999999999998300, 0.5000000000000000000 ) ) ;
#4391 = ORIENTED_EDGE ( 'NONE', *, *, #617, .T. ) ;
#4392 = VECTOR ( 'NONE', #3312, 1000.000000000000000 ) ;
#4393 = EDGE_CURVE ( 'NONE', #3808, #91, #4023, .T. ) ;
#4394 = CARTESIAN_POINT ( 'NONE',  ( 3.399999999999998600, -5.789999999999999100, -0.0000000000000000000 ) ) ;
#4395 = LINE ( 'NONE', #3328, #1446 ) ;
#4396 = ORIENTED_EDGE ( 'NONE', *, *, #4121, .T. ) ;
#4397 = UNCERTAINTY_MEASURE_WITH_UNIT (LENGTH_MEASURE( 1.000000000000000100E-005 ), #4237, 'distance_accuracy_value', 'NONE');
#4398 = CARTESIAN_POINT ( 'NONE',  ( 0.0000000000000000000, 0.0000000000000000000, 0.0000000000000000000 ) ) ;
#4399 = DIRECTION ( 'NONE',  ( -3.469446951953611000E-015, 1.000000000000000000, -0.0000000000000000000 ) ) ;
#4400 = DIRECTION ( 'NONE',  ( -1.000000000000000000, 2.168404344971008100E-015, -0.0000000000000000000 ) ) ;
#4401 = VECTOR ( 'NONE', #2444, 1000.000000000000000 ) ;
#4402 = EDGE_CURVE ( 'NONE', #1221, #778, #958, .T. ) ;
#4403 = CARTESIAN_POINT ( 'NONE',  ( 2.599999999999998300, -4.639999999999998800, 0.5000000000000000000 ) ) ;
#4404 = CARTESIAN_POINT ( 'NONE',  ( -1.569999999999999400, -5.790000000000022200, 0.1000000000000000100 ) ) ;
#4405 = CARTESIAN_POINT ( 'NONE',  ( 1.569999999999999000, -5.539999999999989400, 0.1000000000000000100 ) ) ;
#4406 = ORIENTED_EDGE ( 'NONE', *, *, #2926, .T. ) ;
#4407 = LINE ( 'NONE', #1111, #3598 ) ;
#4408 = EDGE_CURVE ( 'NONE', #875, #4722, #4783, .T. ) ;
#4409 = ADVANCED_FACE ( 'NONE', ( #2292 ), #653, .F. ) ;
#4410 = CARTESIAN_POINT ( 'NONE',  ( 0.0000000000000000000, 0.0000000000000000000, 0.0000000000000000000 ) ) ;
#4411 = CARTESIAN_POINT ( 'NONE',  ( -4.049999999999999800, 5.146255668237037300, 0.4999999999999997800 ) ) ;
#4412 = ORIENTED_EDGE ( 'NONE', *, *, #3025, .F. ) ;
#4413 = DIRECTION ( 'NONE',  ( 1.000000000000000000, -0.0000000000000000000, -0.0000000000000000000 ) ) ;
#4414 = PRESENTATION_LAYER_ASSIGNMENT (  '', '', ( #2106 ) ) ;
#4415 = ORIENTED_EDGE ( 'NONE', *, *, #502, .F. ) ;
#4416 = CARTESIAN_POINT ( 'NONE',  ( -2.600000000000001400, -4.190000000000000400, 0.0000000000000000000 ) ) ;
#4417 = PLANE ( 'NONE',  #3544 ) ;
#4418 = DIRECTION ( 'NONE',  ( -1.070816960479510600E-016, -1.000000000000000000, 0.0000000000000000000 ) ) ;
#4419 = CARTESIAN_POINT ( 'NONE',  ( -2.200000000000001100, -4.189999999999998600, 0.0000000000000000000 ) ) ;
#4420 = PLANE ( 'NONE',  #825 ) ;
#4421 = CARTESIAN_POINT ( 'NONE',  ( 4.050000000000000700, 5.190000000000000400, 0.0000000000000000000 ) ) ;
#4422 = EDGE_CURVE ( 'NONE', #2117, #1317, #1202, .T. ) ;
#4423 = EDGE_LOOP ( 'NONE', ( #620, #2041, #4682, #3751, #1624, #2645, #4733, #2296, #3983, #2692, #3380, #437, #3602, #2316, #4119, #934 ) ) ;
#4424 = DIRECTION ( 'NONE',  ( 1.000000000000000000, 0.0000000000000000000, 0.0000000000000000000 ) ) ;
#4425 = EDGE_CURVE ( 'NONE', #2558, #2487, #95, .T. ) ;
#4426 = VECTOR ( 'NONE', #3554, 1000.000000000000000 ) ;
#4427 = DIRECTION ( 'NONE',  ( 3.469446951953611000E-015, -1.000000000000000000, 0.0000000000000000000 ) ) ;
#4428 = ORIENTED_EDGE ( 'NONE', *, *, #1180, .T. ) ;
#4429 = VERTEX_POINT ( 'NONE', #4296 ) ;
#4430 = SURFACE_STYLE_FILL_AREA ( #3627 ) ;
#4431 = EDGE_CURVE ( 'NONE', #3053, #1173, #315, .T. ) ;
#4432 = ADVANCED_FACE ( 'NONE', ( #3050 ), #2865, .F. ) ;
#4433 = VECTOR ( 'NONE', #3946, 1000.000000000000000 ) ;
#4434 = CARTESIAN_POINT ( 'NONE',  ( 4.260159706419658600, -1.199840293580344100, 2.669884484794914100 ) ) ;
#4435 = ORIENTED_EDGE ( 'NONE', *, *, #3551, .T. ) ;
#4436 = EDGE_CURVE ( 'NONE', #2460, #1097, #2936, .T. ) ;
#4437 = DIRECTION ( 'NONE',  ( -1.000000000000000000, 0.0000000000000000000, 0.0000000000000000000 ) ) ;
#4438 = FACE_OUTER_BOUND ( 'NONE', #3790, .T. ) ;
#4439 = DIRECTION ( 'NONE',  ( 0.0000000000000000000, 1.000000000000000000, 0.0000000000000000000 ) ) ;
#4440 = EDGE_LOOP ( 'NONE', ( #1149, #1408, #1472, #761 ) ) ;
#4441 = ORIENTED_EDGE ( 'NONE', *, *, #1182, .F. ) ;
#4442 = LINE ( 'NONE', #510, #1425 ) ;
#4443 = CARTESIAN_POINT ( 'NONE',  ( 3.399999999999998600, -5.789999999999999100, 0.5000000000000000000 ) ) ;
#4444 = VERTEX_POINT ( 'NONE', #302 ) ;
#4445 = DIRECTION ( 'NONE',  ( -1.000000000000000000, 0.0000000000000000000, 0.0000000000000000000 ) ) ;
#4446 = AXIS2_PLACEMENT_3D ( 'NONE', #692, #2205, #3 ) ;
#4447 = ORIENTED_EDGE ( 'NONE', *, *, #994, .T. ) ;
#4448 = ORIENTED_EDGE ( 'NONE', *, *, #2984, .T. ) ;
#4449 = VECTOR ( 'NONE', #310, 1000.000000000000000 ) ;
#4450 = ORIENTED_EDGE ( 'NONE', *, *, #1054, .T. ) ;
#4451 = DIRECTION ( 'NONE',  ( 1.000000000000000000, -0.0000000000000000000, 0.0000000000000000000 ) ) ;
#4452 = CARTESIAN_POINT ( 'NONE',  ( -3.849999999999999600, 5.890000000000001500, 0.0000000000000000000 ) ) ;
#4453 = CARTESIAN_POINT ( 'NONE',  ( -3.800000000000000300, -5.789999999999998300, 0.0000000000000000000 ) ) ;
#4454 = ORIENTED_EDGE ( 'NONE', *, *, #4064, .T. ) ;
#4455 = DIRECTION ( 'NONE',  ( -1.000000000000000000, 0.0000000000000000000, 0.0000000000000000000 ) ) ;
#4456 = ORIENTED_EDGE ( 'NONE', *, *, #3903, .T. ) ;
#4457 = LINE ( 'NONE', #2334, #1443 ) ;
#4458 = AXIS2_PLACEMENT_3D ( 'NONE', #4712, #3251, #2833 ) ;
#4459 = LINE ( 'NONE', #1852, #405 ) ;
#4460 = CARTESIAN_POINT ( 'NONE',  ( -0.3699999999999996600, -5.790000000000012500, 0.0000000000000000000 ) ) ;
#4461 = DIRECTION ( 'NONE',  ( 0.0000000000000000000, -0.08715574274765466900, 0.9961946980917457700 ) ) ;
#4462 = CARTESIAN_POINT ( 'NONE',  ( 2.030000000000001100, -5.539999999999989400, 0.0000000000000000000 ) ) ;
#4463 = LINE ( 'NONE', #463, #521 ) ;
#4464 = VERTEX_POINT ( 'NONE', #4746 ) ;
#4465 = VECTOR ( 'NONE', #3799, 1000.000000000000000 ) ;
#4466 = EDGE_CURVE ( 'NONE', #459, #960, #732, .T. ) ;
#4467 = VECTOR ( 'NONE', #3834, 1000.000000000000000 ) ;
#4468 = ORIENTED_EDGE ( 'NONE', *, *, #69, .F. ) ;
#4469 = UNCERTAINTY_MEASURE_WITH_UNIT (LENGTH_MEASURE( 1.000000000000000100E-005 ), #3713, 'distance_accuracy_value', 'NONE');
#4470 = VERTEX_POINT ( 'NONE', #610 ) ;
#4471 = VECTOR ( 'NONE', #3015, 1000.000000000000000 ) ;
#4472 = MECHANICAL_DESIGN_GEOMETRIC_PRESENTATION_REPRESENTATION (  '', ( #3532 ), #989 ) ;
#4473 = PLANE ( 'NONE',  #2862 ) ;
#4474 = CARTESIAN_POINT ( 'NONE',  ( -2.200000000000001100, -5.789999999999998300, 0.5000000000000000000 ) ) ;
#4475 = DIRECTION ( 'NONE',  ( 1.084202172485505200E-015, -1.000000000000000000, -0.0000000000000000000 ) ) ;
#4476 = VERTEX_POINT ( 'NONE', #2144 ) ;
#4477 = DIRECTION ( 'NONE',  ( -1.000000000000000000, -1.885568995626964500E-016, 0.0000000000000000000 ) ) ;
#4478 = DIRECTION ( 'NONE',  ( 0.0000000000000000000, -1.000000000000000000, 0.0000000000000000000 ) ) ;
#4479 = DIRECTION ( 'NONE',  ( -1.000000000000000000, -0.0000000000000000000, -0.0000000000000000000 ) ) ;
#4480 = EDGE_CURVE ( 'NONE', #3297, #2412, #2644, .T. ) ;
#4481 = ORIENTED_EDGE ( 'NONE', *, *, #4510, .T. ) ;
#4482 = CARTESIAN_POINT ( 'NONE',  ( -4.650000000000000400, -1.010000000000000500, 0.4000000000000000200 ) ) ;
#4483 = AXIS2_PLACEMENT_3D ( 'NONE', #1849, #2940, #2211 ) ;
#4484 = PLANE ( 'NONE',  #2710 ) ;
#4485 = DIRECTION ( 'NONE',  ( 3.469446951953611000E-015, 1.000000000000000000, 0.0000000000000000000 ) ) ;
#4486 = DIRECTION ( 'NONE',  ( -1.000000000000000000, 0.0000000000000000000, 0.0000000000000000000 ) ) ;
#4487 = CARTESIAN_POINT ( 'NONE',  ( 0.1999999999999985700, -4.639999999999997900, 0.5000000000000000000 ) ) ;
#4488 = LINE ( 'NONE', #266, #194 ) ;
#4489 = EDGE_CURVE ( 'NONE', #3704, #3887, #601, .T. ) ;
#4490 = DIRECTION ( 'NONE',  ( 1.000000000000000000, 8.131516293641294100E-016, 0.0000000000000000000 ) ) ;
#4491 = ORIENTED_EDGE ( 'NONE', *, *, #3186, .T. ) ;
#4492 = LINE ( 'NONE', #1333, #3042 ) ;
#4493 = VECTOR ( 'NONE', #2160, 1000.000000000000000 ) ;
#4494 = EDGE_CURVE ( 'NONE', #3682, #1341, #3905, .T. ) ;
#4495 = ORIENTED_EDGE ( 'NONE', *, *, #4570, .F. ) ;
#4496 = CLOSED_SHELL ( 'NONE', ( #3782, #3120, #360, #4332, #1007, #3012, #2760, #4217, #3529, #2217, #3944, #2169, #4774, #1306, #1836, #2737, #4089, #1059 ) ) ;
#4497 = CARTESIAN_POINT ( 'NONE',  ( -2.770000000000000000, -5.790000000000033800, 0.1000000000000000100 ) ) ;
#4498 = CARTESIAN_POINT ( 'NONE',  ( -2.600000000000001400, -4.190000000000000400, 0.5000000000000000000 ) ) ;
#4499 = VECTOR ( 'NONE', #990, 1000.000000000000000 ) ;
#4500 = AXIS2_PLACEMENT_3D ( 'NONE', #941, #520, #4225 ) ;
#4501 = FACE_OUTER_BOUND ( 'NONE', #811, .T. ) ;
#4502 = VERTEX_POINT ( 'NONE', #1420 ) ;
#4503 = VERTEX_POINT ( 'NONE', #1866 ) ;
#4504 = EDGE_CURVE ( 'NONE', #2931, #4099, #670, .T. ) ;
#4505 = CARTESIAN_POINT ( 'NONE',  ( -2.600000000000000500, -5.789999999999998300, 0.0000000000000000000 ) ) ;
#4506 = DIRECTION ( 'NONE',  ( 1.643381663158173200E-017, -0.08715574274765466900, -0.9961946980917457700 ) ) ;
#4507 = LINE ( 'NONE', #3629, #390 ) ;
#4508 = CARTESIAN_POINT ( 'NONE',  ( 0.1999999999999986800, -5.146255668237032000, 0.5000000000000000000 ) ) ;
#4509 = ORIENTED_EDGE ( 'NONE', *, *, #1386, .F. ) ;
#4510 = EDGE_CURVE ( 'NONE', #2171, #2533, #3206, .T. ) ;
#4511 = VECTOR ( 'NONE', #429, 1000.000000000000000 ) ;
#4512 = EDGE_LOOP ( 'NONE', ( #1320, #2049, #3567, #817, #733, #1056, #167, #4070 ) ) ;
#4513 = ORIENTED_EDGE ( 'NONE', *, *, #2137, .F. ) ;
#4514 = DIRECTION ( 'NONE',  ( 1.000000000000000000, -0.0000000000000000000, -0.0000000000000000000 ) ) ;
#4515 = ORIENTED_EDGE ( 'NONE', *, *, #3436, .T. ) ;
#4516 = LINE ( 'NONE', #4411, #3174 ) ;
#4517 =( NAMED_UNIT ( * ) SI_UNIT ( $, .STERADIAN. ) SOLID_ANGLE_UNIT ( ) );
#4518 = EDGE_LOOP ( 'NONE', ( #1050, #3879, #3942, #365 ) ) ;
#4519 = VECTOR ( 'NONE', #1817, 1000.000000000000000 ) ;
#4520 =( LENGTH_UNIT ( ) NAMED_UNIT ( * ) SI_UNIT ( .MILLI., .METRE. ) );
#4521 = DIRECTION ( 'NONE',  ( 1.000000000000000000, -3.469446951953611000E-015, 0.0000000000000000000 ) ) ;
#4522 = CARTESIAN_POINT ( 'NONE',  ( -4.600000000000001400, -5.189999999999992400, 0.0000000000000000000 ) ) ;
#4523 = LINE ( 'NONE', #2153, #3526 ) ;
#4524 = VERTEX_POINT ( 'NONE', #2561 ) ;
#4525 = DIRECTION ( 'NONE',  ( -0.0000000000000000000, -0.08715574274765466900, -0.9961946980917457700 ) ) ;
#4526 = EDGE_CURVE ( 'NONE', #1907, #4790, #550, .T. ) ;
#4527 = VECTOR ( 'NONE', #695, 1000.000000000000000 ) ;
#4528 = EDGE_CURVE ( 'NONE', #2882, #459, #1257, .T. ) ;
#4529 = EDGE_LOOP ( 'NONE', ( #1987, #4261, #3163, #2012 ) ) ;
#4530 = DIRECTION ( 'NONE',  ( -7.542275982507858100E-016, 1.000000000000000000, 0.0000000000000000000 ) ) ;
#4531 = FACE_OUTER_BOUND ( 'NONE', #3158, .T. ) ;
#4532 = AXIS2_PLACEMENT_3D ( 'NONE', #4539, #2284, #1229 ) ;
#4533 = ADVANCED_FACE ( 'NONE', ( #4207 ), #1090, .F. ) ;
#4534 = VERTEX_POINT ( 'NONE', #1441 ) ;
#4535 = DIRECTION ( 'NONE',  ( -3.469446951953611000E-015, -1.000000000000000000, 0.0000000000000000000 ) ) ;
#4536 = DIRECTION ( 'NONE',  ( 0.0000000000000000000, -0.0000000000000000000, -1.000000000000000000 ) ) ;
#4537 = DIRECTION ( 'NONE',  ( 0.0000000000000000000, 1.000000000000000000, 0.0000000000000000000 ) ) ;
#4538 = DIRECTION ( 'NONE',  ( 0.0000000000000000000, 0.0000000000000000000, -1.000000000000000000 ) ) ;
#4539 = CARTESIAN_POINT ( 'NONE',  ( -2.030000000000000700, -5.540000000000022200, 0.1000000000000000100 ) ) ;
#4540 = EDGE_LOOP ( 'NONE', ( #3230, #2776, #4381, #1345 ) ) ;
#4541 = AXIS2_PLACEMENT_3D ( 'NONE', #4474, #42, #1543 ) ;
#4542 = CARTESIAN_POINT ( 'NONE',  ( -2.769999999999999100, -5.540000000000033800, 0.1000000000000000100 ) ) ;
#4543 = VECTOR ( 'NONE', #12, 1000.000000000000000 ) ;
#4544 = PRODUCT_DEFINITION ( 'UNKNOWN', '', #976, #629 ) ;
#4545 = LINE ( 'NONE', #944, #2573 ) ;
#4546 = ORIENTED_EDGE ( 'NONE', *, *, #937, .F. ) ;
#4547 = SURFACE_STYLE_USAGE ( .BOTH. , #2655 ) ;
#4548 = ORIENTED_EDGE ( 'NONE', *, *, #2676, .T. ) ;
#4549 = CARTESIAN_POINT ( 'NONE',  ( 0.9999999999999981100, -4.639999999999997900, 0.5000000000000000000 ) ) ;
#4550 = EDGE_CURVE ( 'NONE', #459, #2769, #147, .T. ) ;
#4551 = VECTOR ( 'NONE', #639, 1000.000000000000000 ) ;
#4552 = CARTESIAN_POINT ( 'NONE',  ( -0.2000000000000018200, -4.639999999999997900, 0.0000000000000000000 ) ) ;
#4553 = VECTOR ( 'NONE', #917, 1000.000000000000000 ) ;
#4554 = ORIENTED_EDGE ( 'NONE', *, *, #3924, .F. ) ;
#4555 = VERTEX_POINT ( 'NONE', #776 ) ;
#4556 = EDGE_CURVE ( 'NONE', #3063, #1389, #797, .T. ) ;
#4557 = LINE ( 'NONE', #935, #4499 ) ;
#4558 = FACE_OUTER_BOUND ( 'NONE', #3421, .T. ) ;
#4559 = ORIENTED_EDGE ( 'NONE', *, *, #2665, .F. ) ;
#4560 = DIRECTION ( 'NONE',  ( -1.000000000000000000, -3.469446951953611000E-015, 0.0000000000000000000 ) ) ;
#4561 = VECTOR ( 'NONE', #1781, 1000.000000000000000 ) ;
#4562 = ORIENTED_EDGE ( 'NONE', *, *, #3903, .F. ) ;
#4563 = ORIENTED_EDGE ( 'NONE', *, *, #1538, .F. ) ;
#4564 = CARTESIAN_POINT ( 'NONE',  ( 4.450000000000001100, 1.989999999999999100, 0.4000000000000000200 ) ) ;
#4565 = CARTESIAN_POINT ( 'NONE',  ( -3.399999999999999900, -4.189999999999999500, 0.0000000000000000000 ) ) ;
#4566 = ORIENTED_EDGE ( 'NONE', *, *, #2414, .F. ) ;
#4567 = PLANE ( 'NONE',  #837 ) ;
#4568 = ORIENTED_EDGE ( 'NONE', *, *, #1193, .F. ) ;
#4569 = VECTOR ( 'NONE', #2206, 1000.000000000000000 ) ;
#4570 = EDGE_CURVE ( 'NONE', #3498, #2022, #3969, .T. ) ;
#4571 = ORIENTED_EDGE ( 'NONE', *, *, #2394, .F. ) ;
#4572 = ORIENTED_EDGE ( 'NONE', *, *, #1752, .T. ) ;
#4573 = EDGE_LOOP ( 'NONE', ( #2716, #2813, #500, #2457 ) ) ;
#4574 = CARTESIAN_POINT ( 'NONE',  ( -4.600000000000000500, -4.189999999999988000, 0.5000000000000000000 ) ) ;
#4575 = LINE ( 'NONE', #1337, #407 ) ;
#4576 = ORIENTED_EDGE ( 'NONE', *, *, #2926, .F. ) ;
#4577 = VECTOR ( 'NONE', #59, 1000.000000000000000 ) ;
#4578 = AXIS2_PLACEMENT_3D ( 'NONE', #2871, #4353, #305 ) ;
#4579 = VECTOR ( 'NONE', #4345, 1000.000000000000000 ) ;
#4580 = EDGE_LOOP ( 'NONE', ( #4736, #2305, #2724, #962 ) ) ;
#4581 = CARTESIAN_POINT ( 'NONE',  ( 4.875365311719543000, 5.115365311719542300, 0.8530783906458571100 ) ) ;
#4582 = PLANE ( 'NONE',  #37 ) ;
#4583 =( LENGTH_UNIT ( ) NAMED_UNIT ( * ) SI_UNIT ( .MILLI., .METRE. ) );
#4584 = ORIENTED_EDGE ( 'NONE', *, *, #4187, .T. ) ;
#4585 = ADVANCED_FACE ( 'NONE', ( #3094 ), #2920, .T. ) ;
#4586 = LINE ( 'NONE', #2996, #4471 ) ;
#4587 = EDGE_CURVE ( 'NONE', #1869, #326, #3342, .T. ) ;
#4588 = LINE ( 'NONE', #2626, #2559 ) ;
#4589 = VERTEX_POINT ( 'NONE', #4026 ) ;
#4590 =( GEOMETRIC_REPRESENTATION_CONTEXT ( 3 ) GLOBAL_UNCERTAINTY_ASSIGNED_CONTEXT ( ( #2023 ) ) GLOBAL_UNIT_ASSIGNED_CONTEXT ( ( #3035, #827, #3777 ) ) REPRESENTATION_CONTEXT ( 'NONE', 'WORKASPACE' ) );
#4591 = CARTESIAN_POINT ( 'NONE',  ( 0.0000000000000000000, -5.146255668237032000, 0.5000000000000000000 ) ) ;
#4592 =( NAMED_UNIT ( * ) PLANE_ANGLE_UNIT ( ) SI_UNIT ( $, .RADIAN. ) );
#4593 = EDGE_CURVE ( 'NONE', #4741, #4780, #40, .T. ) ;
#4594 = ORIENTED_EDGE ( 'NONE', *, *, #3314, .F. ) ;
#4595 = EDGE_CURVE ( 'NONE', #1276, #1719, #2637, .T. ) ;
#4596 = CARTESIAN_POINT ( 'NONE',  ( 3.850000000000000500, 5.890000000000000600, 0.5000000000000000000 ) ) ;
#4597 = DIRECTION ( 'NONE',  ( 0.0000000000000000000, -1.000000000000000000, 0.0000000000000000000 ) ) ;
#4598 = APPLICATION_CONTEXT ( 'automotive_design' ) ;
#4599 = PLANE ( 'NONE',  #175 ) ;
#4600 = LINE ( 'NONE', #3172, #85 ) ;
#4601 = AXIS2_PLACEMENT_3D ( 'NONE', #2436, #587, #220 ) ;
#4602 = DIRECTION ( 'NONE',  ( 1.000000000000000000, -0.0000000000000000000, 0.0000000000000000000 ) ) ;
#4603 = ADVANCED_FACE ( 'NONE', ( #1541 ), #374, .T. ) ;
#4604 = CARTESIAN_POINT ( 'NONE',  ( -2.030000000000000700, -5.540000000000022200, 0.1000000000000000100 ) ) ;
#4605 = VECTOR ( 'NONE', #2575, 1000.000000000000000 ) ;
#4606 = VECTOR ( 'NONE', #3716, 1000.000000000000100 ) ;
#4607 = VERTEX_POINT ( 'NONE', #1457 ) ;
#4608 = UNCERTAINTY_MEASURE_WITH_UNIT (LENGTH_MEASURE( 1.000000000000000100E-005 ), #4520, 'distance_accuracy_value', 'NONE');
#4609 = LINE ( 'NONE', #4591, #1255 ) ;
#4610 = DIRECTION ( 'NONE',  ( -1.000000000000000000, 2.168404344971012800E-015, 0.0000000000000000000 ) ) ;
#4611 = LINE ( 'NONE', #581, #4144 ) ;
#4612 = CARTESIAN_POINT ( 'NONE',  ( 3.230000000000001300, -5.539999999999977800, 0.1000000000000000100 ) ) ;
#4613 = SURFACE_STYLE_USAGE ( .BOTH. , #131 ) ;
#4614 = VECTOR ( 'NONE', #3764, 1000.000000000000000 ) ;
#4615 = ORIENTED_EDGE ( 'NONE', *, *, #21, .F. ) ;
#4616 = EDGE_CURVE ( 'NONE', #1101, #3392, #3749, .T. ) ;
#4617 = ORIENTED_EDGE ( 'NONE', *, *, #2908, .T. ) ;
#4618 = VECTOR ( 'NONE', #584, 1000.000000000000100 ) ;
#4619 = EDGE_LOOP ( 'NONE', ( #1284, #447, #850, #2524 ) ) ;
#4620 = DIRECTION ( 'NONE',  ( -0.0000000000000000000, -0.0000000000000000000, -1.000000000000000000 ) ) ;
#4621 =( NAMED_UNIT ( * ) PLANE_ANGLE_UNIT ( ) SI_UNIT ( $, .RADIAN. ) );
#4622 = DIRECTION ( 'NONE',  ( 1.000000000000000000, 8.131516293641294100E-016, -0.0000000000000000000 ) ) ;
#4623 = LINE ( 'NONE', #173, #3405 ) ;
#4624 = FILL_AREA_STYLE ('',( #4640 ) ) ;
#4625 = ORIENTED_EDGE ( 'NONE', *, *, #4688, .F. ) ;
#4626 = PRESENTATION_LAYER_ASSIGNMENT (  '', '', ( #1731 ) ) ;
#4627 = EDGE_LOOP ( 'NONE', ( #3921, #73, #3009, #1777 ) ) ;
#4628 = ORIENTED_EDGE ( 'NONE', *, *, #3224, .F. ) ;
#4629 = FACE_OUTER_BOUND ( 'NONE', #2370, .T. ) ;
#4630 = VECTOR ( 'NONE', #1377, 1000.000000000000000 ) ;
#4631 = DIRECTION ( 'NONE',  ( 0.0000000000000000000, 1.000000000000000000, 0.0000000000000000000 ) ) ;
#4632 = DIRECTION ( 'NONE',  ( -1.000000000000000000, -9.311383363699040200E-015, 0.0000000000000000000 ) ) ;
#4633 = ORIENTED_EDGE ( 'NONE', *, *, #4504, .F. ) ;
#4634 = ADVANCED_FACE ( 'NONE', ( #2234 ), #3337, .T. ) ;
#4635 = EDGE_CURVE ( 'NONE', #1698, #4251, #4080, .T. ) ;
#4636 = CARTESIAN_POINT ( 'NONE',  ( 3.230000000000001300, -5.539999999999977800, 0.0000000000000000000 ) ) ;
#4637 = VECTOR ( 'NONE', #3637, 1000.000000000000000 ) ;
#4638 = ORIENTED_EDGE ( 'NONE', *, *, #2690, .T. ) ;
#4639 = DIRECTION ( 'NONE',  ( -3.469446951953611000E-015, 1.000000000000000000, -0.0000000000000000000 ) ) ;
#4640 = FILL_AREA_STYLE_COLOUR ( '', #4735 ) ;
#4641 = VECTOR ( 'NONE', #2481, 1000.000000000000000 ) ;
#4642 = LINE ( 'NONE', #2977, #2273 ) ;
#4643 = EDGE_CURVE ( 'NONE', #3111, #1276, #1019, .T. ) ;
#4644 = DIRECTION ( 'NONE',  ( 0.0000000000000000000, -1.000000000000000000, -0.0000000000000000000 ) ) ;
#4645 = CARTESIAN_POINT ( 'NONE',  ( -0.8300000000000008500, -5.540000000000011600, 0.1000000000000000100 ) ) ;
#4646 = EDGE_CURVE ( 'NONE', #1461, #1052, #804, .T. ) ;
#4647 = ORIENTED_EDGE ( 'NONE', *, *, #3585, .T. ) ;
#4648 = DIRECTION ( 'NONE',  ( -3.469446951953611000E-015, 1.000000000000000000, -0.0000000000000000000 ) ) ;
#4649 = ORIENTED_EDGE ( 'NONE', *, *, #1905, .T. ) ;
#4650 = SURFACE_STYLE_USAGE ( .BOTH. , #2798 ) ;
#4651 = ADVANCED_FACE ( 'NONE', ( #143 ), #1560, .F. ) ;
#4652 = DIRECTION ( 'NONE',  ( -3.469446951953611000E-015, 1.000000000000000000, -0.0000000000000000000 ) ) ;
#4653 = FACE_OUTER_BOUND ( 'NONE', #3639, .T. ) ;
#4654 = EDGE_CURVE ( 'NONE', #960, #3169, #3614, .T. ) ;
#4655 = CARTESIAN_POINT ( 'NONE',  ( 4.650000000000000400, -1.010000000000000500, 0.5000000000000000000 ) ) ;
#4656 = DIRECTION ( 'NONE',  ( -0.0000000000000000000, -0.0000000000000000000, -1.000000000000000000 ) ) ;
#4657 = VECTOR ( 'NONE', #967, 1000.000000000000000 ) ;
#4658 = ORIENTED_EDGE ( 'NONE', *, *, #3551, .F. ) ;
#4659 = ORIENTED_EDGE ( 'NONE', *, *, #4180, .T. ) ;
#4660 = CARTESIAN_POINT ( 'NONE',  ( 1.569999999999999800, -5.789999999999989400, 0.1000000000000000100 ) ) ;
#4661 = CARTESIAN_POINT ( 'NONE',  ( -2.200000000000001100, -4.189999999999998600, 0.5000000000000000000 ) ) ;
#4662 =( GEOMETRIC_REPRESENTATION_CONTEXT ( 3 ) GLOBAL_UNCERTAINTY_ASSIGNED_CONTEXT ( ( #154 ) ) GLOBAL_UNIT_ASSIGNED_CONTEXT ( ( #4172, #2308, #4517 ) ) REPRESENTATION_CONTEXT ( 'NONE', 'WORKASPACE' ) );
#4663 = VECTOR ( 'NONE', #3175, 1000.000000000000000 ) ;
#4664 = ORIENTED_EDGE ( 'NONE', *, *, #1657, .T. ) ;
#4665 = FILL_AREA_STYLE ('',( #1694 ) ) ;
#4666 = VERTEX_POINT ( 'NONE', #1918 ) ;
#4667 = ORIENTED_EDGE ( 'NONE', *, *, #236, .F. ) ;
#4668 = LINE ( 'NONE', #3935, #4313 ) ;
#4669 = VECTOR ( 'NONE', #4648, 1000.000000000000000 ) ;
#4670 = ORIENTED_EDGE ( 'NONE', *, *, #899, .F. ) ;
#4671 = CARTESIAN_POINT ( 'NONE',  ( 4.925545874034078500, 1.970709794202959200, 0.2795119388087239400 ) ) ;
#4672 = CARTESIAN_POINT ( 'NONE',  ( 4.599999999999997900, -5.146255668237032000, 0.5000000000000000000 ) ) ;
#4673 = VECTOR ( 'NONE', #231, 1000.000000000000000 ) ;
#4674 = ORIENTED_EDGE ( 'NONE', *, *, #1022, .T. ) ;
#4675 = EDGE_CURVE ( 'NONE', #344, #1860, #1485, .T. ) ;
#4676 = ORIENTED_EDGE ( 'NONE', *, *, #1759, .F. ) ;
#4677 = ORIENTED_EDGE ( 'NONE', *, *, #1947, .F. ) ;
#4678 = ORIENTED_EDGE ( 'NONE', *, *, #4422, .T. ) ;
#4679 = LINE ( 'NONE', #1153, #2659 ) ;
#4680 = CARTESIAN_POINT ( 'NONE',  ( -4.450000000000001100, 1.989999999999999100, 0.4000000000000000200 ) ) ;
#4681 = DIRECTION ( 'NONE',  ( -3.469446951953611000E-015, 1.000000000000000000, -0.0000000000000000000 ) ) ;
#4682 = ORIENTED_EDGE ( 'NONE', *, *, #586, .T. ) ;
#4683 = EDGE_CURVE ( 'NONE', #2818, #3006, #2758, .T. ) ;
#4684 = ORIENTED_EDGE ( 'NONE', *, *, #533, .F. ) ;
#4685 = CARTESIAN_POINT ( 'NONE',  ( -4.950000000000000200, 5.190000000000000400, 0.0000000000000000000 ) ) ;
#4686 = ORIENTED_EDGE ( 'NONE', *, *, #939, .T. ) ;
#4687 = LINE ( 'NONE', #3458, #4330 ) ;
#4688 = EDGE_CURVE ( 'NONE', #3999, #3457, #385, .T. ) ;
#4689 = LINE ( 'NONE', #2092, #1279 ) ;
#4690 = VERTEX_POINT ( 'NONE', #3778 ) ;
#4691 = FACE_OUTER_BOUND ( 'NONE', #626, .T. ) ;
#4692 = DIRECTION ( 'NONE',  ( 0.0000000000000000000, 0.0000000000000000000, -1.000000000000000000 ) ) ;
#4693 = CARTESIAN_POINT ( 'NONE',  ( -3.969999999999998900, -5.540000000000045300, 0.1000000000000000100 ) ) ;
#4694 = LINE ( 'NONE', #3227, #1340 ) ;
#4695 = ORIENTED_EDGE ( 'NONE', *, *, #462, .F. ) ;
#4696 = PRESENTATION_LAYER_ASSIGNMENT (  '', '', ( #2972 ) ) ;
#4697 = ORIENTED_EDGE ( 'NONE', *, *, #4431, .F. ) ;
#4698 = CARTESIAN_POINT ( 'NONE',  ( -4.049999999999999800, -1.059999999999999400, 0.5000000000000000000 ) ) ;
#4699 = FACE_OUTER_BOUND ( 'NONE', #67, .T. ) ;
#4700 = CARTESIAN_POINT ( 'NONE',  ( 0.8300000000000008500, -5.540000000000000900, 0.1000000000000000100 ) ) ;
#4701 = LINE ( 'NONE', #394, #2979 ) ;
#4702 = ORIENTED_EDGE ( 'NONE', *, *, #1499, .T. ) ;
#4703 = ADVANCED_FACE ( 'NONE', ( #1645 ), #3744, .F. ) ;
#4704 = EDGE_CURVE ( 'NONE', #1313, #4444, #3001, .T. ) ;
#4705 = PLANE ( 'NONE',  #2742 ) ;
#4706 = DIRECTION ( 'NONE',  ( 0.0000000000000000000, 0.0000000000000000000, -1.000000000000000000 ) ) ;
#4707 = VERTEX_POINT ( 'NONE', #4141 ) ;
#4708 = CARTESIAN_POINT ( 'NONE',  ( 4.450000000000001100, -1.010000000000000500, 0.4000000000000000200 ) ) ;
#4709 = VERTEX_POINT ( 'NONE', #4158 ) ;
#4710 =( NAMED_UNIT ( * ) SI_UNIT ( $, .STERADIAN. ) SOLID_ANGLE_UNIT ( ) );
#4711 = PLANE ( 'NONE',  #1824 ) ;
#4712 = CARTESIAN_POINT ( 'NONE',  ( -1.000000000000000900, -4.639999999999997900, 0.5000000000000000000 ) ) ;
#4713 = LINE ( 'NONE', #2280, #2857 ) ;
#4714 =( GEOMETRIC_REPRESENTATION_CONTEXT ( 3 ) GLOBAL_UNCERTAINTY_ASSIGNED_CONTEXT ( ( #3807 ) ) GLOBAL_UNIT_ASSIGNED_CONTEXT ( ( #1071, #3595, #3664 ) ) REPRESENTATION_CONTEXT ( 'NONE', 'WORKASPACE' ) );
#4715 = CARTESIAN_POINT ( 'NONE',  ( 3.850000000000000500, 5.890000000000000600, 0.0000000000000000000 ) ) ;
#4716 = LINE ( 'NONE', #1896, #540 ) ;
#4717 = EDGE_CURVE ( 'NONE', #3444, #815, #1760, .T. ) ;
#4718 = VECTOR ( 'NONE', #2923, 1000.000000000000000 ) ;
#4719 = CARTESIAN_POINT ( 'NONE',  ( -0.2000000000000018200, -4.639999999999997900, 0.5000000000000000000 ) ) ;
#4720 = VECTOR ( 'NONE', #3288, 1000.000000000000000 ) ;
#4721 = CARTESIAN_POINT ( 'NONE',  ( -2.600000000000001400, -4.190000000000000400, 0.5000000000000000000 ) ) ;
#4722 = VERTEX_POINT ( 'NONE', #1530 ) ;
#4723 = VECTOR ( 'NONE', #2712, 1000.000000000000000 ) ;
#4724 = ADVANCED_FACE ( 'NONE', ( #51 ), #3402, .T. ) ;
#4725 = LINE ( 'NONE', #2957, #4148 ) ;
#4726 = VECTOR ( 'NONE', #3787, 1000.000000000000000 ) ;
#4727 = ORIENTED_EDGE ( 'NONE', *, *, #2061, .F. ) ;
#4728 = CARTESIAN_POINT ( 'NONE',  ( 3.230000000000001300, -5.539999999999977800, 0.1000000000000000100 ) ) ;
#4729 = DIRECTION ( 'NONE',  ( 1.000000000000000000, 0.0000000000000000000, 0.0000000000000000000 ) ) ;
#4730 = ORIENTED_EDGE ( 'NONE', *, *, #586, .F. ) ;
#4731 = DIRECTION ( 'NONE',  ( -1.000000000000000000, -3.469446951953611000E-015, 0.0000000000000000000 ) ) ;
#4732 = CARTESIAN_POINT ( 'NONE',  ( -3.600000000000000100, -3.352098010931654400E-014, 0.1000000000000000100 ) ) ;
#4733 = ORIENTED_EDGE ( 'NONE', *, *, #3314, .T. ) ;
#4734 = EDGE_CURVE ( 'NONE', #4464, #2358, #1998, .T. ) ;
#4735 = COLOUR_RGB ( '',1.000000000000000000, 1.000000000000000000, 1.000000000000000000 ) ;
#4736 = ORIENTED_EDGE ( 'NONE', *, *, #2749, .T. ) ;
#4737 = DIRECTION ( 'NONE',  ( 7.542275982507857100E-016, -1.000000000000000000, -0.0000000000000000000 ) ) ;
#4738 = EDGE_CURVE ( 'NONE', #56, #1719, #3961, .T. ) ;
#4739 = DIRECTION ( 'NONE',  ( 1.000000000000000000, 0.0000000000000000000, 0.0000000000000000000 ) ) ;
#4740 = DIRECTION ( 'NONE',  ( 0.0000000000000000000, 0.0000000000000000000, 1.000000000000000000 ) ) ;
#4741 = VERTEX_POINT ( 'NONE', #4127 ) ;
#4742 = VERTEX_POINT ( 'NONE', #4508 ) ;
#4743 = LINE ( 'NONE', #3205, #4386 ) ;
#4744 = CARTESIAN_POINT ( 'NONE',  ( 0.0000000000000000000, 0.0000000000000000000, 0.0000000000000000000 ) ) ;
#4745 = ORIENTED_EDGE ( 'NONE', *, *, #2099, .F. ) ;
#4746 = CARTESIAN_POINT ( 'NONE',  ( -3.800000000000002000, -4.189999999999999500, 0.0000000000000000000 ) ) ;
#4747 = VECTOR ( 'NONE', #4083, 1000.000000000000000 ) ;
#4748 = EDGE_CURVE ( 'NONE', #1637, #4359, #2513, .T. ) ;
#4749 = PLANE ( 'NONE',  #2688 ) ;
#4750 = DIRECTION ( 'NONE',  ( 1.000000000000000000, -1.409462824231158400E-014, 0.0000000000000000000 ) ) ;
#4751 = DIRECTION ( 'NONE',  ( 0.0000000000000000000, 1.000000000000000000, -0.0000000000000000000 ) ) ;
#4752 = LINE ( 'NONE', #1821, #2021 ) ;
#4753 = ORIENTED_EDGE ( 'NONE', *, *, #3093, .T. ) ;
#4754 = EDGE_CURVE ( 'NONE', #597, #2411, #4362, .T. ) ;
#4755 = ADVANCED_FACE ( 'NONE', ( #3858 ), #1289, .F. ) ;
#4756 = LINE ( 'NONE', #2826, #1623 ) ;
#4757 = DIRECTION ( 'NONE',  ( 8.356086107788089300E-017, -1.000000000000000000, -0.0000000000000000000 ) ) ;
#4758 = PLANE ( 'NONE',  #3815 ) ;
#4759 = VECTOR ( 'NONE', #779, 1000.000000000000000 ) ;
#4760 = AXIS2_PLACEMENT_3D ( 'NONE', #4056, #333, #2264 ) ;
#4761 = DIRECTION ( 'NONE',  ( 8.131516293641294100E-016, -1.000000000000000000, -0.0000000000000000000 ) ) ;
#4762 = PLANE ( 'NONE',  #2978 ) ;
#4763 = DIRECTION ( 'NONE',  ( -1.885568995626964300E-016, 1.000000000000000000, -0.0000000000000000000 ) ) ;
#4764 = EDGE_LOOP ( 'NONE', ( #3711, #477, #2960, #946 ) ) ;
#4765 = DIRECTION ( 'NONE',  ( -0.0000000000000000000, -0.0000000000000000000, -1.000000000000000000 ) ) ;
#4766 = DIRECTION ( 'NONE',  ( 0.0000000000000000000, 1.000000000000000000, 0.0000000000000000000 ) ) ;
#4767 = DIRECTION ( 'NONE',  ( 0.0000000000000000000, 1.000000000000000000, 0.0000000000000000000 ) ) ;
#4768 = STYLED_ITEM ( 'NONE', ( #2255 ), #53 ) ;
#4769 = ORIENTED_EDGE ( 'NONE', *, *, #1834, .T. ) ;
#4770 = CARTESIAN_POINT ( 'NONE',  ( 0.1999999999999987900, -5.789999999999998300, -0.0000000000000000000 ) ) ;
#4771 = EDGE_CURVE ( 'NONE', #1685, #3014, #499, .T. ) ;
#4772 = DIRECTION ( 'NONE',  ( -1.000000000000000000, -0.0000000000000000000, 0.0000000000000000000 ) ) ;
#4773 = CARTESIAN_POINT ( 'NONE',  ( -4.049999999999999800, -1.059999999999999400, 0.0000000000000000000 ) ) ;
#4774 = ADVANCED_FACE ( 'NONE', ( #2867 ), #4567, .T. ) ;
#4775 = CARTESIAN_POINT ( 'NONE',  ( 2.769999999999999100, -5.539999999999977800, 0.0000000000000000000 ) ) ;
#4776 = DIRECTION ( 'NONE',  ( 0.0000000000000000000, -0.0000000000000000000, 1.000000000000000000 ) ) ;
#4777 = LINE ( 'NONE', #1580, #4302 ) ;
#4778 = DIRECTION ( 'NONE',  ( 0.0000000000000000000, 1.000000000000000000, 0.0000000000000000000 ) ) ;
#4779 = ORIENTED_EDGE ( 'NONE', *, *, #46, .T. ) ;
#4780 = VERTEX_POINT ( 'NONE', #2373 ) ;
#4781 = CARTESIAN_POINT ( 'NONE',  ( -3.800000000000000300, -5.146255668237032000, 0.5000000000000000000 ) ) ;
#4782 = VECTOR ( 'NONE', #323, 1000.000000000000000 ) ;
#4783 = LINE ( 'NONE', #3959, #2807 ) ;
#4784 = VERTEX_POINT ( 'NONE', #4549 ) ;
#4785 = ORIENTED_EDGE ( 'NONE', *, *, #1187, .T. ) ;
#4786 = CARTESIAN_POINT ( 'NONE',  ( -1.000000000000000900, -4.639999999999997900, 0.5000000000000000000 ) ) ;
#4787 = PLANE ( 'NONE',  #449 ) ;
#4788 = VECTOR ( 'NONE', #957, 1000.000000000000000 ) ;
#4789 = ORIENTED_EDGE ( 'NONE', *, *, #4088, .F. ) ;
#4790 = VERTEX_POINT ( 'NONE', #2747 ) ;
#4791 = CARTESIAN_POINT ( 'NONE',  ( -0.8300000000000008500, -5.540000000000011600, 0.0000000000000000000 ) ) ;
#4792 = LINE ( 'NONE', #3454, #330 ) ;
#4793 = DIRECTION ( 'NONE',  ( 2.168404344971012800E-015, 1.000000000000000000, 0.0000000000000000000 ) ) ;
#4794 = DIRECTION ( 'NONE',  ( 0.0000000000000000000, 0.0000000000000000000, -1.000000000000000000 ) ) ;
#4795 = ORIENTED_EDGE ( 'NONE', *, *, #1786, .F. ) ;
#4796 = ORIENTED_EDGE ( 'NONE', *, *, #3489, .F. ) ;
#4797 = CARTESIAN_POINT ( 'NONE',  ( 4.450000000000001100, 1.989999999999999100, 0.5000000000000000000 ) ) ;
#4798 = DIRECTION ( 'NONE',  ( 0.0000000000000000000, 0.0000000000000000000, -1.000000000000000000 ) ) ;
#4799 = ORIENTED_EDGE ( 'NONE', *, *, #2325, .F. ) ;
#4800 = CARTESIAN_POINT ( 'NONE',  ( -2.600000000000001400, -4.190000000000000400, 0.5000000000000000000 ) ) ;
#4801 = EDGE_LOOP ( 'NONE', ( #4304, #4568, #1941, #2594, #180, #3448, #730, #1259 ) ) ;
#4802 = FACE_OUTER_BOUND ( 'NONE', #993, .T. ) ;
#4803 = ORIENTED_EDGE ( 'NONE', *, *, #1167, .F. ) ;
#4804 = EDGE_CURVE ( 'NONE', #2243, #3769, #255, .T. ) ;
ENDSEC;
END-ISO-10303-21;
